file,event,label,e_mev,length,n_tpcs,purity,foreign,hint,dom_t0,top_foreign,vp_merged
flow0000001,0,7,764.5218071043491,496.38138565270833,5,0.9825924051779529,13.308485850691795,mixed/absorbed,512.5955103187305,g14:13MeV(t0 274),
flow0000001,0,9,413.0805556997657,278.6475480017013,3,0.9835810665565752,6.782342150807381,mixed/absorbed,53.14233117753067,g15:7MeV(t0 281),
flow0000001,0,28,230.66014475375414,125.47975709398693,2,0.9172020074858508,19.09819693863392,mixed/absorbed,53.9772315477377,g12:19MeV(t0 253),yes
flow0000001,0,36,774.9512784257531,496.41505661699375,5,0.947650768283119,40.56810404360294,mixed/absorbed,484.01749016115207,g40:30MeV(t0 562),
flow0000001,0,41,41.72888062894344,26.2996081415398,1,0.841015155178483,6.634259611368179,mixed/absorbed,411.97950872756144,g31:7MeV(t0 483),
flow0000001,0,45,816.6182201206684,505.2522179898522,5,0.9567436667545699,35.32390986382961,mixed/absorbed,24.754927183378726,g10:35MeV(t0 223),
flow0000001,0,48,456.29344418644905,297.5367159030251,4,0.9688196395694076,14.227394051849842,mixed/absorbed,224.64773657946594,g1:14MeV(t0 34),
flow0000001,0,60,78.17614739388227,25.216261964050616,1,0.84388799403003,12.204235188663006,mixed/absorbed,562.247475002123,g43:12MeV(t0 595),
flow0000001,0,76,191.20982421189547,76.26951563410745,1,0.9483574564455952,9.874561674892902,mixed/absorbed,224.09529986134564,g6:10MeV(t0 145),
flow0000001,0,114,875.5009555593133,496.73504616696766,5,0.9898983160436671,8.84403395652771,mixed/absorbed,142.82377233679964,g2:9MeV(t0 61),yes
flow0000001,0,119,582.4722419753671,395.5189380062974,4,0.9893056156911387,6.229182004928589,mixed/absorbed,292.9312325488475,g8:6MeV(t0 193),
flow0000001,0,124,388.04010370373726,291.6926975608316,3,0.9752609765283923,9.599733233451843,mixed/absorbed,581.6024541810501,g6:6MeV(t0 145),
flow0000001,0,148,777.1097801625729,472.4030327267857,5,0.9798570464900531,15.653286173939705,mixed/absorbed,387.11080909653464,g8:16MeV(t0 193),
flow0000001,0,155,103.42789373546839,46.888543279832774,1,0.8636468596810833,14.102718107402325,mixed/absorbed,193.08612867714703,g25:13MeV(t0 407),
flow0000001,0,168,629.5779517889023,473.7690161226442,5,0.7969271044797214,127.85021762549877,bad-stitch?(tpc68),68.96401056719135,g1:128MeV(t0 34),
flow0000001,1,6,777.6662874296308,502.755407179818,5,0.9916887134245185,6.463407374918461,mixed/absorbed,97.63562057500701,g0:6MeV(t0 3),
flow0000001,1,22,66.3343169465661,31.434799098814153,1,0.817005845909955,12.138792216777802,mixed/absorbed,578.3719289494657,g67:12MeV(t0 1018),
flow0000001,1,33,106.40817417949438,36.04611629623892,1,0.8011695781815531,21.157182157039642,mixed/absorbed,619.0995235443115,g62:19MeV(t0 890),
flow0000001,1,38,420.5400870516896,253.77163645698843,5,0.890901511293546,45.88028793781996,mixed/absorbed,349.8400963882557,g14:46MeV(t0 154),
flow0000001,1,39,108.02291166782379,21.972931281077713,1,0.8538046070171121,15.792452022433281,mixed/absorbed,588.2039414178757,g59:16MeV(t0 746),
flow0000001,1,43,263.37429957836866,169.68521374586615,2,0.9512479570014133,12.840035177767277,mixed/absorbed,491.0968797352392,g40:13MeV(t0 481),
flow0000001,1,111,351.2619593143463,262.0743064196141,3,0.9828329078623468,6.030146420001984,mixed/absorbed,92.93873581154897,g49:6MeV(t0 585),
flow0000001,1,118,101.61794099211693,38.16484044980328,1,0.8306598809753889,17.20799422264099,mixed/absorbed,321.1860777346674,g49:17MeV(t0 585),
flow0000001,1,128,72.11781820654869,32.218658846888665,1,0.8562858778753298,10.3643489331007,mixed/absorbed,581.271729186341,g66:10MeV(t0 1003),
flow0000001,10,23,90.6539381891489,38.592858978333126,1,0.7973906270760015,18.367337569594383,mixed/absorbed,70.79728465319768,g11:18MeV(t0 127),
flow0000001,10,52,248.4752787053585,166.34651272776813,2,0.9671181054989066,8.170337900519371,mixed/absorbed,237.20794333300543,g22:8MeV(t0 249),
flow0000001,10,55,223.70981635153294,167.94661679664893,2,0.8925179370207419,24.04479257017374,mixed/absorbed,249.48341574808913,g31:24MeV(t0 348),
flow0000001,10,66,106.78968553245068,24.555339822261786,1,0.9221493757794007,8.313643679022789,mixed/absorbed,224.33677125372282,g14:8MeV(t0 162),
flow0000001,10,74,206.12317512184381,40.81238259848541,1,0.9655182535230266,7.107487067580223,mixed/absorbed,170.43499525649403,g19:7MeV(t0 217),yes
flow0000001,10,79,398.9173234850168,57.555053346214805,1,0.9218233092781333,31.186036221683025,mixed/absorbed,217.27864851031387,g37:31MeV(t0 404),
flow0000001,11,17,629.5718981921673,365.65124128263096,6,0.9848154487249823,9.55976676940918,mixed/absorbed,330.8178760271616,g7:9MeV(t0 116),yes
flow0000001,11,37,114.73806039243937,47.836976818834984,1,0.8252702296507324,20.048154942691326,mixed/absorbed,441.4614395966401,g35:20MeV(t0 428),
flow0000001,11,62,199.85689337551594,92.90396675123324,1,0.965198775953367,6.955264523625374,mixed/absorbed,164.5927861483862,g3:7MeV(t0 54),
flow0000001,11,86,983.019906245172,524.5499833863987,6,0.559083389167309,433.42980544269085,mixed/absorbed,480.97202477838744,g12:429MeV(t0 168),
flow0000001,11,91,916.7647295668721,499.4641172904395,6,0.906856715893606,85.3904776647687,bad-stitch?(tpc41),272.99917610270626,g5:85MeV(t0 79),
flow0000001,11,95,496.1458157747984,392.41677641579497,5,0.9481644997671976,25.71796654909849,bad-stitch?(tpc58),160.10449534550858,g22:25MeV(t0 273),
flow0000001,11,101,150.81257262825966,68.91204290767135,1,0.8366237491278689,24.639192700386047,mixed/absorbed,470.187261076055,g40:25MeV(t0 516),
flow0000001,11,114,70.45356080681086,25.372329490369932,1,0.7026542067604424,20.949069924652576,mixed/absorbed,252.1855995081648,g21:21MeV(t0 262),
flow0000001,12,9,1522.0674897432327,498.81569602059113,6,0.5168289550530206,735.3566993623972,mixed/absorbed,348.29034484444475,g55:687MeV(t0 617),
flow0000001,12,16,366.71015603095293,262.3101472045712,5,0.9776352317792861,8.201387643814087,mixed/absorbed,457.0429689515312,g17:8MeV(t0 177),
flow0000001,12,29,433.21978191286325,219.24159171612067,4,0.947861997459587,22.587214089930058,mixed/absorbed,572.714013541202,g68:20MeV(t0 804),yes
flow0000001,12,40,590.2516752183437,460.4824891000462,5,0.9909286490015694,5.354380123317242,mixed/absorbed,179.18776570819844,g40:3MeV(t0 457),
flow0000001,12,44,718.5697034597397,446.69702558850173,5,0.9892038634277163,7.757776655256748,mixed/absorbed,168.93778153503834,g32:8MeV(t0 364),
flow0000001,12,57,55.64148007333279,29.795243294784402,1,0.6365340386752656,20.223784044384956,mixed/absorbed,178.9708717687806,g12:16MeV(t0 138),
flow0000001,12,87,207.88089814037085,74.46393177772583,2,0.9544804871777466,9.462637208402157,mixed/absorbed,490.1655887786998,g44:9MeV(t0 503),
flow0000001,12,131,219.75011852383614,158.62555970120889,3,0.947999119325642,11.427199691534042,mixed/absorbed,540.7459495298324,g29:11MeV(t0 301),
flow0000001,12,171,68.8775159791112,30.260284330121912,1,0.6690963276858555,22.791822977364063,mixed/absorbed,503.4549579472505,g50:21MeV(t0 571),
flow0000001,12,179,78.28967768698931,30.65940103762143,1,0.848003072849449,11.899790436029434,mixed/absorbed,282.8114368628103,g43:12MeV(t0 489),
flow0000001,2,27,92.68537671864033,41.31269242280434,1,0.7434743756803024,23.776174128055573,mixed/absorbed,601.9069678896949,g45:24MeV(t0 609),
flow0000001,2,83,201.05429016798735,79.77635640595,2,0.8857720532865815,22.966018743813038,mixed/absorbed,216.06603046492035,g21:23MeV(t0 319),yes
flow0000001,2,93,178.7113346606493,84.43957279390048,2,0.8468027544837647,27.37808421254158,mixed/absorbed,29.864631098602455,g16:27MeV(t0 215),yes
flow0000001,2,116,176.43787037581205,93.42539210446752,1,0.9439985780350539,9.88077162951231,mixed/absorbed,80.954932153005,g5:10MeV(t0 87),yes
flow0000001,2,136,162.35378174483776,76.33560085189438,1,0.9438628055937716,9.11408580839634,mixed/absorbed,192.27647803191837,g18:9MeV(t0 232),yes
flow0000001,2,149,111.7049144282937,55.49380082888156,2,0.9317414019135685,7.624820858240128,mixed/absorbed,215.3083134364415,g24:8MeV(t0 352),yes
flow0000001,3,11,794.235130392015,507.1885894527652,5,0.9812991853585875,14.852843955159187,mixed/absorbed,200.61296451006723,g6:13MeV(t0 69),
flow0000001,3,29,167.13780514150858,88.34784323429324,1,0.8487689496124508,25.27642583101988,mixed/absorbed,317.7287187114515,g35:25MeV(t0 432),yes
flow0000001,3,34,81.9358534887433,30.804341525181393,1,0.750435308265214,20.448296017944813,mixed/absorbed,317.6727523803711,g41:20MeV(t0 498),
flow0000001,3,45,482.52762438356876,306.0506543383266,4,0.9768219330598281,11.184057578444481,mixed/absorbed,310.43687749607943,g47:11MeV(t0 590),
flow0000001,3,89,678.3694127574563,485.73427264538645,8,0.9485204150965681,34.9221757799387,mixed/absorbed,61.32347027949182,g22:27MeV(t0 266),
flow0000001,3,101,78.96114382892847,24.778816682736995,1,0.6957398450634296,24.0247298553586,mixed/absorbed,227.85689562017268,g4:24MeV(t0 43),
flow0000001,3,114,705.1457772254944,496.980672998843,6,0.985193446779103,10.440778478980064,mixed/absorbed,375.41471916992595,g47:6MeV(t0 590),
flow0000001,4,47,75.24570413678885,27.42534885012308,1,0.7116940721799995,21.693782545626163,mixed/absorbed,268.58665438051577,g33:22MeV(t0 364),
flow0000001,5,15,178.85878083854914,42.01758979748004,1,0.934589057639501,11.699321404099464,mixed/absorbed,252.85270378726653,g34:12MeV(t0 367),
flow0000001,5,17,394.5321709960699,277.081217359742,3,0.9374906163363873,24.6619628444314,mixed/absorbed,156.40611816713732,g58:25MeV(t0 619),
flow0000001,5,20,345.8295563235879,251.91198607306237,2,0.9853299359916198,5.073341727256775,mixed/absorbed,271.0184808859159,g31:5MeV(t0 325),
flow0000001,5,24,363.06779984384775,236.86486172432978,4,0.9752347086885125,8.991479828953743,mixed/absorbed,304.1573530585219,g33:9MeV(t0 351),
flow0000001,5,72,255.02164237946272,163.6869597621959,3,0.9348354491942273,16.61837077140808,mixed/absorbed,424.16506980250944,g42:17MeV(t0 472),yes
flow0000001,6,15,779.8660276383162,504.37794768986964,6,0.9371429002265667,49.020116709172726,mixed/absorbed,327.4745363712121,g16:49MeV(t0 218),
flow0000001,6,17,69.6838489472866,21.68867917636819,1,0.6597293579135385,23.711368024349213,mixed/absorbed,41.8604850769043,g25:24MeV(t0 308),
flow0000001,6,29,63.00006880611181,24.36677514895089,1,0.9049835964891275,5.986039958894253,mixed/absorbed,218.64482648032052,g22:6MeV(t0 281),
flow0000001,6,35,218.20002750307322,105.88677678898756,2,0.892013539486597,23.56264865398407,mixed/absorbed,591.6492883227393,g55:17MeV(t0 668),
flow0000001,6,98,83.18691299110651,42.09560563752112,1,0.9077037036599565,7.677843973040581,mixed/absorbed,616.7451072225765,g55:8MeV(t0 668),
flow0000001,7,11,521.4021782204509,320.0546948927198,4,0.9895035992586725,5.472846210002899,mixed/absorbed,404.42051264230247,g12:5MeV(t0 112),
flow0000001,7,16,98.75596620887518,45.069413504858275,1,0.9132284780935674,8.569205485284328,mixed/absorbed,110.26590077150533,g39:9MeV(t0 401),
flow0000001,7,42,133.58754266798496,51.9214338321721,1,0.5235593275481105,63.64653865993023,mixed/absorbed,133.8028626949229,g18:64MeV(t0 168),
flow0000001,7,49,629.1665041819215,402.7507883714446,4,0.9122019605123968,55.23958557844162,mixed/absorbed,470.55079267638564,g54:35MeV(t0 569),
flow0000001,7,51,586.7575617581606,387.68894544309796,4,0.9673563191774635,19.15392656624317,mixed/absorbed,85.41440240150075,g54:19MeV(t0 569),yes
flow0000001,7,57,192.54113717377186,136.3207399959726,2,0.9436236169843646,10.85477289557457,mixed/absorbed,489.67443495347237,g54:11MeV(t0 569),
flow0000001,7,71,262.83610544353724,131.1168667334855,2,0.8433176815079602,41.181770384311676,mixed/absorbed,568.1040457782244,g15:22MeV(t0 134),yes
flow0000001,7,75,305.7921585291624,72.42931333131767,1,0.6166616347619603,117.2218661531806,mixed/absorbed,568.0395301418753,g47:99MeV(t0 489),
flow0000001,7,119,59.77091384679079,25.795896011713914,1,0.5502346912773922,26.88288351893425,mixed/absorbed,555.0640289306641,g51:27MeV(t0 532),
flow0000001,7,157,111.82035403698683,38.29748396861423,1,0.8132081536763999,20.8871303871274,mixed/absorbed,36.97262432213986,g7:21MeV(t0 64),
flow0000001,8,14,106.48953977972269,48.99361144390416,1,0.7689268860175327,24.60686956346035,mixed/absorbed,556.2255498414398,g54:25MeV(t0 592),
flow0000001,8,27,395.3348437547684,250.74239299001596,3,0.9616229658722821,15.171778790652752,mixed/absorbed,249.57289244157994,g20:11MeV(t0 224),
flow0000001,8,69,177.3512051180005,99.08958884440702,1,0.9352217387191522,11.488502703607082,mixed/absorbed,474.7181773330226,g50:6MeV(t0 556),
flow0000001,8,80,105.21746388822794,55.06896762397413,1,0.9515598639779222,5.096748262643814,mixed/absorbed,256.4697814335097,g48:5MeV(t0 520),
flow0000001,9,98,681.4570195674896,450.08663840821384,6,0.9840338436700453,10.880249306559563,mixed/absorbed,248.29851469457304,g40:11MeV(t0 468),
flow0000001,9,102,90.63785535097122,34.2311126683645,1,0.7458957776111551,23.031461752951145,mixed/absorbed,107.87271289436184,g49:22MeV(t0 588),
flow0000001,9,115,769.418247140944,499.45809596891564,5,0.9868806111524543,10.094297170639038,mixed/absorbed,15.917864303242077,g40:10MeV(t0 468),
flow0000002,0,70,730.1113926321268,497.8255997470045,5,0.9800898659693249,14.536615684628487,mixed/absorbed,83.96817737268864,g5:14MeV(t0 74),
flow0000002,1,68,586.3849659562111,377.395994949684,4,0.9750688434601953,14.619255378842354,mixed/absorbed,517.4500167779461,g40:15MeV(t0 465),
flow0000002,1,77,208.79200691729784,101.71755624911677,1,0.9709869501723816,6.057692900300026,mixed/absorbed,84.47210488295515,g40:6MeV(t0 465),yes
flow0000002,1,103,304.9617809280753,102.00981259311052,1,0.9200050115963443,24.395414128899574,mixed/absorbed,21.92195476526617,g22:24MeV(t0 251),yes
flow0000002,1,141,98.74290979653597,33.162052824833374,1,0.5985586965394131,39.63948241621256,mixed/absorbed,457.01701092568175,g41:40MeV(t0 499),
flow0000002,1,142,294.36941710859537,70.97183683713119,1,0.9811437306273431,5.550709024071693,mixed/absorbed,457.15825087897286,g52:6MeV(t0 608),
flow0000002,1,143,409.4151129052043,195.34379335367794,3,0.6634018346627837,137.80837586522102,mixed/absorbed,457.23308120579713,g42:138MeV(t0 517),
flow0000002,1,157,268.7896622940898,154.6402320241864,2,0.5596146842408558,118.37102030217648,bad-stitch?(tpc64),238.7098466030387,g45:118MeV(t0 549),
flow0000002,1,165,132.49762131273746,64.93973110719898,1,0.8769988041099623,16.297365874052048,mixed/absorbed,238.67998986105317,g45:16MeV(t0 549),yes
flow0000002,10,15,56.07394413650036,25.41944467143832,1,0.729469561972346,15.169708669185638,mixed/absorbed,143.42450190772695,g12:15MeV(t0 151),
flow0000002,10,18,71.7630568370223,27.14761390596611,1,0.8613443314794671,9.950354620814323,mixed/absorbed,18.021270359887016,g18:10MeV(t0 226),
flow0000002,10,27,222.01864649355412,81.09442548210731,1,0.9371250459913818,13.959412187337875,mixed/absorbed,171.98710143514526,g22:14MeV(t0 256),yes
flow0000002,10,33,129.2436264678836,53.22270228697337,1,0.8365082069463067,21.13027223199606,mixed/absorbed,317.9491841443974,g34:21MeV(t0 394),
flow0000002,10,45,426.8463448807597,315.49226503749776,3,0.973170581052174,11.452039413154125,mixed/absorbed,487.799830278848,g45:11MeV(t0 515),yes
flow0000002,10,101,690.3899066671729,459.88997575055953,5,0.9855594339069819,9.969621077179909,mixed/absorbed,619.5499650175649,g4:10MeV(t0 62),
flow0000002,10,102,537.0014879181981,335.00127181061816,3,0.9541669000696207,24.61244285851717,mixed/absorbed,469.02550864138107,g3:24MeV(t0 52),yes
flow0000002,11,59,124.87726055830717,82.52869073240439,1,0.9526052462983081,5.918527007102966,mixed/absorbed,453.62044241559875,g38:6MeV(t0 462),
flow0000002,11,100,123.6650510802865,48.03650644476291,1,0.8072647831248382,23.83461043983698,mixed/absorbed,334.185681398674,g34:24MeV(t0 404),
flow0000002,11,114,80.89226952940226,24.113127127094295,1,0.9011172660549336,7.998848766088486,mixed/absorbed,293.291858561988,g31:8MeV(t0 334),
flow0000002,11,147,86.1675131097436,44.056893475592474,1,0.907882386117468,7.9375457018613815,mixed/absorbed,485.60883849344134,g43:8MeV(t0 516),
flow0000002,12,32,91.13592229783535,32.595231563291065,1,0.6572029060693272,31.24112931638956,mixed/absorbed,360.414310758076,g47:31MeV(t0 527),
flow0000002,12,37,201.34169924259186,47.4834469375932,1,0.948564708132553,10.356069065630436,mixed/absorbed,175.33094221545804,g39:10MeV(t0 409),
flow0000002,12,54,421.6844678670168,247.036102594822,3,0.7087304487393029,122.82384572923183,bad-stitch?(tpc25),109.39448569944999,g45:123MeV(t0 483),
flow0000002,12,86,731.6168934851885,498.6609396480811,7,0.5274475796924716,345.72733375430107,mixed/absorbed,123.04003939539433,g11:331MeV(t0 139),
flow0000002,12,91,201.37084132432938,138.76626734598463,2,0.9697500924406104,6.091449335217476,mixed/absorbed,148.0963723815744,g2:6MeV(t0 31),
flow0000002,12,102,152.34578453749418,48.674555764817875,2,0.5601866265457204,67.00371342897415,bad-stitch?(tpc40),594.089932011623,g16:67MeV(t0 200),
flow0000002,12,104,812.1117223724723,246.12426767363883,3,0.7646823055892794,191.1042581126094,bad-stitch?(tpc45),590.4677130435535,g16:191MeV(t0 200),
flow0000002,12,105,306.6018417701125,197.19341752155174,2,0.9831294516083059,5.172541208565235,mixed/absorbed,487.8361035092339,g16:5MeV(t0 200),
flow0000002,12,106,535.6077584698796,348.33850316671476,4,0.9905472022802881,5.062991797924042,mixed/absorbed,161.67335462812787,g55:5MeV(t0 591),
flow0000002,12,109,95.69352328032255,47.017478670941784,1,0.9160590503875946,8.032605215907097,mixed/absorbed,197.87004601777488,g32:8MeV(t0 344),
flow0000002,12,148,385.4145824983716,222.64556506372452,3,0.9558113976495167,17.03093172609806,mixed/absorbed,479.6508153041947,g55:17MeV(t0 591),
flow0000002,12,163,260.1182276159525,44.37144989816727,1,0.5640453854525507,113.39974165707827,mixed/absorbed,172.7526097926296,g36:113MeV(t0 375),
flow0000002,2,96,162.99244555085897,33.5297595146196,1,0.9077369132232781,15.038186147809029,mixed/absorbed,362.5402625964002,g46:15MeV(t0 535),
flow0000002,2,100,709.0107364207506,505.5337913155894,6,0.991655335154077,5.916456967592239,mixed/absorbed,443.1089013667131,g24:6MeV(t0 281),
flow0000002,2,117,204.97449898719788,31.83047813737535,1,0.9608318828139117,8.028465196490288,mixed/absorbed,278.76382770302854,g40:8MeV(t0 443),
flow0000002,3,8,90.51413574814796,39.07240486328088,1,0.654429382964511,31.279025740921497,mixed/absorbed,542.3089371530633,g47:31MeV(t0 512),
flow0000002,3,19,468.1424420699477,304.17203538079843,3,0.9694190437562777,14.316243536770344,mixed/absorbed,622.326824974768,g61:14MeV(t0 678),yes
flow0000002,3,39,41.26377349346876,24.588763799159736,1,0.8280557835029824,7.095067203044891,mixed/absorbed,218.44098309389094,g1:7MeV(t0 13),
flow0000002,3,43,718.4787829890847,505.26393141048527,6,0.9899398239711504,7.228023029863834,mixed/absorbed,431.01342132116724,g55:7MeV(t0 602),
flow0000002,3,76,220.53416099399328,159.43757606087922,2,0.8557150248091232,31.81976594775915,mixed/absorbed,150.25685823285903,g26:31MeV(t0 301),
flow0000002,3,97,171.43633856624365,53.403936883901856,1,0.757581723706678,41.55930168926716,mixed/absorbed,558.4824687110054,g42:42MeV(t0 452),
flow0000002,3,111,239.21120038628578,170.5093141557357,2,0.9281614429281033,17.184587471187115,mixed/absorbed,150.86300830394214,g42:17MeV(t0 452),
flow0000002,3,118,789.1767626851797,495.23848699691354,6,0.971144918515237,22.771759793162346,mixed/absorbed,128.2657210664155,g47:23MeV(t0 512),
flow0000002,3,126,141.58686766773462,55.07648527299407,1,0.7837484039024224,30.61838611960411,mixed/absorbed,451.0832011601696,g62:31MeV(t0 717),
flow0000002,3,134,138.0583639666438,66.35458402076773,1,0.6999106181958493,41.42984909564257,mixed/absorbed,512.0148772345649,g12:41MeV(t0 128),
flow0000002,4,6,111.04427490383387,26.881418291946776,1,0.8125106642016504,20.819617345929146,mixed/absorbed,29.749948695554572,g16:21MeV(t0 188),
flow0000002,4,17,445.03407100588083,276.44825142354864,3,0.7337321997159444,118.49824313819408,bad-stitch?(tpc19),563.7148622845291,g7:118MeV(t0 66),
flow0000002,4,47,75.09220825135708,29.243613316012627,1,0.6551484317383645,25.895665779709816,mixed/absorbed,390.36770256198184,g36:26MeV(t0 415),
flow0000002,4,65,387.71113604307175,234.13686073400288,3,0.9828549769826718,6.647316351532936,mixed/absorbed,579.0857644563938,g1:6MeV(t0 28),
flow0000002,4,72,673.2314323708415,498.3415002532278,5,0.9887991742175667,7.540747985243797,mixed/absorbed,598.5698520391935,g33:8MeV(t0 376),
flow0000002,4,90,107.53599043935537,62.64991818397064,1,0.9232212345301712,8.25648058950901,mixed/absorbed,363.77347509579965,g45:8MeV(t0 521),
flow0000002,4,110,148.02973456680775,70.4210927938174,1,0.651873572143031,51.53306271135807,mixed/absorbed,364.10533614514986,g13:52MeV(t0 151),
flow0000002,5,4,161.1426891312003,79.77464040779043,1,0.9159414681445932,13.545417867600918,mixed/absorbed,558.2323715873387,g51:14MeV(t0 576),
flow0000002,5,10,88.37458071857691,43.75391073500039,1,0.9325768414583834,5.9584933668375015,mixed/absorbed,147.7554459791917,g17:6MeV(t0 190),
flow0000002,5,16,246.79589508473873,156.63131159512574,2,0.9753430284421566,6.085239365696907,mixed/absorbed,29.50665280879923,g55:6MeV(t0 616),
flow0000002,5,17,202.17096330970526,137.77139344077284,2,0.9563192587861433,8.830977529287338,mixed/absorbed,608.4824434937127,g2:9MeV(t0 30),yes
flow0000002,5,26,74.33730586618185,30.800845370490933,1,0.8328703112931984,12.42397078871727,mixed/absorbed,338.67615994540125,g45:12MeV(t0 506),
flow0000002,5,49,95.084473349154,42.057637463881036,1,0.9292933012226882,6.723109215497971,mixed/absorbed,363.78940725925077,g26:7MeV(t0 297),
flow0000002,5,61,709.0432151854038,397.22401266257543,4,0.9523075403916513,33.816014900803566,mixed/absorbed,396.1775788418541,g46:33MeV(t0 529),yes
flow0000002,6,15,108.46429290622473,42.987721341615654,1,0.8257127992866089,18.903937987983227,mixed/absorbed,349.43536205291747,g36:19MeV(t0 482),
flow0000002,6,22,338.3045715242624,234.8100694655069,4,0.9742385446563567,8.715218111872673,mixed/absorbed,19.3451879868485,g21:9MeV(t0 256),
flow0000002,6,38,812.5709453970194,500.4059380579504,6,0.9933402207932415,5.41154308617115,mixed/absorbed,190.96554451860217,g24:5MeV(t0 281),
flow0000002,6,56,322.4648229405284,57.88384702323751,1,0.9782536663562412,7.012427628040314,mixed/absorbed,406.21235239365524,g10:7MeV(t0 116),
flow0000002,6,64,106.2115281149745,51.71181187706718,1,0.9277897220751128,7.669563964009285,mixed/absorbed,181.6183621406555,g22:8MeV(t0 267),
flow0000002,6,75,714.4924957752228,498.2837866141675,5,0.9892358553871893,7.690900549292564,mixed/absorbed,425.70431891347346,g16:8MeV(t0 189),
flow0000002,6,88,124.66261899471283,52.06155643693707,1,0.8650136151557238,16.827756263315678,mixed/absorbed,190.96638198678485,g27:17MeV(t0 319),
flow0000002,6,97,635.5001428797841,396.21739459404546,4,0.9907767700440142,5.861363954842091,mixed/absorbed,182.82351046679867,g24:6MeV(t0 281),
flow0000002,6,106,780.0956365466118,493.30635862412123,6,0.9714968800111894,22.235159531235695,mixed/absorbed,404.2268274133856,g21:19MeV(t0 256),
flow0000002,6,112,297.09350483864546,191.40930552395022,2,0.9751027695161539,7.396805465221405,mixed/absorbed,276.0250889950707,g32:7MeV(t0 403),
flow0000002,7,25,297.46036287397146,123.18472052318921,3,0.9537104943619695,13.769293144345284,mixed/absorbed,480.6004027101235,g51:14MeV(t0 562),yes
flow0000002,7,57,416.07802503556013,140.61550717387004,2,0.987070077324308,5.379856690764427,mixed/absorbed,396.07449277832535,g49:5MeV(t0 540),yes
flow0000002,7,72,94.09040880203247,32.22042289797883,1,0.9038963376865908,9.042432874441147,mixed/absorbed,259.65347361010174,g29:9MeV(t0 325),
flow0000002,7,78,326.9780043512583,230.67922083491823,3,0.9270830045054538,23.842253670096397,mixed/absorbed,182.29845798560686,g24:24MeV(t0 260),
flow0000002,7,99,122.01560367643833,34.860990987798054,1,0.6434609754477447,43.5033243149519,mixed/absorbed,395.97244797837675,g43:44MeV(t0 467),
flow0000002,7,109,57.9792735427618,24.994296440076567,1,0.5939592318597569,23.54194876551628,mixed/absorbed,340.66806544614644,g45:24MeV(t0 502),
flow0000002,7,141,1013.2032860666513,499.07247679714186,6,0.7125667490157418,291.228314422071,bad-stitch?(tpc58),494.938964273967,g4:291MeV(t0 56),
flow0000002,7,142,88.78491160273552,41.6223232122897,1,0.7711847693433175,20.315340027213097,mixed/absorbed,44.214185438960435,g36:20MeV(t0 405),
flow0000002,7,145,106.33461108058691,28.634147621208804,1,0.9323820670916623,7.190126597881317,mixed/absorbed,561.9069515508114,g69:5MeV(t0 1040),
flow0000002,7,161,111.42355674505234,31.908158956040495,1,0.8851281328350983,12.799432009458542,mixed/absorbed,182.68912662159312,g26:13MeV(t0 286),
flow0000002,8,4,824.93090390414,465.22595415203807,5,0.9919344442421115,6.653526201844215,mixed/absorbed,268.21709111501764,g33:7MeV(t0 336),
flow0000002,8,18,563.6100233644247,398.3277516446647,5,0.8560879836081731,81.11025492101908,bad-stitch?(tpc3),25.47468603960853,g4:81MeV(t0 54),
flow0000002,8,28,522.6016435846686,93.13194430347268,2,0.9764573364416177,12.303434669971466,mixed/absorbed,163.3348571082834,g26:12MeV(t0 268),
flow0000002,8,33,732.6666907593608,501.1106806849035,5,0.9844352237547831,11.403793103992939,mixed/absorbed,263.9851058194913,g34:11MeV(t0 350),
flow0000002,8,36,715.0740025788546,495.27859828813143,5,0.9912097094274892,6.285708263516426,mixed/absorbed,349.92121584849343,g25:6MeV(t0 264),
flow0000002,8,48,902.1247696951032,495.7214866651102,6,0.8819340258210114,106.51023976504803,bad-stitch?(tpc19),142.5121759154065,g0:107MeV(t0 9),
flow0000002,8,67,75.30923695862293,28.029356246289765,1,0.7211304076807219,21.001456208527088,mixed/absorbed,130.46636186245672,g14:19MeV(t0 160),
flow0000002,8,83,207.20704525709152,131.44280721764332,2,0.9567361713306946,8.964570105075836,mixed/absorbed,496.6092320414423,g36:9MeV(t0 365),
flow0000002,8,128,70.57473335415125,28.084110157158538,1,0.5701973485943309,30.33320751786232,mixed/absorbed,388.8268823356272,g39:30MeV(t0 396),
flow0000002,9,35,714.4589001610875,380.37185551551613,4,0.9807575261328195,13.747956715524197,mixed/absorbed,59.7233719406064,g5:12MeV(t0 80),yes
flow0000002,9,86,544.2955912202597,365.1962648061169,5,0.9812999221314501,10.17836993932724,mixed/absorbed,402.0807641385867,g18:10MeV(t0 216),
flow0000002,9,108,86.17292680591345,35.394931098273275,1,0.8063914697522437,16.683813706040382,mixed/absorbed,212.859002818232,g19:17MeV(t0 226),
flow0000002,9,115,326.42006785422564,197.9183938510612,2,0.9591762770236298,13.325682424008846,mixed/absorbed,620.4513220296927,g36:13MeV(t0 411),
flow0000002,9,123,256.5731670111418,160.512545940547,3,0.9288665222030443,18.250941678881645,mixed/absorbed,19.529931769130716,g2:18MeV(t0 29),
flow0000003,0,10,183.04967696219683,80.7831042668692,1,0.9676444828245271,5.922666966915131,mixed/absorbed,32.34055277672728,g20:6MeV(t0 241),
flow0000003,0,19,492.8895903080702,302.16521816419663,3,0.9391474816351707,29.99357284605503,mixed/absorbed,278.0142930527984,g9:30MeV(t0 134),
flow0000003,0,42,244.69964995235205,166.85381354790113,2,0.9753654066962772,6.028076358139515,mixed/absorbed,563.7297772255673,g50:6MeV(t0 626),
flow0000003,0,80,804.2345325574279,497.6611101109806,5,0.9846707967717403,12.328274592757225,mixed/absorbed,467.57530474689804,g4:12MeV(t0 64),
flow0000003,1,16,145.2589976787567,36.69855194496482,1,0.9401348498945185,8.695951700210571,mixed/absorbed,618.9526601094685,g59:9MeV(t0 651),
flow0000003,1,20,807.6396339312196,497.68084241238137,5,0.929186179417626,57.192048132419586,mixed/absorbed,98.90107090726812,g17:57MeV(t0 228),
flow0000003,1,21,407.68652529269457,262.3411519629011,3,0.9853068972446102,5.990180008113384,mixed/absorbed,227.23922414029582,g53:5MeV(t0 594),
flow0000003,1,29,90.35697637498379,43.03070803892778,1,0.9280257708025417,6.5033737272024155,mixed/absorbed,249.31175244919797,g50:7MeV(t0 577),
flow0000003,1,42,821.1813914626837,495.8307096168017,5,0.987408982853233,10.339508980512619,mixed/absorbed,32.15073574639355,g54:10MeV(t0 603),
flow0000003,1,58,60.85319064557552,27.952126974499187,1,0.7725518424528497,13.840946093201637,mixed/absorbed,435.8502339543523,g37:14MeV(t0 443),
flow0000003,1,93,70.62918972223997,29.314794155914857,1,0.8326784246556602,11.817787289619446,mixed/absorbed,52.44039605496198,g12:12MeV(t0 172),
flow0000003,1,115,211.15528018772602,162.73793479719,2,0.972071783055906,5.897190473973751,mixed/absorbed,506.73531643925065,g42:5MeV(t0 476),
flow0000003,1,132,118.88469104468822,66.14610496326692,1,0.8602666113163516,16.612160742282867,mixed/absorbed,26.306609683566624,g4:17MeV(t0 89),
flow0000003,10,75,788.1764893382788,495.8707100600059,5,0.9829400919365331,13.446218445897102,mixed/absorbed,596.3525968101014,g30:13MeV(t0 446),
flow0000003,10,94,330.9074499309063,195.98662472030267,2,0.9682959844238871,10.491094946861267,mixed/absorbed,308.8569737456253,g11:10MeV(t0 181),
flow0000003,10,106,85.22519846260548,46.87820002194867,1,0.9348943841802957,5.54863902926445,mixed/absorbed,618.2219414390594,g57:6MeV(t0 804),
flow0000003,10,116,555.2263127341866,339.08606120440754,4,0.9787798944162348,11.781960979104042,mixed/absorbed,328.63885033257316,g5:12MeV(t0 91),
flow0000003,10,134,791.7632719948888,500.30486522289067,5,0.9717759340443762,22.34677881002426,mixed/absorbed,433.0304452448256,g10:22MeV(t0 150),
flow0000003,10,152,133.8375308215618,58.235356387939206,1,0.93737812886255,8.381156608462334,mixed/absorbed,288.4867213259461,g59:8MeV(t0 823),
flow0000003,11,19,66.58701226115227,31.29160991302818,1,0.6344799542807654,24.33888776600361,mixed/absorbed,304.15492248535156,g56:24MeV(t0 566),
flow0000003,11,23,74.46596207469702,26.83150606375179,1,0.7130971387215278,21.36449758708477,mixed/absorbed,544.3206268310547,g58:21MeV(t0 599),
flow0000003,11,26,195.91279956698418,50.442986735578174,1,0.9494703693005547,9.899401411414146,mixed/absorbed,544.0987279555377,g56:10MeV(t0 566),
flow0000003,11,56,543.7693300917745,246.83042509333404,5,0.8987151773975696,55.07558013498783,mixed/absorbed,123.03916428664635,g61:55MeV(t0 621),yes
flow0000003,11,59,338.8215848580003,206.8675709494708,4,0.9622603383901361,12.787011958658695,mixed/absorbed,267.22914965564667,g50:13MeV(t0 503),
flow0000003,11,68,859.3250825479627,500.88477267718054,5,0.9591394978134973,35.112454414367676,mixed/absorbed,471.90787644426814,g16:32MeV(t0 169),
flow0000003,11,113,73.63733621686697,27.518623579021085,1,0.8453130281085022,11.390736557543278,mixed/absorbed,582.3440502166748,g77:11MeV(t0 1266),
flow0000003,11,143,193.66576731950045,93.95091641121687,1,0.8436899566586984,30.271904483437538,mixed/absorbed,381.24802425399366,g37:30MeV(t0 387),
flow0000003,11,151,215.75810103863478,151.5002679989766,2,0.9324431144073821,14.575945347547531,mixed/absorbed,291.16587492115946,g32:15MeV(t0 356),yes
flow0000003,12,11,119.11397964507341,46.05591772450168,1,0.8574997768367333,16.973768681287766,mixed/absorbed,405.41617463127017,g36:17MeV(t0 436),
flow0000003,12,25,139.32614082098007,66.61957720656632,1,0.9538815118621968,6.425510972738266,mixed/absorbed,200.31726242846878,g37:6MeV(t0 455),
flow0000003,12,37,583.823453977704,439.97623216053057,5,0.976168761774496,13.913235813379288,mixed/absorbed,405.73481570128115,g16:14MeV(t0 219),
flow0000003,12,51,106.94063490629196,55.40451349802397,2,0.8981234830533092,10.894739404320717,mixed/absorbed,59.89692985952197,g10:11MeV(t0 141),
flow0000003,12,69,177.70278291404247,167.24182926542824,2,0.9644962520544406,6.3091148138046265,mixed/absorbed,59.66406248133101,g37:4MeV(t0 455),
flow0000003,12,78,102.85323672741652,31.50152632240372,1,0.9164172926252445,8.596751987934113,mixed/absorbed,348.72061456418504,g35:9MeV(t0 419),
flow0000003,12,95,813.7952550500631,503.2076387257728,6,0.8034577727169924,159.94513197988272,mixed/absorbed,69.6991607091388,g14:160MeV(t0 197),
flow0000003,12,102,214.3591157272458,62.328514909914276,1,0.9340300916370045,14.141251221299171,mixed/absorbed,255.41486507972365,g20:13MeV(t0 277),
flow0000003,12,105,109.11346840113401,51.63565586955121,1,0.8957203287753494,11.37831661105156,mixed/absorbed,464.16633394505646,g49:11MeV(t0 576),
flow0000003,12,142,67.00865007191896,26.348370067716132,1,0.7907626067467707,14.02071526646614,mixed/absorbed,40.90260727997798,g3:14MeV(t0 53),
flow0000003,2,23,622.1989698931575,77.92102655284836,1,0.990168858875862,6.11692588031292,mixed/absorbed,579.8186367808339,g30:6MeV(t0 348),
flow0000003,2,99,83.48244163393974,28.32913636822757,1,0.6551832636768986,28.7861430644989,mixed/absorbed,546.9864534076892,g0:29MeV(t0 8),
flow0000003,2,125,752.0677396580577,511.0333845764022,5,0.9864909241458175,10.159740142524242,mixed/absorbed,372.6824160082795,g27:10MeV(t0 297),
flow0000003,3,15,84.12429147958755,37.15543547974211,1,0.9144805088296925,7.194266602396965,mixed/absorbed,117.56146121474931,g4:7MeV(t0 78),
flow0000003,3,16,55.96296165138483,23.877037638936912,1,0.7514702811193135,13.90845912694931,mixed/absorbed,82.30494280363384,g15:14MeV(t0 184),
flow0000003,3,34,329.43967532366514,123.59171083932577,2,0.9754167892540343,8.098684966564178,mixed/absorbed,302.98659286499026,g35:8MeV(t0 431),
flow0000003,3,52,196.25211653113365,78.27531578993445,2,0.8688595212137111,25.736596524715424,mixed/absorbed,233.9804769741135,g25:25MeV(t0 288),
flow0000003,3,55,479.17442870140076,262.94259416143893,6,0.9440673050750451,26.801517136394978,mixed/absorbed,563.244860758599,g70:27MeV(t0 982),yes
flow0000003,3,96,294.3433061391115,132.23177461173768,2,0.6236482696081125,110.7766125947237,mixed/absorbed,535.1205408862513,g33:111MeV(t0 379),
flow0000003,3,104,48.57714293897152,20.673877024767194,1,0.6829696040896619,15.400430858135223,mixed/absorbed,559.582385570972,g52:15MeV(t0 592),
flow0000003,3,106,248.38945004343987,114.69737275420195,3,0.9753653148156962,6.118995904922485,mixed/absorbed,323.38615905883063,g31:6MeV(t0 336),
flow0000003,3,133,143.88007809966803,73.22434588463184,1,0.8451351109334693,22.28197233378887,mixed/absorbed,591.7775910750679,g68:22MeV(t0 878),
flow0000003,4,27,425.3328772112727,285.8045647285581,3,0.9595437869888089,17.207357481122017,mixed/absorbed,405.8656278353211,g33:17MeV(t0 459),
flow0000003,4,28,246.74048154056072,149.8628253698621,3,0.9180278247182782,20.225854001939297,mixed/absorbed,47.919653315844336,g24:20MeV(t0 300),
flow0000003,4,32,222.60922364890575,46.17094208954238,1,0.9258580532102254,16.50468121469021,mixed/absorbed,539.3524030783981,g40:17MeV(t0 587),
flow0000003,4,37,581.3767470642924,397.759229101422,5,0.9515990331464305,28.139196664094925,mixed/absorbed,534.9244808531362,g31:28MeV(t0 415),
flow0000003,4,60,324.21570375561714,117.79021329958383,2,0.9706629866006852,9.511520445346832,mixed/absorbed,326.9613184423072,g29:10MeV(t0 393),
flow0000003,4,84,102.58254823088646,77.03807057987677,2,0.9425732674982085,5.890980556607246,mixed/absorbed,547.3163290450822,g41:5MeV(t0 602),
flow0000003,4,124,91.75739202648401,34.30283890105342,1,0.9392064718647775,5.578255593776703,mixed/absorbed,125.15406868962332,g14:6MeV(t0 203),
flow0000003,4,127,770.1027699634433,496.5376100192457,5,0.978719352724621,16.388285413384438,mixed/absorbed,154.18705386451867,g8:16MeV(t0 126),
flow0000003,4,128,794.5605991184711,499.684304305477,5,0.9922485933531142,6.158962309360504,mixed/absorbed,162.668997590389,g8:6MeV(t0 126),
flow0000003,5,7,475.5546898767352,351.95944980832854,5,0.936349701783167,30.269197829067707,mixed/absorbed,116.62621443030844,g18:30MeV(t0 178),
flow0000003,5,22,649.8767355531454,437.14058813911913,5,0.991845704169176,5.2992871552705765,mixed/absorbed,141.21039702348398,g0:5MeV(t0 10),
flow0000003,5,44,95.0940266251564,40.65668724259048,1,0.761004793962366,22.727016486227512,mixed/absorbed,200.1099159516484,g22:23MeV(t0 227),
flow0000003,5,56,93.70284789055586,53.080802647484944,1,0.9309339324713389,6.4716872200369835,mixed/absorbed,58.37236967415645,g13:6MeV(t0 120),
flow0000003,5,70,124.54670287668705,84.02338033088422,1,0.8983658665111739,12.658196225762367,mixed/absorbed,410.96833709349113,g21:12MeV(t0 212),
flow0000003,5,91,177.06857337802649,64.83718704206598,1,0.8593476867842573,24.9051044434309,mixed/absorbed,365.00003490757774,g61:25MeV(t0 643),yes
flow0000003,6,6,735.9375666901469,515.9347153630495,5,0.9906802261196762,6.858771711587906,mixed/absorbed,269.42523332338857,g11:7MeV(t0 148),
flow0000003,6,17,101.62160381674767,41.161495935220145,1,0.6539300426216487,35.16818410158157,mixed/absorbed,425.45041187306776,g38:35MeV(t0 479),
flow0000003,6,84,717.0309220924973,501.650223038207,5,0.9899876842194116,7.179140016436577,mixed/absorbed,325.5307216207603,g36:4MeV(t0 470),
flow0000003,6,91,253.88411486148834,169.0562876505179,2,0.9709902332620394,7.3651189506053925,mixed/absorbed,470.09835597706183,g24:7MeV(t0 320),
flow0000003,6,93,222.30032438784838,139.697627025124,2,0.9344778483797299,14.56559555977583,mixed/absorbed,127.92888720978829,g44:15MeV(t0 556),
flow0000003,6,115,275.2181998491287,184.74642388205325,2,0.9630396538794329,10.172159925103188,mixed/absorbed,193.59187946957562,g17:10MeV(t0 218),
flow0000003,6,123,307.8243944570422,151.0593512814437,2,0.9811511657241622,5.802130997180939,mixed/absorbed,426.09009505154796,g52:4MeV(t0 622),
flow0000003,6,124,480.7808951884508,295.59667230401374,3,0.9812809535898644,8.999759890139103,mixed/absorbed,128.00392653714974,g36:9MeV(t0 470),
flow0000003,6,128,99.52058229595423,39.92988735824731,1,0.7401350692595935,25.861909225583076,mixed/absorbed,127.94957713389026,g20:26MeV(t0 267),
flow0000003,6,147,120.44704212993383,38.82127156798694,1,0.9581936994543366,5.0354452431201935,mixed/absorbed,317.79832889112225,g31:5MeV(t0 392),
flow0000003,7,7,795.3315886855125,505.65095080899584,5,0.5211589648155499,380.8374012410641,mixed/absorbed,78.20410322718661,g38:381MeV(t0 501),
flow0000003,7,10,761.7287727668881,452.7954945925837,5,0.9888416677871774,8.499622702598572,mixed/absorbed,538.0923991126595,g34:8MeV(t0 448),
flow0000003,7,15,123.43783227354288,48.4684798376811,1,0.864857124797411,16.681743562221527,mixed/absorbed,378.3172046491492,g33:17MeV(t0 438),
flow0000003,7,18,257.29718002676964,198.95211028951522,2,0.9805284741845894,5.009968683123589,mixed/absorbed,503.99690052789765,g29:4MeV(t0 403),
flow0000003,7,43,77.95832272619009,34.356892852249146,1,0.8519873348242554,11.53881911933422,mixed/absorbed,154.9896501813616,g16:12MeV(t0 198),
flow0000003,7,52,68.09363392740488,26.473963380137455,1,0.8213386261703287,12.165702186524868,mixed/absorbed,600.7954567452155,g44:12MeV(t0 606),
flow0000003,7,69,92.6802805736661,34.61191221873656,1,0.8053063430511025,18.044262751936913,mixed/absorbed,402.5591896057129,g35:18MeV(t0 461),
flow0000003,7,76,61.8139758631587,22.030985875732455,1,0.8840933612188936,7.164650171995163,mixed/absorbed,391.00332733383755,g39:7MeV(t0 540),
flow0000003,7,125,102.34895986318588,41.96383244994588,1,0.8163555168200435,18.795821838080883,mixed/absorbed,484.2682936615145,g38:19MeV(t0 501),
flow0000003,8,26,82.54378679394722,29.94852371687309,1,0.8820076456412078,9.739535741508007,mixed/absorbed,38.33263123341096,g15:10MeV(t0 168),
flow0000003,8,34,389.6823802217841,126.82067805113087,3,0.927575291823947,28.22263266891241,mixed/absorbed,472.44988034719444,g55:17MeV(t0 621),
flow0000003,8,50,739.7037880793214,69.84855146334024,1,0.9788720208772631,15.628446191549301,mixed/absorbed,407.7511071019578,g51:16MeV(t0 564),
flow0000003,8,58,345.0319768935442,220.79620604426384,4,0.953945665062214,15.89021822810173,mixed/absorbed,472.53776010366585,g37:16MeV(t0 406),
flow0000003,8,60,51.92699407041073,21.84821695887598,1,0.7715260783165033,11.863963976502419,mixed/absorbed,30.25617820460622,g10:12MeV(t0 119),
flow0000003,8,85,162.1716203764081,40.682223562093924,1,0.8558404997348225,23.37857975065708,mixed/absorbed,472.6210176071318,g52:20MeV(t0 576),
flow0000003,8,109,119.93289487808943,59.46465326878274,1,0.5365381890223332,55.58431665599346,mixed/absorbed,132.14958268102504,g8:55MeV(t0 87),
flow0000003,8,121,796.0141936913133,498.12803125189305,5,0.5928085164536687,324.1302004531026,bad-stitch?(tpc52),458.51366119881794,g35:324MeV(t0 393),
flow0000003,8,123,381.16859305649996,228.98546750809578,3,0.9151490605267995,32.34251321852207,mixed/absorbed,394.95848867127694,g40:32MeV(t0 457),
flow0000003,8,124,352.7139645665884,248.31751708259094,3,0.9716564449778151,9.99716766178608,mixed/absorbed,198.35192580830574,g2:10MeV(t0 31),
flow0000003,8,126,261.6219893619418,180.7267323600602,3,0.941985041636619,15.177988819777966,mixed/absorbed,154.44370209867904,g16:15MeV(t0 182),
flow0000003,8,145,96.73424112796783,29.661703073727423,1,0.7735030093307871,21.910014510154724,mixed/absorbed,261.25352098418443,g36:22MeV(t0 399),
flow0000003,8,147,99.86451675742865,25.042935481168865,1,0.9332708311014077,6.6638762056827545,mixed/absorbed,224.3316393671809,g24:7MeV(t0 249),
flow0000003,8,157,82.50286679714918,37.647295401776134,1,0.9357684482855608,5.2992871552705765,mixed/absorbed,404.55072768328057,g38:5MeV(t0 423),
flow0000003,8,189,84.4266659617424,42.199977483432406,1,0.6451040354311511,29.96268305182457,mixed/absorbed,286.36863911946614,g5:30MeV(t0 56),
flow0000003,9,17,82.96287756413221,23.14300924325287,1,0.6847340847933695,26.155367523431778,mixed/absorbed,541.7025069173177,g74:25MeV(t0 779),
flow0000003,9,23,790.1805324107409,523.3047901592358,7,0.9871128860827756,10.18314653635025,mixed/absorbed,570.6765960204873,g17:10MeV(t0 140),
flow0000003,9,54,514.7424424365163,280.04098920839476,3,0.9559950336309693,22.651223868131638,mixed/absorbed,13.348354794871268,g22:23MeV(t0 186),yes
flow0000003,9,56,632.7843369543552,462.384632902667,6,0.9715442288805441,18.00636626034975,mixed/absorbed,166.08940193285855,g25:18MeV(t0 210),
flow0000003,9,61,339.45595183223486,173.01562097236769,2,0.9104793995702616,30.388300627470016,mixed/absorbed,452.27597820679523,g8:30MeV(t0 62),yes
flow0000003,9,68,48.5069230645895,22.729220658579326,1,0.5102236374162767,23.757544338703156,mixed/absorbed,177.54353462381565,g33:22MeV(t0 289),
flow0000003,9,70,140.5268832743168,82.91212590865587,1,0.9316093865361602,9.610719755291939,mixed/absorbed,406.69209717731087,g60:7MeV(t0 572),
flow0000003,9,82,459.0751604363322,95.06800114341272,2,0.9746895724347628,11.619388595223427,mixed/absorbed,112.3089520309172,g17:12MeV(t0 140),
flow0000003,9,91,259.6518530547619,159.50234592341343,2,0.817296525774947,47.43929564207792,mixed/absorbed,408.2894390318691,g37:36MeV(t0 319),
flow0000003,9,145,195.94719451665878,114.17774801228336,2,0.9095825382789041,17.717047959566116,mixed/absorbed,459.1334778166165,g50:18MeV(t0 471),
flow0000003,9,146,137.93607458472252,63.807911057173285,1,0.8006168898717766,27.502123549580574,mixed/absorbed,598.863354533708,g24:15MeV(t0 203),
flow0000004,0,26,942.2526036053896,233.60477287689864,5,0.6090542605270902,368.3696408867836,mixed/absorbed,266.0913432186143,g19:355MeV(t0 227),
flow0000004,0,53,87.87492074072361,32.34981449487152,1,0.731587901447109,23.5866918861866,mixed/absorbed,481.36128212423887,g62:24MeV(t0 632),
flow0000004,0,60,233.20620784163475,55.994071321030354,1,0.890777687319871,25.47132135182619,mixed/absorbed,115.78109154574466,g57:22MeV(t0 590),
flow0000004,0,63,374.5456364750862,56.77073690417532,1,0.88380066393855,43.52195428311825,mixed/absorbed,223.3252066566434,g5:44MeV(t0 62),
flow0000004,0,69,161.1501719430089,109.03174617257486,2,0.9533005683717312,7.525621436536312,mixed/absorbed,223.44140536444527,g27:8MeV(t0 308),
flow0000004,0,85,172.9295862391591,60.77274173816731,1,0.9261559819382826,12.769815489649773,mixed/absorbed,309.7361369291012,g19:13MeV(t0 227),
flow0000004,0,121,692.0304340571165,478.0792461291056,5,0.9906114479609079,6.497163742780685,mixed/absorbed,70.12359058125585,g9:6MeV(t0 107),
flow0000004,0,161,115.9418274089694,27.212346294274564,1,0.8338522302569008,19.26347604393959,mixed/absorbed,31.114116536590444,g8:19MeV(t0 99),
flow0000004,0,171,114.75987382978201,37.68341487458997,1,0.7171330482772559,32.461775690317154,mixed/absorbed,134.6958225795201,g59:32MeV(t0 612),
flow0000004,0,188,282.5721697434783,70.06292005374821,1,0.9131741104510837,24.534579999744892,mixed/absorbed,287.29805634353335,g33:25MeV(t0 369),
flow0000004,0,195,118.59186880290508,54.869952949007256,1,0.8993676078383821,11.934183448553085,mixed/absorbed,89.16851552327473,g10:12MeV(t0 120),
flow0000004,1,26,123.76329673081636,57.497154809052525,1,0.8249882930979466,21.66002581268549,mixed/absorbed,7.189882241875116,g6:22MeV(t0 94),
flow0000004,1,29,47.36286612600088,26.89128179171185,1,0.8692494918939555,6.1927188113331795,mixed/absorbed,321.1198394054503,g6:6MeV(t0 94),
flow0000004,1,35,64.43249103426933,32.42292260417506,1,0.8464564782130904,9.89319159090519,mixed/absorbed,276.5680249872055,g26:10MeV(t0 321),
flow0000004,1,51,123.5889414101839,59.36128848236604,1,0.8471590758740375,18.889448016881943,mixed/absorbed,188.51967853252705,g21:19MeV(t0 279),
flow0000004,1,72,312.01958779990673,88.50270188453237,1,0.975269575412938,7.716376885771751,mixed/absorbed,152.687714135616,g17:8MeV(t0 218),yes
flow0000004,1,108,625.9478557184339,269.22837270397895,4,0.6540277149595669,216.5606099590659,bad-stitch?(tpc44),99.59782585948928,g34:215MeV(t0 400),
flow0000004,1,109,125.2990554869175,55.72522470729844,1,0.9462227727066886,6.738235786557198,mixed/absorbed,250.56645159954792,g34:7MeV(t0 400),
flow0000004,1,110,1130.0367785096169,247.30831683267013,6,0.8637088382262441,154.01402539014816,bad-stitch?(tpc48),399.74882415355273,g35:154MeV(t0 410),
flow0000004,1,129,156.7266431748867,48.55933733925367,1,0.7405248671440231,40.66666655987501,mixed/absorbed,12.159468957805382,g45:41MeV(t0 497),
flow0000004,1,132,103.89761783182621,45.53017293001159,1,0.9429353912980936,5.928876906633377,mixed/absorbed,77.43097424507141,g34:5MeV(t0 400),
flow0000004,1,139,302.7572624012828,223.40954464060508,4,0.9765446512620621,7.10127717256546,mixed/absorbed,250.6994112350362,g34:5MeV(t0 400),
flow0000004,1,154,85.02409287542105,36.19107738906406,1,0.8097139373709304,16.178899861872196,mixed/absorbed,94.46584872775608,g1:16MeV(t0 19),
flow0000004,1,155,87.75597757846117,36.12017105703496,1,0.9011271350916038,8.67668491601944,mixed/absorbed,144.25136273701986,g1:9MeV(t0 19),
flow0000004,1,158,754.5349898338318,499.8476489736363,6,0.989698418870817,7.77290341258049,mixed/absorbed,23.15886267008486,g11:8MeV(t0 154),
flow0000004,1,159,762.5352708399296,497.8065657965342,5,0.9911082511191508,6.780272141098976,mixed/absorbed,385.054133379175,g1:7MeV(t0 19),
flow0000004,1,172,786.8031432554126,502.97282486241266,5,0.9835712680363337,12.926177948713303,mixed/absorbed,515.3075377905443,g26:13MeV(t0 321),
flow0000004,10,122,253.75402250885963,158.01985471509278,2,0.9570657476374486,10.894739240407944,mixed/absorbed,324.8955241038387,g27:11MeV(t0 336),
flow0000004,10,139,163.41647262126207,68.39066501466837,1,0.8989390047243524,16.51503136754036,mixed/absorbed,318.773975886855,g57:17MeV(t0 681),
flow0000004,10,151,102.3316034451127,29.21575164687334,1,0.8123332137208796,19.204243153333664,mixed/absorbed,552.4924344308035,g56:19MeV(t0 675),
flow0000004,10,155,246.31167709827423,144.25534708806902,3,0.8542923730656877,35.88948995620012,bad-stitch?(tpc59),325.6407442594829,g33:36MeV(t0 402),
flow0000004,10,162,731.4091047123075,486.23626783670807,5,0.9801147417857778,14.544258907437325,mixed/absorbed,72.26469784240959,g36:15MeV(t0 459),
flow0000004,11,36,122.97798129171133,56.90821791329518,1,0.8758739720772893,15.264768339693546,mixed/absorbed,95.2309603551675,g9:15MeV(t0 111),
flow0000004,11,84,61.26368170976639,21.50102304713282,1,0.7946188869632678,12.582403138279915,mixed/absorbed,512.2662677898273,g50:13MeV(t0 565),
flow0000004,2,8,274.3486506640911,187.10410936103807,3,0.924883312468348,20.608161866664886,mixed/absorbed,475.11963690561515,g11:21MeV(t0 126),
flow0000004,2,15,112.34867435693741,22.512430448484267,1,0.9441623286595527,6.273288354277611,mixed/absorbed,603.5071352725964,g68:6MeV(t0 842),
flow0000004,2,21,54.14664155989885,26.75195919946006,1,0.6812672035658166,17.258310481905937,mixed/absorbed,495.90454931640625,g15:17MeV(t0 160),
flow0000004,2,42,93.80236439406872,42.61401210156694,1,0.8994814164419588,9.42888080328703,mixed/absorbed,210.15524944729276,g28:9MeV(t0 293),
flow0000004,2,44,117.73585684597492,50.50903444876765,1,0.7301985110881004,31.7653094753623,mixed/absorbed,478.0512114600312,g49:32MeV(t0 517),yes
flow0000004,2,77,272.9388424307108,166.5717295462415,2,0.9671174691450262,8.9749199077487,mixed/absorbed,616.1508466547185,g57:9MeV(t0 620),
flow0000004,2,81,779.0735493451357,465.1654590639873,5,0.9835541988099974,12.812488704919815,mixed/absorbed,449.54498315854204,g15:13MeV(t0 160),
flow0000004,2,94,85.21134503185749,28.379332731452056,1,0.6738285065683858,27.793511666357517,mixed/absorbed,158.66614393754438,g44:28MeV(t0 450),
flow0000004,2,130,174.5506907105446,45.84758188932752,1,0.9120036264725845,15.359827779233456,mixed/absorbed,198.1368395903849,g15:15MeV(t0 160),
flow0000004,2,136,65.970478951931,30.067011831046333,1,0.887679123159428,7.409862041473389,mixed/absorbed,198.09073742282007,g15:7MeV(t0 160),
flow0000004,2,137,235.47330382466316,97.22257074184185,2,0.8915249669599025,25.542974412441254,mixed/absorbed,158.74050055933364,g18:26MeV(t0 198),
flow0000004,3,6,843.0488926544785,500.05859362536023,5,0.9828673921326128,14.443626090884209,mixed/absorbed,95.43807286328177,g21:14MeV(t0 229),
flow0000004,3,21,155.64038284122944,86.1941040844523,2,0.9519041600033964,7.485654950141907,mixed/absorbed,493.7221094445337,g15:7MeV(t0 181),
flow0000004,3,36,609.6721493378282,226.09794110899222,3,0.9643517440406943,21.733748830854893,mixed/absorbed,458.26224617241104,g55:22MeV(t0 560),yes
flow0000004,3,65,75.14188788831234,27.91001725920963,1,0.7342873241163175,19.966152101755142,mixed/absorbed,229.8775646231767,g24:20MeV(t0 262),
flow0000004,3,97,207.433146558702,44.49730272769352,1,0.936317202827537,13.2099229991436,mixed/absorbed,7.233866399368353,g29:10MeV(t0 316),
flow0000004,4,10,387.86718271672726,249.53810961065045,3,0.9699008261470731,11.674481764435768,mixed/absorbed,575.215282579063,g53:12MeV(t0 594),
flow0000004,4,44,83.2184398919344,33.493158522510946,1,0.7287782100020211,22.57065422832966,mixed/absorbed,454.5869754965788,g47:23MeV(t0 515),
flow0000004,4,98,634.9589216411114,392.6515628256644,4,0.9899270739199391,6.395894281566143,mixed/absorbed,335.9664822665128,g14:6MeV(t0 138),
flow0000004,5,31,1316.8977657482028,499.1581745777045,6,0.5673390341674619,569.770259231329,mixed/absorbed,592.6180269638515,g34:549MeV(t0 480),
flow0000004,5,42,654.4395867809653,389.03067116245,4,0.5381922353738694,302.2252826541662,bad-stitch?(tpc13),217.35500110152864,g25:302MeV(t0 387),
flow0000004,5,51,209.5903758481145,33.83539434575347,1,0.8995841319989156,21.04619951546192,mixed/absorbed,592.9287440802461,g56:21MeV(t0 713),
flow0000004,5,61,134.28973810374737,29.110649994867188,1,0.7643035070254415,31.6516203135252,mixed/absorbed,337.61643567063294,g39:32MeV(t0 520),
flow0000004,5,79,485.1829228922725,246.29856401571737,3,0.9664213397501245,16.291792526841164,mixed/absorbed,453.8941275301847,g15:13MeV(t0 218),
flow0000004,5,108,343.2158207818866,225.5302512583184,3,0.9775313376854605,7.711600378155708,mixed/absorbed,404.62623280448946,g37:8MeV(t0 503),
flow0000004,5,111,709.3524383082986,457.13360019491427,5,0.9807588490762462,13.648757323622704,mixed/absorbed,499.88612678673616,g26:14MeV(t0 405),
flow0000004,6,33,152.62204622477293,71.78399108376061,1,0.855756178372867,22.0147872120142,mixed/absorbed,347.44346267298647,g40:21MeV(t0 431),
flow0000004,6,39,92.20450592786074,27.880169488872518,1,0.8796449471366281,11.09727818518877,mixed/absorbed,567.859278869629,g4:11MeV(t0 47),
flow0000004,6,61,648.3756877109408,478.63790322520106,6,0.986379844838322,8.830977469682693,mixed/absorbed,170.01343278752432,g32:8MeV(t0 352),
flow0000004,6,64,726.405659481883,387.3474288392275,4,0.9874038531940207,9.149912327528,mixed/absorbed,594.2691170886022,g32:8MeV(t0 352),yes
flow0000004,6,91,52.14051961153746,20.505470142483176,1,0.7816843124752885,11.383093386888504,mixed/absorbed,594.0869013468424,g7:11MeV(t0 84),
flow0000004,6,93,111.75730072706938,34.197560084817354,1,0.9073898621233634,10.349859029054642,mixed/absorbed,224.411929414079,g49:10MeV(t0 594),
flow0000004,6,97,68.0240509212017,29.38850944069475,1,0.9249221685555679,5.10709822922945,mixed/absorbed,56.12425488882114,g22:5MeV(t0 225),
flow0000004,6,100,572.0547098964453,300.4106829077316,3,0.9718395520449653,16.109316885471344,mixed/absorbed,5.030711917736729,g49:16MeV(t0 594),yes
flow0000004,6,133,751.9416339918971,500.11538711782475,5,0.9712366777832668,21.628339506685734,mixed/absorbed,585.4830618165895,g30:22MeV(t0 318),
flow0000004,7,15,545.121509373188,387.7267559177339,5,0.9849777204868739,8.188967682421207,mixed/absorbed,591.7249862269351,g60:8MeV(t0 977),yes
flow0000004,7,86,73.31346523016691,28.562908394122804,1,0.9055619848088846,6.923578143119812,mixed/absorbed,282.6037275165531,g55:7MeV(t0 720),
flow0000004,8,20,50.67673071473837,25.667632260367373,1,0.6184613997255012,19.335128903388977,mixed/absorbed,193.16353425525483,g33:19MeV(t0 424),
flow0000004,8,36,583.8952596858144,232.83688810669332,3,0.5572811810598838,258.5014197528362,mixed/absorbed,180.62065131323678,g14:259MeV(t0 194),
flow0000004,8,44,580.342400111258,375.6817079200878,4,0.9905185927234491,5.502462655305862,mixed/absorbed,193.29970524955314,g47:5MeV(t0 599),
flow0000004,8,51,95.99303162842989,30.77436010844012,1,0.7986856078012364,19.32477881759405,mixed/absorbed,193.19310929225043,g21:19MeV(t0 268),
flow0000004,8,64,612.3497350141406,445.5338112718456,6,0.9910940116403408,5.4535796120762825,mixed/absorbed,474.0344615081494,g3:5MeV(t0 66),
flow0000004,8,71,100.54537588357925,41.55200197905212,1,0.947459272488777,5.28272719681263,mixed/absorbed,303.0067932128906,g32:5MeV(t0 412),
flow0000004,8,117,256.12159602344036,170.89968010117798,2,0.9612735974990426,9.918668016791344,mixed/absorbed,605.2875798076665,g4:10MeV(t0 85),
flow0000004,8,131,406.53243827074766,282.71319634299743,3,0.9771504624873579,9.289078198373318,mixed/absorbed,582.4211788416907,g32:9MeV(t0 412),
flow0000004,8,144,56.05451802164316,21.42727766648976,1,0.9026241503182584,5.458356320858002,mixed/absorbed,209.476313999721,g20:5MeV(t0 258),
flow0000004,9,14,461.37522584199905,299.25581429655483,3,0.9738915264105876,12.045802898705006,mixed/absorbed,340.5585359293091,g26:12MeV(t0 349),yes
flow0000004,9,24,401.1215282678604,258.4630091415976,3,0.954445439564706,18.27291490137577,mixed/absorbed,612.7569282531738,g47:18MeV(t0 593),
flow0000004,9,32,348.9388092905283,81.90827554617279,1,0.9401866276162966,20.87120693922043,mixed/absorbed,577.3465272092534,g10:21MeV(t0 137),
flow0000004,9,46,134.43670699745417,25.880403573120468,1,0.764422598206528,31.67025014013052,mixed/absorbed,577.582757984011,g10:32MeV(t0 137),
flow0000004,9,49,231.98285365104675,155.02990338034726,3,0.9780296337960853,5.096748247742653,mixed/absorbed,4.228720627077847,g6:5MeV(t0 61),
flow0000004,9,62,291.68402422964573,47.428100243316365,1,0.8749039929573086,36.48850674927235,mixed/absorbed,136.05889591803918,g45:36MeV(t0 562),
flow0000004,9,74,80.44037833809853,36.63060627235036,1,0.7717938670009931,18.356987677514553,mixed/absorbed,53.58761415867447,g7:18MeV(t0 79),
flow0000004,9,83,71.42405870556831,23.836170006970782,1,0.7628627397209141,16.937305599451065,mixed/absorbed,132.718295614228,g39:17MeV(t0 510),
flow0000004,9,102,374.0448656603694,231.94387992646162,3,0.9721034307578683,10.434568494558334,mixed/absorbed,230.8805280568772,g11:10MeV(t0 164),
flow0000004,9,103,434.9706661179662,302.589327934179,3,0.973515020555332,11.52018915116787,mixed/absorbed,215.40230140111458,g22:12MeV(t0 302),
flow0000004,9,116,151.45744904875755,89.49958180851951,1,0.7445833938381401,38.684747613966465,mixed/absorbed,489.06331120612714,g35:37MeV(t0 448),
flow0000004,9,125,650.8617152944207,467.03641951233726,5,0.9577695238474065,27.486200146377087,mixed/absorbed,516.9545232955305,g5:19MeV(t0 41),
flow0000004,9,133,85.0086465254426,44.403908778264984,1,0.9123151729854059,7.4539684653282166,mixed/absorbed,381.6579317426951,g22:7MeV(t0 302),
flow0000005,0,25,64.99520457535982,27.903252251955593,1,0.8257200117291016,11.32736349105835,mixed/absorbed,384.23833037585746,g34:11MeV(t0 458),
flow0000005,0,43,553.6402382031083,362.9123181845664,4,0.989077125128946,6.047343045473099,mixed/absorbed,162.24804430643718,g12:6MeV(t0 151),
flow0000005,0,117,531.0283364653587,365.6675749636171,7,0.9649499877048296,18.61254972219467,mixed/absorbed,543.6462933344995,g6:16MeV(t0 73),
flow0000005,0,118,136.99996986985207,57.97520082900854,1,0.6828095814108167,43.45507778972387,mixed/absorbed,372.4160477422899,g6:38MeV(t0 73),
flow0000005,0,133,118.88007409870625,53.856530480538616,1,0.8543624430504984,17.31340356171131,mixed/absorbed,495.03892988385775,g45:17MeV(t0 576),
flow0000005,0,146,715.0732060596347,502.10915518813425,6,0.9894401049779334,7.551097989082336,mixed/absorbed,478.2686866412788,g19:8MeV(t0 220),
flow0000005,0,156,81.10659125447273,44.10412833700424,1,0.8847404258230356,9.34831117093563,mixed/absorbed,219.6988868713379,g21:9MeV(t0 252),
flow0000005,1,13,168.4514413997531,100.98633219550486,1,0.9593854758738187,6.841575130820274,mixed/absorbed,31.310985314404522,g10:7MeV(t0 144),yes
flow0000005,1,20,211.1891929283738,44.69341390705573,1,0.8784967796053623,25.660167053341866,mixed/absorbed,31.214845962240794,g5:26MeV(t0 78),
flow0000005,1,55,841.6312806233764,504.71815346465974,5,0.9850499814855177,12.582403227686882,mixed/absorbed,132.8006812050391,g45:13MeV(t0 541),
flow0000005,1,78,172.98021937161684,49.440211209978,1,0.756336733471167,42.14892529696226,mixed/absorbed,4.849710143869079,g14:39MeV(t0 186),
flow0000005,1,94,259.6286008581519,40.059937833720866,1,0.7926803386029176,53.82611361891031,mixed/absorbed,160.17473673597675,g53:54MeV(t0 614),
flow0000005,1,105,727.2854011133313,510.1990000876099,5,0.9420083621144681,42.17647162079811,mixed/absorbed,515.2836419944417,g27:42MeV(t0 327),
flow0000005,1,115,604.7796865403652,355.8922971930778,4,0.9890963711521876,6.594293236732483,mixed/absorbed,386.1647011329388,g0:7MeV(t0 5),
flow0000005,1,149,664.8618956431746,401.42255137995835,4,0.9258422555569267,49.3046585470438,mixed/absorbed,494.35468282671997,g21:45MeV(t0 254),
flow0000005,1,152,361.30402586609125,244.41873945196903,4,0.9383708888642498,22.26684596389532,mixed/absorbed,458.4140100565736,g40:22MeV(t0 494),
flow0000005,10,52,116.50693070888519,38.400572198450696,1,0.8169554015008289,21.325964353978634,mixed/absorbed,125.5267309391455,g12:21MeV(t0 134),
flow0000005,11,38,135.2482962012291,66.15264382063737,1,0.8468125031242978,20.71834795176983,mixed/absorbed,231.721650678058,g23:21MeV(t0 269),yes
flow0000005,11,72,88.11694945394993,33.14754053789519,1,0.8813713081013275,10.453198447823524,mixed/absorbed,254.93128394302056,g29:10MeV(t0 322),
flow0000005,11,81,367.677470266819,253.7388742949267,3,0.8941491492518788,38.91897302865982,mixed/absorbed,6.2322508153351155,g20:39MeV(t0 229),
flow0000005,11,82,680.141153536737,395.46920416027194,4,0.9897859662881272,6.946984671056271,mixed/absorbed,227.9536138733618,g0:7MeV(t0 6),
flow0000005,11,86,148.1821176186204,79.06890253391948,1,0.948386299599835,7.648227423429489,mixed/absorbed,396.5941638347814,g41:8MeV(t0 445),
flow0000005,11,95,172.0402921065688,53.93308069485422,1,0.9226274709135223,13.311192505061626,mixed/absorbed,531.7193693108514,g61:13MeV(t0 699),
flow0000005,11,112,226.19680673629045,105.66678284869806,2,0.7593805097151237,54.42736034095287,mixed/absorbed,87.31078922220279,g46:54MeV(t0 531),
flow0000005,11,156,186.51226108521223,53.529436194949675,1,0.9080111897281591,17.157040998339653,mixed/absorbed,193.70748056459033,g21:17MeV(t0 243),
flow0000005,2,10,126.70265747606754,70.00324973118535,1,0.949155993639701,6.442070722579956,mixed/absorbed,128.29317748871986,g12:6MeV(t0 159),
flow0000005,2,41,675.5461362451315,482.4816539034641,5,0.9852451954657994,9.967551194131374,mixed/absorbed,108.92113874018763,g20:10MeV(t0 240),
flow0000005,2,68,411.6059321910143,258.8118534248317,4,0.9194588009199535,33.151235327124596,mixed/absorbed,158.7043588442494,g18:20MeV(t0 226),
flow0000005,3,7,753.6146438866854,505.47357216450683,6,0.9825616799354366,13.141773365437984,mixed/absorbed,581.5696896668104,g42:13MeV(t0 545),
flow0000005,3,19,204.45700800418854,58.28349496541694,1,0.8675998630791366,27.070135854184628,mixed/absorbed,176.35620829064075,g16:26MeV(t0 228),
flow0000005,3,42,81.99301623553038,35.320999323730746,1,0.8101483848343701,15.566506564617157,mixed/absorbed,164.1754423119556,g12:16MeV(t0 180),
flow0000005,3,79,112.52907957136631,25.930819750696607,1,0.9103144972178172,10.092227078974247,mixed/absorbed,392.5791145451161,g19:10MeV(t0 263),
flow0000005,3,94,220.6064506471157,59.8529223423276,1,0.9542241989446886,10.098436996340752,mixed/absorbed,381.919419931265,g19:10MeV(t0 263),
flow0000005,3,100,505.7226192727685,274.74168505762145,3,0.9702790771422949,15.030542954802513,mixed/absorbed,392.52037499545855,g7:15MeV(t0 84),
flow0000005,3,120,393.5849234610796,280.6705034880559,3,0.9384462406090193,24.226631678640842,mixed/absorbed,500.47939170663113,g30:23MeV(t0 400),
flow0000005,3,135,761.9349779859185,503.2082957867818,5,0.9833117527900029,12.715359270572662,mixed/absorbed,408.45399336169123,g28:13MeV(t0 376),
flow0000005,3,144,89.67770736664534,43.54455034977402,1,0.9203446008872033,7.143313571810722,mixed/absorbed,615.7251517159598,g53:7MeV(t0 657),
flow0000005,3,161,125.5447470471263,82.50029666426877,1,0.9132532458223039,10.890599310398102,mixed/absorbed,602.4706709455736,g28:11MeV(t0 376),
flow0000005,4,10,732.6835707873106,501.7486307755023,5,0.9845972701902062,11.285327076911926,mixed/absorbed,201.91263680441745,g51:11MeV(t0 558),
flow0000005,4,13,502.3200643360615,343.1696777112363,4,0.5867017910619924,207.60798290371895,bad-stitch?(tpc5),583.1542953476525,g38:208MeV(t0 451),
flow0000005,4,45,79.49742701649666,25.848267182375665,1,0.687176776159848,24.868641406297684,mixed/absorbed,76.45447192671736,g7:25MeV(t0 83),
flow0000005,4,50,267.92871364206076,156.67313081396978,2,0.9497292094448315,13.468988247215748,mixed/absorbed,390.37835051291194,g45:13MeV(t0 518),
flow0000005,4,55,254.51895890384912,179.47518370661425,2,0.9763239387504083,6.026006460189819,mixed/absorbed,140.47622513988082,g5:6MeV(t0 71),
flow0000005,4,61,64.89648165553808,24.734878133421958,1,0.7456031898446831,16.509457923471928,mixed/absorbed,162.38231009024162,g16:17MeV(t0 201),
flow0000005,4,62,115.51843965053558,69.55571568614357,1,0.9335178525499596,7.679913938045502,mixed/absorbed,342.911429563183,g60:7MeV(t0 669),
flow0000005,4,68,81.20977091044188,35.22026790947345,1,0.8220677638550925,14.449836134910583,mixed/absorbed,505.4299832857572,g54:14MeV(t0 595),
flow0000005,4,72,790.707107797265,494.7005526158946,5,0.9770219104935087,18.16893869638443,mixed/absorbed,329.76026529808564,g11:18MeV(t0 149),
flow0000005,4,84,195.06156381219625,47.6616676261028,1,0.9710989267500438,5.637488543987274,mixed/absorbed,478.6115786434559,g44:6MeV(t0 504),
flow0000005,4,86,238.64243334531784,130.1407420085646,2,0.9279034860861443,17.205287516117096,mixed/absorbed,64.02776461911489,g27:17MeV(t0 330),
flow0000005,4,87,58.07289967685938,29.61682055517553,1,0.7904275664220468,12.170478910207748,mixed/absorbed,505.0411121335804,g41:11MeV(t0 478),
flow0000005,4,103,492.9270106777549,296.74317628156587,3,0.9891110919678479,5.36743688583374,mixed/absorbed,198.8408076106889,g33:5MeV(t0 390),
flow0000005,4,121,69.24310429394245,28.219682102159915,1,0.6115539053544894,26.89721344411373,mixed/absorbed,580.6228432168766,g54:27MeV(t0 595),
flow0000005,4,125,922.1749989613891,502.4029961634059,5,0.9937149445394996,5.795921012759209,mixed/absorbed,547.1617837207127,g28:6MeV(t0 342),
flow0000005,4,129,555.8196031153202,379.80624058869967,4,0.9804830089993517,10.847926191985607,mixed/absorbed,65.7726282263146,g49:11MeV(t0 547),
flow0000005,5,10,85.59492638707161,44.202297504301356,1,0.8670362395510847,11.381023287773132,mixed/absorbed,590.0980525230294,g64:11MeV(t0 783),
flow0000005,5,32,581.368307672441,330.6232921270402,4,0.9779247939959541,12.833825156092644,mixed/absorbed,348.85836277669273,g36:13MeV(t0 399),
flow0000005,5,54,237.05062562972307,61.518464717512416,1,0.6701252856118827,78.19700742512941,mixed/absorbed,259.7965553618174,g2:78MeV(t0 34),
flow0000005,5,72,606.9518883526325,400.8493651986637,4,0.9912826580202225,5.291007176041603,mixed/absorbed,589.573532945079,g53:3MeV(t0 615),
flow0000005,5,89,51.02050609886646,21.660624167750107,1,0.6263252026921516,19.065077275037766,mixed/absorbed,811.0944715227399,g40:19MeV(t0 446),
flow0000005,5,107,85.56610640138388,58.29303205817024,2,0.8483379513223845,12.977130994200706,mixed/absorbed,617.7482340110922,g8:13MeV(t0 117),
flow0000005,5,122,639.8149180412292,448.3570565248184,5,0.9905816413452326,6.026006370782852,mixed/absorbed,265.34784260535565,g8:3MeV(t0 117),
flow0000005,5,147,138.69655051082373,83.81989207833753,2,0.9169740526918039,11.515412494540215,mixed/absorbed,318.3551038544754,g68:12MeV(t0 840),
flow0000005,5,148,247.33058501034975,174.65716111341845,3,0.9386076786906089,15.18419874459505,mixed/absorbed,13.703495525396788,g47:14MeV(t0 555),
flow0000005,5,158,269.04665756225586,147.72005406425995,2,0.8385518523179544,43.43708450347185,mixed/absorbed,12.967213376363118,g34:43MeV(t0 366),
flow0000005,6,11,468.4728366434574,222.2880665454355,4,0.6921937791338207,144.1988534256816,mixed/absorbed,475.3278480303324,g4:144MeV(t0 52),
flow0000005,6,42,253.11631298065186,131.41514103801012,2,0.9536266371316326,11.73785462975502,mixed/absorbed,101.11748907982886,g22:12MeV(t0 230),
flow0000005,6,49,62.04262747615576,25.327616732866964,1,0.7716947473375654,14.16465774178505,mixed/absorbed,217.95119954046802,g31:10MeV(t0 313),
flow0000005,7,25,299.1641093567014,68.7312941098304,1,0.8531663828914126,43.92734828591347,mixed/absorbed,226.2001636653503,g53:44MeV(t0 537),yes
flow0000005,7,58,155.21572146564722,81.82041308566141,1,0.9566587126182305,6.727249190211296,mixed/absorbed,478.5767153960008,g48:7MeV(t0 502),
flow0000005,7,60,723.1099476143718,377.699879421996,5,0.9910206962387992,6.493023872375488,mixed/absorbed,158.84814667294592,g53:6MeV(t0 537),yes
flow0000005,7,79,62.04278760403395,23.005282988439397,1,0.7708509785037662,14.217044070363045,mixed/absorbed,577.4271509130518,g58:14MeV(t0 603),
flow0000005,7,100,151.63896910846233,49.74675643071633,1,0.8994345462219251,15.249641738831997,mixed/absorbed,611.8937769709406,g66:15MeV(t0 759),
flow0000005,7,141,558.1558034941554,374.28856343144844,4,0.9900244597307952,5.567905694246292,mixed/absorbed,235.3618172136365,g40:3MeV(t0 410),
flow0000005,8,31,504.0922780632973,297.3072141641527,3,0.9837714479545743,8.18068777024746,mixed/absorbed,274.47801183946063,g33:8MeV(t0 439),
flow0000005,8,57,142.96340008080006,80.26839110512697,2,0.8804622165188201,17.08952796459198,mixed/absorbed,21.155386108007185,g4:17MeV(t0 45),
flow0000005,8,65,770.5111901164055,501.59839520072546,6,0.9901837663256676,7.563517890870571,mixed/absorbed,469.2295173283342,g45:8MeV(t0 584),
flow0000005,8,79,340.9168744534254,129.68551574081235,3,0.9844861381270049,5.288937300443649,mixed/absorbed,306.31317151713574,g28:5MeV(t0 358),
flow0000005,8,85,48.91534426808357,22.43010764152651,1,0.7007636639199936,14.637248396873474,mixed/absorbed,453.63543964254444,g57:15MeV(t0 950),
flow0000005,8,103,808.8862364441156,495.238211336071,5,0.9900695489743848,8.032605156302452,mixed/absorbed,197.95122064250162,g22:8MeV(t0 286),
flow0000005,8,159,75.27054388076067,26.328286611911658,1,0.8621044164679117,10.379475571215153,mixed/absorbed,70.65305712123117,g9:10MeV(t0 101),
flow0000005,8,163,150.83152320981026,99.05218366217997,1,0.869859936934722,19.629223942756653,mixed/absorbed,452.056641470903,g0:20MeV(t0 4),
flow0000005,8,164,205.17560617625713,129.1968991494946,2,0.9640195259385042,7.382315576076508,mixed/absorbed,405.2373342895508,g36:7MeV(t0 482),
flow0000005,8,170,102.63477488607168,41.006296600197416,1,0.8937485932370466,10.90508921444416,mixed/absorbed,154.17404346734705,g31:11MeV(t0 399),
flow0000005,8,177,259.26253594458103,73.50248724405438,1,0.5783873523923729,109.30836420506239,mixed/absorbed,3.99634454275835,g31:109MeV(t0 399),
flow0000005,8,182,94.12957914918661,40.20671027971056,1,0.8311658420869835,15.892288230359554,mixed/absorbed,462.6609177533318,g40:15MeV(t0 530),
flow0000005,8,199,276.83006732165813,65.9673125893842,1,0.9306303446803821,19.203606352210045,mixed/absorbed,200.08916568305548,g19:19MeV(t0 244),
flow0000005,8,204,144.84388964623213,35.89857008983087,1,0.8628674451214584,19.862812645733356,mixed/absorbed,200.26906438027657,g26:20MeV(t0 326),yes
flow0000005,8,207,146.94268073886633,43.77529177862356,1,0.9259276524945261,10.88438931107521,mixed/absorbed,398.72694689332656,g45:11MeV(t0 584),
flow0000005,8,210,275.9245352819562,146.8335950393249,2,0.9098617746477557,24.871347941458225,mixed/absorbed,180.54271967146133,g15:25MeV(t0 200),
flow0000005,8,218,116.79561258852482,44.41110478745645,1,0.7016151118365462,34.850045800209045,mixed/absorbed,151.38932336969415,g23:35MeV(t0 295),
flow0000005,9,11,645.1691379621625,479.7525924782259,7,0.9866324999281967,8.624298498034477,mixed/absorbed,618.0460923904491,g41:9MeV(t0 450),
flow0000005,9,32,80.57206097990274,36.1014560910098,1,0.7399523744567983,20.952573142945766,mixed/absorbed,432.925395488739,g44:21MeV(t0 497),
flow0000005,9,34,492.7515370026231,240.821836945717,2,0.8967781811414105,50.862709894776344,mixed/absorbed,335.4207251637813,g42:51MeV(t0 462),yes
flow0000005,9,42,184.65518099814653,111.7924723970439,2,0.8966858292007708,19.0774969086051,mixed/absorbed,581.2573880185649,g58:19MeV(t0 618),
flow0000005,9,46,276.2700641900301,169.8179668559543,2,0.8587311187982292,39.02836287766695,mixed/absorbed,509.96289574194014,g15:39MeV(t0 169),
flow0000005,9,53,76.66904952377081,28.344393220173057,1,0.7661655278306888,17.927866727113724,mixed/absorbed,357.4906118824996,g36:18MeV(t0 405),
flow0000005,9,66,134.75213911384344,85.07249242214857,2,0.9218439264706536,10.53169809281826,mixed/absorbed,241.04541764522622,g25:11MeV(t0 294),
flow0000005,9,83,70.04911945015192,26.82681150405995,1,0.6797157701809717,22.43562827259302,mixed/absorbed,44.94136014759031,g6:22MeV(t0 89),
flow0000005,9,103,145.717734888196,73.2567580249897,2,0.8167957531060718,26.696107879281044,mixed/absorbed,464.09188295863436,g43:27MeV(t0 476),yes
flow0000005,9,110,504.7194714769721,93.47922482700467,1,0.9881193608392362,5.996389918029308,mixed/absorbed,600.0860533688796,g42:6MeV(t0 462),
flow0000005,9,146,80.06141395866871,28.76796506548976,1,0.7404536125123251,20.779650770127773,mixed/absorbed,246.98669960919548,g48:21MeV(t0 530),
flow0000005,9,158,149.42505349963903,75.71013771841729,1,0.7198717863543693,41.85817331075668,mixed/absorbed,382.78609442710876,g16:42MeV(t0 190),
flow0000006,0,34,502.7265756651759,361.76149242587246,5,0.9788794916750472,10.617840826511383,mixed/absorbed,519.8760138678281,g0:11MeV(t0 12),
flow0000006,0,46,119.18085612356663,29.858276340056616,1,0.8837564760829363,13.854002699255943,mixed/absorbed,265.85392904972684,g30:13MeV(t0 406),
flow0000006,0,64,158.93928422778845,100.11786746118854,1,0.9654882926754866,5.48526605963707,mixed/absorbed,429.7413086051798,g6:5MeV(t0 100),
flow0000006,0,85,511.82601214945316,312.3289225878374,4,0.9888778969445329,5.692581653594971,mixed/absorbed,272.0832459080512,g10:6MeV(t0 153),
flow0000006,0,97,687.4317470565438,86.37561778959946,1,0.9611633570414113,26.697541318833828,mixed/absorbed,404.3316699696236,g25:26MeV(t0 343),
flow0000006,0,115,466.89456217736006,228.8322744649999,3,0.9835422076762665,7.6840537413954735,mixed/absorbed,287.3903530060299,g26:8MeV(t0 352),
flow0000006,1,8,840.5415204539895,496.9540459758116,5,0.8681568966525048,110.81960254907608,mixed/absorbed,491.8297640308941,g24:107MeV(t0 298),
flow0000006,1,15,450.0126731544733,298.06002403814216,3,0.9274638615749791,32.64218155294657,mixed/absorbed,338.89537788449513,g23:33MeV(t0 288),yes
flow0000006,1,38,451.79172918200493,202.34097426323615,3,0.9809764510999511,8.594682052731514,mixed/absorbed,255.32705390443718,g22:9MeV(t0 279),
flow0000006,1,39,678.6773643493652,517.1328251500718,6,0.9904734154147458,6.46547731757164,mixed/absorbed,121.0457771566699,g12:6MeV(t0 154),
flow0000006,1,71,351.296031460166,279.0790524779776,4,0.9795874150581624,7.170860081911087,mixed/absorbed,194.733345873057,g43:7MeV(t0 500),
flow0000006,1,83,442.27400213479996,326.5693340060377,5,0.9394427723038815,26.78288745135069,mixed/absorbed,624.5135827485356,g65:27MeV(t0 951),
flow0000006,10,24,664.6733700931072,463.0858934031811,5,0.9763979121000814,15.687679305672646,mixed/absorbed,582.275089668866,g45:16MeV(t0 514),
flow0000006,10,31,493.0932461693883,324.97919070150317,4,0.9792715817349118,10.221043050289154,mixed/absorbed,247.18731734331917,g5:10MeV(t0 50),
flow0000006,10,34,752.621374823153,273.5348493747615,3,0.9783788679778699,16.27252610772848,mixed/absorbed,50.12655790446342,g6:16MeV(t0 63),yes
flow0000006,10,77,306.93255158513784,82.44914034422155,2,0.7286392217950685,83.28945605456829,mixed/absorbed,447.5562776218761,g16:83MeV(t0 207),yes
flow0000006,10,97,135.20418751984835,24.494007994608,1,0.9327327094392194,9.094819366931915,mixed/absorbed,17.867174251350814,g3:9MeV(t0 32),
flow0000006,10,99,597.4102707207203,387.25729015529305,4,0.9887531742086074,6.718969240784645,mixed/absorbed,25.636289924053028,g50:5MeV(t0 561),
flow0000006,10,142,90.89166694134474,36.21929248313483,1,0.6170612712635499,34.80593939125538,mixed/absorbed,321.267288705577,g38:35MeV(t0 440),
flow0000006,11,13,381.50679399073124,266.2320955696894,3,0.9842155722890823,6.021866410970688,mixed/absorbed,84.80862371805725,g29:6MeV(t0 350),
flow0000006,11,14,472.4909701272845,318.2175108958867,6,0.9497141410922542,23.759614259004593,mixed/absorbed,349.97327407188857,g49:21MeV(t0 608),
flow0000006,11,31,773.5516566857696,496.2648412997896,5,0.9704124230803385,22.887519143521786,mixed/absorbed,471.9943223330054,g6:23MeV(t0 60),
flow0000006,11,53,555.8312229588628,328.3746313272833,4,0.9463643474341058,29.812370359897614,mixed/absorbed,232.45430974819666,g14:30MeV(t0 164),
flow0000006,11,59,630.7541718184948,440.99828456179546,6,0.9792546008818784,13.085247039794922,mixed/absorbed,180.28905751331743,g33:13MeV(t0 412),
flow0000006,11,80,261.5901422351599,159.10134273659054,3,0.9447298895478348,14.458116054534912,mixed/absorbed,40.82740371465396,g18:14MeV(t0 220),yes
flow0000006,11,92,531.4830982387066,296.47990664056806,3,0.8035236331450155,104.42386818677187,mixed/absorbed,413.2144316579439,g14:80MeV(t0 164),
flow0000006,11,107,218.7068516239524,96.27926554585045,2,0.876808829198767,26.942753113806248,mixed/absorbed,78.47732703862752,g8:27MeV(t0 93),yes
flow0000006,11,131,504.3858925998211,271.71102666680054,3,0.9592623509974889,20.54749545454979,mixed/absorbed,58.8843317191694,g27:21MeV(t0 320),
flow0000006,11,133,407.12317065894604,153.83117998791084,2,0.5677387053717696,175.983588822186,mixed/absorbed,268.3674082709228,g11:176MeV(t0 125),
flow0000006,12,57,909.1596516445279,499.7800469455056,5,0.9926377147144794,6.693492725491524,mixed/absorbed,614.6220728294137,g18:7MeV(t0 184),
flow0000006,12,89,86.32371547818184,41.633465182532895,1,0.8914591706935957,9.369647666811943,mixed/absorbed,141.88829965542018,g25:9MeV(t0 268),
flow0000006,12,111,664.0050867721438,445.8674767823718,5,0.974186220149891,17.140481129288673,mixed/absorbed,294.935530761941,g52:17MeV(t0 590),
flow0000006,12,114,648.4635799899697,460.0767024180646,5,0.9707079040454359,18.994857408106327,mixed/absorbed,539.9532933814666,g61:19MeV(t0 742),yes
flow0000006,2,66,96.19127088040113,36.06871275150882,1,0.8245148193521841,16.88014254719019,mixed/absorbed,478.39822587156607,g57:17MeV(t0 662),
flow0000006,2,90,658.50675958395,492.14317973569604,7,0.9841353360969312,10.44698841869831,mixed/absorbed,76.51997500809347,g47:10MeV(t0 532),
flow0000006,2,143,128.7930091023445,57.05156920564005,1,0.7836982131139832,27.858158007264137,mixed/absorbed,242.2969802423572,g28:27MeV(t0 320),
flow0000006,3,14,244.47815769910812,139.90330093846813,3,0.8997805768340942,24.501459941267967,mixed/absorbed,246.0530328552387,g34:25MeV(t0 368),
flow0000006,3,20,60.49810981750488,24.2062079438603,1,0.8433036359330867,9.479833841323853,mixed/absorbed,247.4977743686774,g45:9MeV(t0 487),
flow0000006,3,38,766.2965642735362,379.4576181625573,4,0.9905594865402471,7.234233029186726,mixed/absorbed,524.3113417852493,g34:7MeV(t0 368),
flow0000006,3,46,117.57328512519598,76.09911541197194,2,0.9547111097109428,5.324763610959053,mixed/absorbed,369.4880591991336,g49:3MeV(t0 525),
flow0000006,3,50,182.55017674714327,63.51017846703491,1,0.8782685219795516,22.22210282832384,mixed/absorbed,273.06434326171876,g58:22MeV(t0 603),
flow0000006,3,73,810.1732790917158,514.55769116641,7,0.9853953743939221,11.832277417182922,mixed/absorbed,573.9747386513523,g52:10MeV(t0 542),
flow0000006,3,84,414.6241130903363,254.70837551856397,3,0.9847885237683343,6.307044841349125,mixed/absorbed,372.6381572048744,g59:6MeV(t0 617),
flow0000006,3,85,117.3229765817523,64.78635849727192,2,0.8823852734118931,13.798909813165665,mixed/absorbed,262.8744307915691,g69:14MeV(t0 784),
flow0000006,3,118,77.35166227072477,22.569028346379504,1,0.7789600448548717,17.097807958722115,mixed/absorbed,0.3257187616690404,g11:17MeV(t0 85),
flow0000006,4,13,662.7291870191693,485.50999360465033,7,0.9820661279968188,11.885300412774086,mixed/absorbed,57.80605435194793,g18:9MeV(t0 260),
flow0000006,4,19,102.64162168651819,43.24664235812608,1,0.782364128372622,22.338498800992966,mixed/absorbed,458.4014160509054,g54:22MeV(t0 683),
flow0000006,4,24,374.2313174903393,236.4433637556316,3,0.9809618187592444,7.124683648347855,mixed/absorbed,251.3584581960245,g9:7MeV(t0 138),
flow0000006,4,29,298.02180284261703,126.31378626642986,2,0.9548678715009848,13.450358301401138,mixed/absorbed,527.5120952001249,g57:13MeV(t0 740),
flow0000006,4,39,95.35914245247841,25.92121403576583,1,0.838305375599645,15.419060721993446,mixed/absorbed,329.34309056293534,g29:15MeV(t0 420),
flow0000006,4,41,75.62466845661402,25.229674420450166,1,0.5160987364238621,36.59487262368202,mixed/absorbed,264.08237387917256,g23:37MeV(t0 342),
flow0000006,4,44,457.6048501878977,304.42443723937663,4,0.9820264270831679,8.224794141948223,mixed/absorbed,137.0753327899509,g18:8MeV(t0 260),
flow0000006,4,45,82.69155263900757,41.38836706256554,1,0.9359650777580575,5.295147143304348,mixed/absorbed,508.00838083857377,g18:5MeV(t0 260),
flow0000006,4,75,503.932885363698,230.89775837026957,3,0.9800823990310044,10.037134125828743,mixed/absorbed,137.2987144923049,g14:10MeV(t0 194),yes
flow0000006,4,91,724.7434787973762,500.2029862310715,5,0.9512352934286873,35.34190308302641,mixed/absorbed,114.21737712443176,g26:35MeV(t0 383),
flow0000006,4,110,282.03700202703476,168.62965455675214,3,0.7926759938350618,58.47304114699364,mixed/absorbed,244.69661452130575,g19:58MeV(t0 301),
flow0000006,4,124,736.9465971365571,499.96359367240257,6,0.9931269623161201,5.06506173312664,mixed/absorbed,565.1359018757825,g12:5MeV(t0 175),
flow0000006,5,19,89.02741681039333,52.586561702539385,1,0.8689433496274044,11.667635038495064,mixed/absorbed,265.64811578047903,g14:12MeV(t0 180),
flow0000006,5,28,941.9357376843691,492.479256103308,5,0.859193941778006,132.63025832176208,mixed/absorbed,15.11074861863173,g37:109MeV(t0 421),
flow0000006,5,51,734.9054420292377,496.5647353195218,5,0.9755724900208227,17.9519100189209,mixed/absorbed,123.48829042880884,g0:18MeV(t0 14),
flow0000006,5,58,237.05555940419436,92.7181111909296,2,0.7026783753014413,70.48174406588078,mixed/absorbed,17.969249662884536,g17:70MeV(t0 214),
flow0000006,5,68,497.50148382782936,310.6600108187746,6,0.901147338240301,49.17934590578079,mixed/absorbed,287.61354766536,g12:49MeV(t0 158),
flow0000006,5,80,94.885278172791,28.83704053758772,1,0.9381832032865439,5.865503951907158,mixed/absorbed,155.07853869926637,g49:6MeV(t0 536),
flow0000006,5,84,394.880883410573,234.25300806718099,3,0.9760246338052536,9.467413783073425,mixed/absorbed,244.39838638128373,g49:9MeV(t0 536),
flow0000006,5,140,214.32010304927826,62.433081021488725,1,0.6589603191743426,73.09165953844786,mixed/absorbed,156.38236333492912,g18:55MeV(t0 226),
flow0000006,6,11,816.243388466537,500.2997088467862,5,0.627493739726279,304.0557721108198,bad-stitch?(tpc10),261.74189483787603,g1:304MeV(t0 45),
flow0000006,6,12,402.0165529102087,249.33723060523306,3,0.97873751965041,8.547869056463242,mixed/absorbed,41.97695497239913,g4:7MeV(t0 72),
flow0000006,6,18,675.2235382571816,438.3488999391475,5,0.9779469472530241,14.890740305185318,mixed/absorbed,33.43158360277427,g10:15MeV(t0 130),
flow0000006,6,23,801.7488168105483,498.7351655581443,5,0.9871278356665344,10.320242524147034,mixed/absorbed,233.68757325105565,g35:9MeV(t0 399),
flow0000006,6,33,451.53712314367294,316.19308750332345,4,0.9455835590774414,24.57104318588972,mixed/absorbed,187.32444645066585,g18:25MeV(t0 231),
flow0000006,6,50,659.3312495350838,513.4478618298658,6,0.9829056530144564,11.270837157964706,mixed/absorbed,183.70204232872973,g1:11MeV(t0 45),
flow0000006,6,63,368.76484502106905,245.50347541487216,2,0.9147009490379555,31.45529130846262,mixed/absorbed,595.7228877395139,g50:27MeV(t0 606),
flow0000006,6,74,286.52359011769295,154.60678741219482,2,0.7946881482023038,58.82668887078762,mixed/absorbed,121.91718608005661,g18:57MeV(t0 231),
flow0000006,6,87,865.0431402996182,511.0658275587813,6,0.9576585642878868,36.623055912554264,mixed/absorbed,338.7667845818521,g41:36MeV(t0 481),
flow0000006,6,93,61.53373361378908,27.331034531634725,1,0.8227114052947615,10.909229159355164,mixed/absorbed,169.88904705563107,g17:11MeV(t0 218),
flow0000006,6,99,214.7565504834056,115.9880923143922,2,0.9518354667573697,10.34364901483059,mixed/absorbed,544.1389665200677,g43:7MeV(t0 515),
flow0000006,6,108,190.9486886933446,106.27217206260883,3,0.9074933427909693,17.664024889469147,mixed/absorbed,96.57691278143244,g8:18MeV(t0 105),
flow0000006,7,15,799.6075109690428,497.3966158385975,6,0.98549014126281,11.602192029356956,mixed/absorbed,166.9626375577946,g57:12MeV(t0 578),
flow0000006,7,21,325.3065845295787,257.7040603507869,3,0.9827485444341244,5.612012088298798,mixed/absorbed,578.9212941731492,g14:4MeV(t0 169),
flow0000006,7,40,583.1452963650227,421.0072773091125,5,0.9285129774049399,41.68732097744942,mixed/absorbed,190.97112392945724,g23:42MeV(t0 252),
flow0000006,7,41,89.66385412961245,35.57334394631931,1,0.7835447136899,19.40821521729231,mixed/absorbed,251.68328749203513,g35:19MeV(t0 349),
flow0000006,7,53,111.4146391749382,45.703703198174296,1,0.8516710375570359,16.52601782977581,mixed/absorbed,58.28115063998366,g6:17MeV(t0 79),
flow0000006,7,55,111.05335123836994,52.39119658543385,1,0.8009824411457839,22.10156686604023,mixed/absorbed,181.70886958729136,g17:22MeV(t0 191),
flow0000006,7,76,790.7507346495986,494.9675253446259,5,0.9775519595039533,17.750804513692856,mixed/absorbed,564.6598517825099,g22:18MeV(t0 235),
flow0000006,7,80,413.93226262182,236.3641554418353,4,0.7644042788437339,97.52066992223263,mixed/absorbed,43.68794490716396,g11:98MeV(t0 120),
flow0000006,7,91,868.583587191999,495.0839700723664,5,0.9933905865401828,5.740828052163124,mixed/absorbed,605.3363603044685,g4:6MeV(t0 55),
flow0000006,7,106,164.98153053224087,80.490065560348,1,0.9573161672356655,7.042044058442116,mixed/absorbed,113.72998642819122,g15:7MeV(t0 176),yes
flow0000006,7,123,59.24816645681858,22.431723888014652,1,0.8104543189138751,11.230234064161777,mixed/absorbed,43.998846239513824,g4:11MeV(t0 55),
flow0000006,7,141,401.04526191949844,280.0733805834053,3,0.9773908991246334,9.067272782325745,mixed/absorbed,607.5532098397022,g25:9MeV(t0 266),
flow0000006,7,145,157.02519571781158,65.87337126949896,1,0.9223048551543724,12.20009532570839,mixed/absorbed,350.1733645175366,g42:12MeV(t0 420),
flow0000006,7,146,372.54270078986883,72.416280951926,1,0.9717819424566816,10.512431368231773,mixed/absorbed,176.38096626915225,g0:11MeV(t0 7),yes
flow0000006,7,148,193.9259496331215,158.43844344825698,3,0.9676084175939639,6.281568378210068,mixed/absorbed,265.7516657582233,g58:6MeV(t0 601),
flow0000006,7,153,189.5350608676672,126.33741607055153,2,0.9683735562268396,5.994319945573807,mixed/absorbed,604.2691659795117,g35:6MeV(t0 349),
flow0000006,8,10,725.7967691421509,520.6490395391811,7,0.988821698998481,8.113174751400948,mixed/absorbed,541.9588436815474,g41:8MeV(t0 429),
flow0000006,8,50,56.53475158661604,20.74615234919137,1,0.6089045600879743,22.110483542084694,mixed/absorbed,588.291822783801,g57:22MeV(t0 612),
flow0000006,8,51,115.037568628788,49.18314392206676,1,0.8377976611373622,18.65936268866062,mixed/absorbed,426.54917720326205,g68:19MeV(t0 797),
flow0000006,8,61,99.21120070666075,41.71818067352627,1,0.9431977588312598,5.635418549180031,mixed/absorbed,426.1918529035858,g59:6MeV(t0 632),
flow0000006,8,71,97.93195765465498,34.40441287060203,1,0.8211352102363441,17.516579017043114,mixed/absorbed,427.7281115428511,g46:18MeV(t0 489),
flow0000006,8,75,110.97994516789913,47.50412369662067,1,0.8408918395730467,17.657814919948578,mixed/absorbed,426.3708089192708,g48:18MeV(t0 520),
flow0000006,8,81,408.39843406528234,290.72462060135865,5,0.9661041400308122,13.843016132712364,mixed/absorbed,195.16841749998787,g25:8MeV(t0 283),
flow0000006,8,87,84.62920519709587,29.021234981509647,1,0.8017290865373761,16.77950982004404,mixed/absorbed,147.87716958877888,g31:17MeV(t0 331),
flow0000006,8,89,829.32289391011,156.7133754803489,2,0.9893133736539512,8.862663887441158,mixed/absorbed,572.7001475610547,g46:9MeV(t0 489),
flow0000006,8,93,228.92232454568148,149.07438876040666,2,0.945875902278284,12.390214264392853,mixed/absorbed,308.02469813706665,g53:12MeV(t0 573),
flow0000006,8,105,71.66990731656551,30.093496601136096,1,0.5842521859414757,29.796607300639153,mixed/absorbed,70.94629959833054,g25:30MeV(t0 283),
flow0000006,8,116,475.8234683126211,308.79961263615195,4,0.8937715173505303,50.54600504785776,mixed/absorbed,456.28939016705993,g2:51MeV(t0 16),
flow0000006,8,124,170.0591702759266,35.407526754632805,1,0.8533396876560652,24.940931029617786,mixed/absorbed,121.65503941641913,g15:25MeV(t0 160),
flow0000006,8,128,63.91356372088194,26.75282210341132,1,0.8769615964156373,7.863822847604752,mixed/absorbed,235.4428592008703,g26:8MeV(t0 297),
flow0000006,8,129,82.86909189075232,30.837294937099692,1,0.9042158475426773,7.937545731663704,mixed/absorbed,10.885469558022239,g13:8MeV(t0 143),
flow0000006,8,138,159.38544165343046,107.88898119909737,2,0.9523729126228884,7.591064356267452,mixed/absorbed,15.715612264465724,g42:8MeV(t0 458),
flow0000006,9,10,71.4867949783802,42.55450420517065,1,0.9068396315924119,6.659736156463623,mixed/absorbed,31.987544059753418,g6:7MeV(t0 65),
flow0000006,9,11,61.11480263620615,23.109475894532906,1,0.6876384103956692,19.0899168998003,mixed/absorbed,32.02950926621755,g6:19MeV(t0 65),
flow0000006,9,40,68.31878258287907,26.27788445988304,1,0.8844616511127743,7.893439337611198,mixed/absorbed,466.6821657816569,g45:8MeV(t0 528),
flow0000006,9,72,100.09109895676374,37.75617947728512,1,0.794587974202154,20.559915401041508,mixed/absorbed,215.03245769563267,g21:21MeV(t0 261),
flow0000006,9,78,70.70896304398775,24.30574931844791,1,0.8173381773955705,12.915828064084053,mixed/absorbed,215.4338860630004,g26:13MeV(t0 331),
flow0000006,9,95,580.0744143351912,390.3645889722018,4,0.5474762870126789,262.49742778390646,bad-stitch?(tpc45),477.59307527288746,g28:262MeV(t0 366),
flow0000006,9,114,622.4839986860752,376.755946141708,5,0.8814464640942093,73.79767908900976,mixed/absorbed,624.0285736949384,g41:74MeV(t0 492),yes
flow0000007,0,12,746.7655899971724,499.2597597362487,5,0.9856653538820973,10.704620465636253,mixed/absorbed,13.634425162554948,g4:10MeV(t0 46),
flow0000007,0,31,166.90405651926994,73.52574441138853,1,0.9182983466872452,13.636337362229824,mixed/absorbed,60.790931804760085,g5:14MeV(t0 87),
flow0000007,0,34,457.91614557802677,308.9821080026253,3,0.9873984690465961,5.770444482564926,mixed/absorbed,495.1938304104442,g9:6MeV(t0 133),
flow0000007,0,39,123.73336070030928,52.35308478812114,1,0.8596463686757048,17.36642649024725,mixed/absorbed,494.95124367410824,g50:17MeV(t0 562),
flow0000007,0,78,265.4636935964227,52.54711358993552,1,0.938797471110801,16.247049376368523,mixed/absorbed,43.08194054866183,g34:16MeV(t0 409),
flow0000007,0,94,738.3159636408091,502.20449053745364,5,0.9918409777081447,6.023936405777931,mixed/absorbed,127.52634076554646,g33:6MeV(t0 386),
flow0000007,0,97,520.3394869416952,361.85322021815773,5,0.9891657490060454,5.637488603591919,mixed/absorbed,462.47418698884843,g17:5MeV(t0 223),
flow0000007,0,115,224.0972153097391,42.86385675035171,1,0.9149739973052016,19.054090432822704,mixed/absorbed,598.7405457930131,g61:18MeV(t0 697),
flow0000007,0,125,114.55462830513716,36.92307990426559,1,0.9402586764761957,6.8436451107263565,mixed/absorbed,223.41478080102954,g30:7MeV(t0 339),
flow0000007,0,157,257.70703388750553,168.39046049795633,4,0.9406786152164796,15.28753811866045,mixed/absorbed,457.1986100150017,g41:9MeV(t0 483),
flow0000007,0,173,621.629896491766,394.17729959099006,4,0.9849039792971908,9.384137786924839,mixed/absorbed,252.28247583251346,g4:9MeV(t0 46),
flow0000007,0,180,36.370997346937656,25.202773463632404,1,0.7639392345597172,8.585765473544598,mixed/absorbed,40.16112073262533,g20:9MeV(t0 252),
flow0000007,1,19,165.66971692442894,59.15242563774362,1,0.9168121158121249,13.781713224947453,mixed/absorbed,548.8498177877286,g56:14MeV(t0 655),
flow0000007,1,26,762.4199890941381,486.9823218799727,6,0.8882805890766224,85.17711205780506,mixed/absorbed,584.0507791043337,g22:85MeV(t0 267),
flow0000007,1,36,90.26892376691103,43.33460852346512,1,0.846555209324223,13.851296111941338,mixed/absorbed,588.1419690450033,g53:14MeV(t0 610),
flow0000007,1,48,91.4792203232646,45.998233382633025,1,0.808269584087587,17.53934895992279,mixed/absorbed,318.75605986389934,g33:18MeV(t0 395),
flow0000007,1,70,73.82204217463732,29.682305322359127,1,0.8933077090591101,7.8762428015470505,mixed/absorbed,492.5796611521504,g44:8MeV(t0 517),
flow0000007,1,103,787.1343294903636,496.50330622333865,5,0.9930873810522168,5.441159680485725,mixed/absorbed,155.73718548474247,g39:5MeV(t0 459),
flow0000007,1,109,109.95929069072008,49.78320609792255,1,0.9101603734409408,9.878701612353325,mixed/absorbed,27.48490059564984,g16:10MeV(t0 207),
flow0000007,1,118,445.86699575185776,258.7639548497386,3,0.982291783173113,7.89550943672657,mixed/absorbed,219.2209900952457,g50:8MeV(t0 580),
flow0000007,10,1,437.2369671911001,294.4430721910735,3,0.9858068372065895,6.2057754546403885,mixed/absorbed,227.1558314788542,g23:6MeV(t0 244),
flow0000007,10,5,743.8848257437348,496.5911982331073,5,0.9680239155351049,23.786524020135403,mixed/absorbed,230.3731512549843,g58:24MeV(t0 613),
flow0000007,10,64,253.56008049845695,53.95266424061542,1,0.9130824120955748,22.03883058577776,mixed/absorbed,347.11326432138117,g34:13MeV(t0 373),
flow0000007,10,73,103.45464362204075,34.88871221961397,1,0.8601667770928543,14.466396242380142,mixed/absorbed,146.65941173051934,g25:14MeV(t0 262),
flow0000007,10,75,251.42243871092796,156.07071512621343,3,0.9510646908153435,12.303434774279594,mixed/absorbed,46.40779942574261,g27:12MeV(t0 284),yes
flow0000007,10,82,61.571470372378826,21.640887177010157,1,0.9111475471122356,5.470776170492172,mixed/absorbed,299.45335646409256,g34:5MeV(t0 373),
flow0000007,10,95,70.6760031208396,24.578792257737604,1,0.9014632829905224,6.9641813188791275,mixed/absorbed,174.03480913386,g27:7MeV(t0 284),
flow0000007,10,112,828.305596113205,477.9750496866056,5,0.6490220127881934,290.7170309200883,bad-stitch?(tpc52),267.8295394318013,g34:291MeV(t0 373),
flow0000007,11,37,147.91254191845655,70.91092746412562,1,0.8384036737743022,23.902123376727104,mixed/absorbed,380.85298222698464,g37:24MeV(t0 394),
flow0000007,11,53,233.9114332869649,97.19919481665838,2,0.9569103128851564,10.079170472919941,mixed/absorbed,174.56509911819163,g29:10MeV(t0 308),yes
flow0000007,11,55,87.67747828364372,39.314427166723036,1,0.6741167970589705,28.572617448866367,mixed/absorbed,174.65167677333588,g22:29MeV(t0 258),
flow0000007,11,91,229.6396466344595,144.04615531553992,2,0.9443558826781483,12.778095439076424,mixed/absorbed,154.04044056275708,g19:13MeV(t0 227),
flow0000007,11,129,255.949467420578,46.85171589471602,1,0.960340517188681,10.150823503732681,mixed/absorbed,142.01702305347243,g20:10MeV(t0 239),
flow0000007,12,43,761.4087313488126,502.74378272312606,7,0.8290336462479747,130.17527451366186,bad-stitch?(tpc28),532.6778067386512,g0:130MeV(t0 15),
flow0000007,12,52,639.8138044476509,397.2098784063885,4,0.9910402870866035,5.732548005878925,mixed/absorbed,287.36758076591786,g0:4MeV(t0 15),
flow0000007,12,62,730.5007025077939,513.2996539723439,6,0.9875875920154551,9.067272752523422,mixed/absorbed,383.62171497664553,g16:9MeV(t0 233),
flow0000007,12,79,713.4528955817223,496.46231220180414,6,0.9735201091343124,18.892154812812805,mixed/absorbed,384.5701175989456,g23:19MeV(t0 303),
flow0000007,2,0,223.66332056373358,102.76052973458823,2,0.9474430977086437,11.755051285028458,mixed/absorbed,169.2367109521806,g17:12MeV(t0 226),yes
flow0000007,2,7,173.07432544231415,112.15266138643733,2,0.9475709666807508,9.074119575321674,mixed/absorbed,15.815224920727605,g4:9MeV(t0 80),
flow0000007,2,38,742.2204040586948,519.8312182708726,7,0.9907061278253056,6.898101560771465,mixed/absorbed,349.70644702736973,g47:7MeV(t0 511),
flow0000007,2,41,753.1517628058791,535.1340651682799,9,0.9906809783706666,7.01863756775856,mixed/absorbed,507.16868208998994,g52:7MeV(t0 580),
flow0000007,2,45,453.19008181989193,315.80009708093615,3,0.9831797932059231,7.622750893235207,mixed/absorbed,559.8976527089151,g0:8MeV(t0 7),
flow0000007,2,73,205.79039028286934,149.7326004142509,3,0.9682239766524297,6.539200246334076,mixed/absorbed,513.0533554870958,g14:7MeV(t0 193),
flow0000007,2,117,90.2004543542862,27.14397460292269,1,0.7675662487223244,20.96562997251749,mixed/absorbed,181.27654201532502,g19:21MeV(t0 239),
flow0000007,3,10,1134.3729063346982,360.72738395159877,8,0.5849887505637308,470.77751718461514,mixed/absorbed,149.4559771159049,g47:471MeV(t0 462),
flow0000007,3,14,76.14343556016684,33.365185924974206,1,0.8807198639440393,9.082399353384972,mixed/absorbed,585.5532985780297,g69:9MeV(t0 938),
flow0000007,3,17,83.15729656815529,42.47922677538132,1,0.930177252067901,5.806270956993103,mixed/absorbed,162.8560053404526,g43:6MeV(t0 425),
flow0000007,3,21,387.33535147458315,85.38236830378709,2,0.9144889334369528,33.121459022164345,mixed/absorbed,558.6394284859231,g58:33MeV(t0 597),
flow0000007,3,25,728.5367817655206,495.3116811756744,5,0.9860403890931138,10.17009000480175,mixed/absorbed,143.09993145478524,g58:10MeV(t0 597),
flow0000007,3,80,767.9990406408906,498.2167913506405,5,0.9922523164654561,5.950213521718979,mixed/absorbed,258.2992440398628,g6:6MeV(t0 41),
flow0000007,3,82,202.6820873618126,100.88178820855711,1,0.8828965367269865,23.734774373471737,mixed/absorbed,557.0555575439028,g64:24MeV(t0 704),yes
flow0000007,3,92,412.7261107638478,265.34680185852767,3,0.9665448199482838,13.807826347649097,mixed/absorbed,429.91966117745017,g37:14MeV(t0 371),
flow0000007,3,111,66.62681909650564,24.65947815128996,1,0.6107232921627407,25.93626879155636,mixed/absorbed,486.6751739888252,g58:26MeV(t0 597),
flow0000007,3,139,575.9647239670157,331.56070325509734,4,0.9497555999860999,28.939001984894276,mixed/absorbed,49.77924911720165,g36:29MeV(t0 359),
flow0000007,3,150,378.5690241828561,174.77172453496507,2,0.9074825481812745,35.02424145489931,mixed/absorbed,262.42348934450945,g57:35MeV(t0 565),yes
flow0000007,3,152,102.09292102605104,42.27189854851994,1,0.7516953333516551,25.35014872252941,mixed/absorbed,198.54368091020427,g31:25MeV(t0 266),
flow0000007,4,70,190.52641487121582,38.68228751295147,1,0.9361435585233033,12.166338860988617,mixed/absorbed,559.7975920663072,g59:12MeV(t0 747),
flow0000007,4,74,112.91091061383486,36.929113561047025,1,0.5109319810382539,55.22111537307501,mixed/absorbed,433.5060390896267,g13:55MeV(t0 190),
flow0000007,4,80,100.93899084627628,46.82954328951239,1,0.7973782407395082,20.45243590325117,mixed/absorbed,433.576856737013,g53:20MeV(t0 620),
flow0000007,4,86,59.188136883080006,23.51587591037553,1,0.7641168829663033,13.961482219398022,mixed/absorbed,571.1153689793179,g51:14MeV(t0 597),
flow0000007,4,108,667.7509396150708,447.12757049607274,5,0.9898904587095191,6.750655695796013,mixed/absorbed,60.35319469937787,g3:7MeV(t0 44),
flow0000007,4,111,123.55789183080196,45.54771880410845,1,0.9140323566428398,10.621980778872967,mixed/absorbed,369.94887250735434,g58:11MeV(t0 705),
flow0000007,4,115,128.16150921583176,57.24215628595515,1,0.9044465701980045,12.246271774172783,mixed/absorbed,282.5763077856789,g29:12MeV(t0 330),
flow0000007,5,14,537.4339554831386,399.2756410395812,5,0.9482385671665734,27.818351589143276,mixed/absorbed,115.60439317812727,g7:28MeV(t0 83),
flow0000007,5,46,743.1343756690621,509.10508190845337,6,0.9921580703659079,5.827607482671738,mixed/absorbed,21.168690516313916,g8:5MeV(t0 96),
flow0000007,5,51,728.9136753380299,504.2681440234471,5,0.9831756918101442,12.263468317687511,mixed/absorbed,500.2548888885017,g30:12MeV(t0 367),
flow0000007,5,55,126.4789395481348,27.92068551008012,1,0.8836015074744736,14.72195789963007,mixed/absorbed,305.20419831255117,g30:15MeV(t0 367),
flow0000007,5,74,160.994923427701,51.46091709848095,1,0.9002129374679734,16.06521049141884,mixed/absorbed,305.7197358921596,g36:16MeV(t0 451),
flow0000007,5,91,423.60604326426983,323.650184859496,3,0.9840394024050584,6.761005595326424,mixed/absorbed,155.29485371769525,g41:4MeV(t0 498),
flow0000007,5,123,488.9365777745843,325.41827138669464,4,0.9009811588759812,48.41393331438303,mixed/absorbed,369.0189347679935,g48:48MeV(t0 573),
flow0000007,6,3,237.73562861979008,159.32400403185022,2,0.9370106479728263,14.97481320053339,mixed/absorbed,262.63503194251126,g40:15MeV(t0 451),
flow0000007,6,7,1063.248355023563,508.18037799265085,7,0.643171932459572,379.3968558385968,mixed/absorbed,317.0590999843015,g22:377MeV(t0 250),
flow0000007,6,13,127.69130554795265,24.86829470466886,1,0.9438746434861867,7.166720047593117,mixed/absorbed,288.489798153148,g29:7MeV(t0 330),
flow0000007,6,38,370.23643684387207,231.1583213674116,3,0.9841294553054198,5.875853918492794,mixed/absorbed,84.61532695476825,g19:6MeV(t0 225),
flow0000007,6,44,317.49037144333124,232.2944542481588,3,0.9842461715994205,5.001688830554485,mixed/absorbed,86.2567177693927,g36:5MeV(t0 403),
flow0000007,6,65,533.9583115428686,287.4005830630683,3,0.7907396857363146,111.73628407716751,mixed/absorbed,85.1623381309037,g19:112MeV(t0 225),
flow0000007,6,75,254.00863132625818,140.51242455898182,2,0.7875724444367428,53.95843264460564,mixed/absorbed,433.48495959113626,g36:53MeV(t0 403),
flow0000007,6,81,536.6715660318732,369.1264515871545,5,0.9846269650122297,8.250270761549473,mixed/absorbed,40.813942293260915,g52:7MeV(t0 579),
flow0000007,6,94,446.8952962830663,341.093829157045,5,0.9867378174139918,5.926807016134262,mixed/absorbed,30.614829692383584,g51:4MeV(t0 567),
flow0000007,6,103,431.31891345977783,195.2705083303423,2,0.9520481927296351,20.682521410286427,mixed/absorbed,308.5180591118045,g2:21MeV(t0 32),
flow0000007,7,16,138.65610741078854,82.23033671247526,2,0.8810758855086712,16.489554792642593,mixed/absorbed,89.75055723923903,g41:16MeV(t0 441),
flow0000007,7,17,359.69932497292757,285.38082236367484,3,0.9823546755379123,6.347011297941208,mixed/absorbed,471.6651433911189,g47:6MeV(t0 521),
flow0000007,7,26,731.5659435763955,474.9995286062275,5,0.990223396610048,7.152230083942413,mixed/absorbed,139.66091840710425,g21:7MeV(t0 235),
flow0000007,7,35,558.7680322229862,402.79339413568687,5,0.9900094577336735,5.582395642995834,mixed/absorbed,135.30151209337959,g0:6MeV(t0 6),
flow0000007,7,76,71.21260341256857,27.685690176808507,1,0.6975907487598835,21.53535007685423,mixed/absorbed,559.7090679777771,g56:22MeV(t0 612),
flow0000007,7,77,111.85920651257038,53.84429384937155,2,0.8807043898186596,13.34431229531765,mixed/absorbed,171.75320574881016,g17:13MeV(t0 194),yes
flow0000007,7,96,362.48375314474106,227.74625481505234,3,0.9277623235638175,26.18498407304287,mixed/absorbed,46.55996413605646,g19:26MeV(t0 214),
flow0000007,7,98,546.5087046325207,322.84094744184097,3,0.9730352916593765,14.73644782602787,mixed/absorbed,440.8016790241422,g34:15MeV(t0 359),
flow0000007,7,127,121.62342210114002,42.47589828170788,1,0.9459394696776183,6.575026698410511,mixed/absorbed,46.83391863085848,g51:7MeV(t0 560),
flow0000007,8,35,531.9181133210659,305.45101166436336,4,0.8964597332100566,55.074943363666534,mixed/absorbed,47.83377833378285,g53:55MeV(t0 624),
flow0000007,8,38,205.68641095608473,54.936149590144765,1,0.9108431234952534,18.3383579403162,mixed/absorbed,620.0724669272855,g64:18MeV(t0 824),
flow0000007,8,99,192.53874671459198,109.74794138116607,2,0.9598369835880747,7.732936844229698,mixed/absorbed,275.64590618764754,g24:8MeV(t0 287),
flow0000007,8,119,192.0938603579998,44.876052919876656,1,0.8810894870285843,22.84197947382927,mixed/absorbed,152.92370724478803,g22:23MeV(t0 270),
flow0000007,8,133,73.77156551927328,23.425738480377106,1,0.8728788310234399,9.377927646040916,mixed/absorbed,57.18559568148133,g5:9MeV(t0 74),
flow0000007,8,138,410.91965994238853,148.98902252540177,3,0.9791009377562703,8.587835550308228,mixed/absorbed,153.09957691940846,g31:8MeV(t0 363),yes
flow0000007,8,144,96.84426739811897,32.67543321105764,1,0.7321282623340369,25.941842190921307,mixed/absorbed,152.88615012891364,g22:26MeV(t0 270),
flow0000007,8,151,91.1876717582345,33.980163181975584,1,0.7064768699024963,26.765690840780735,mixed/absorbed,153.02799215877758,g11:27MeV(t0 167),
flow0000007,8,164,1497.4381696209311,496.82874954752674,6,0.5032117649891943,743.9096653237939,mixed/absorbed,456.01924120181076,g0:736MeV(t0 11),
flow0000007,9,42,74.84349288791418,39.32593244849767,1,0.892721443925303,8.029101848602295,mixed/absorbed,277.25138072275746,g3:8MeV(t0 27),
flow0000007,9,80,375.18430645763874,250.88972747522493,3,0.9739341384425585,9.77950219064951,mixed/absorbed,337.71750108475254,g34:10MeV(t0 376),
flow0000007,9,98,818.8528270944953,494.8624757733694,5,0.9726238982875393,22.41699828207493,mixed/absorbed,464.5132269783372,g50:22MeV(t0 559),
flow0000007,9,104,644.1093138977885,441.58324335494984,5,0.9856105507904172,9.268378257751465,mixed/absorbed,161.39632418558477,g32:9MeV(t0 351),
flow0000007,9,111,106.03637603670359,43.03637175613413,1,0.7576230822733276,25.700769990682602,mixed/absorbed,302.18861822988475,g44:26MeV(t0 490),
flow0000008,0,11,114.27709276229143,52.34698056858062,1,0.7880372079279369,24.222491651773453,mixed/absorbed,132.74348256779814,g43:24MeV(t0 456),
flow0000008,0,30,713.0678761899471,511.3409022686449,7,0.991697007754369,5.920597046613693,mixed/absorbed,476.2270523188564,g6:6MeV(t0 43),
flow0000008,0,72,80.85166572779417,51.545090429700515,1,0.9380350586134577,5.009968727827072,mixed/absorbed,380.1850368740322,g14:5MeV(t0 130),
flow0000008,0,128,158.27243445813656,98.73259809146533,2,0.8962288553728467,16.42411168664694,mixed/absorbed,299.84178306642644,g32:16MeV(t0 305),
flow0000008,0,137,345.12560664117336,226.39429827850333,2,0.9569242704202207,14.866537302732468,mixed/absorbed,410.89074391710363,g44:15MeV(t0 464),yes
flow0000008,0,138,328.5382860377431,196.37407387785163,2,0.9170547161523933,27.250701390206814,mixed/absorbed,608.2315882359827,g37:27MeV(t0 373),
flow0000008,1,15,75.54330237209797,24.134252713605832,1,0.8390942437528772,12.15535219758749,mixed/absorbed,557.5250210466056,g65:12MeV(t0 793),
flow0000008,1,37,904.250792235136,495.5461327191039,6,0.8533235142977494,132.63232839852571,mixed/absorbed,27.923810357353435,g17:132MeV(t0 193),
flow0000008,1,64,269.9499593600631,56.99014353751366,1,0.9038959835043038,25.943275347352028,mixed/absorbed,287.15235812895776,g58:26MeV(t0 644),
flow0000008,1,87,112.51968618482351,62.13899083778138,1,0.9555483225834289,5.001688793301582,mixed/absorbed,459.1842295135382,g42:5MeV(t0 501),
flow0000008,1,96,78.74586789309978,30.154535729373812,1,0.8507034738714748,11.756484523415565,mixed/absorbed,332.21863172540617,g31:12MeV(t0 369),
flow0000008,1,101,770.1736261621118,498.6378894408258,6,0.9823651696853235,13.58188121020794,mixed/absorbed,471.65519620631073,g25:14MeV(t0 297),
flow0000008,1,125,308.1004965081811,87.85586977541398,1,0.7009179013954665,92.14734307676554,mixed/absorbed,583.3054250658428,g17:87MeV(t0 193),
flow0000008,1,156,248.86873342841864,153.52415490497233,2,0.9250008794473646,18.664936140179634,mixed/absorbed,238.98152092994727,g21:19MeV(t0 250),
flow0000008,10,42,326.0826561525464,161.33789266400106,4,0.9367226747932367,20.63363827764988,mixed/absorbed,462.9124929912229,g1:17MeV(t0 22),yes
flow0000008,10,52,76.37559101730585,29.860321249191504,1,0.8581015736003822,10.837576180696487,mixed/absorbed,34.26416428883871,g11:11MeV(t0 149),
flow0000008,10,67,61.421318009495735,22.527554849786743,1,0.7082072774692091,17.922293603420258,mixed/absorbed,462.6853355994591,g48:16MeV(t0 564),
flow0000008,10,123,162.76633989065886,25.211327170825385,1,0.8891782363046344,18.03805285692215,mixed/absorbed,397.01887819660243,g46:18MeV(t0 543),
flow0000008,10,141,164.5952394157648,47.392161796891045,1,0.9384040295841918,10.138403497636318,mixed/absorbed,19.055164522151884,g11:10MeV(t0 149),yes
flow0000008,10,144,198.538003385067,121.44382030257694,1,0.9348827539433251,12.928248018026352,mixed/absorbed,202.78852796637207,g16:13MeV(t0 217),
flow0000008,11,24,158.98498103767633,83.4710797842234,1,0.941104890911799,9.363437801599503,mixed/absorbed,343.59176973972274,g39:9MeV(t0 387),
flow0000008,11,34,753.9668550863862,396.0832448362884,4,0.8632482964435335,103.1062518581748,mixed/absorbed,193.0010240957104,g36:103MeV(t0 364),
flow0000008,11,78,45.822648011147976,26.696294418546266,1,0.8066328701097508,8.860593929886818,mixed/absorbed,429.7175060565655,g49:9MeV(t0 506),
flow0000008,11,87,725.6235340759158,518.5549105623251,5,0.9842090989380314,11.458249434828758,mixed/absorbed,242.79699433686523,g30:11MeV(t0 303),
flow0000008,11,96,384.7900858744979,218.37524539307975,3,0.900765087233318,38.18461060523987,mixed/absorbed,61.19713140008934,g24:38MeV(t0 259),
flow0000008,11,98,85.23745849728584,31.390908327619393,1,0.7890494392072545,17.980889670550823,mixed/absorbed,148.20703030171367,g14:18MeV(t0 162),
flow0000008,11,104,117.11582073569298,52.49686510594871,1,0.8864354467823987,13.30020585656166,mixed/absorbed,305.30175915279904,g43:13MeV(t0 431),
flow0000008,2,11,116.28767179697752,38.06104654149931,1,0.5169480742470671,56.172983802855015,mixed/absorbed,281.4520153023346,g45:56MeV(t0 478),
flow0000008,2,67,186.03537329286337,94.04475515106476,1,0.9267114254596326,13.634267322719097,mixed/absorbed,79.82412358876822,g15:14MeV(t0 164),
flow0000008,2,103,76.90582124143839,30.718105918464826,1,0.5770968350577061,32.52371520549059,mixed/absorbed,210.3448704738243,g5:33MeV(t0 75),
flow0000008,2,109,248.51094238460064,65.1336387409423,1,0.7052484776340602,73.24897859245539,mixed/absorbed,620.1819364903337,g27:73MeV(t0 289),
flow0000008,2,118,318.40656589716673,88.69542592094558,2,0.9607362564849428,12.501833736896515,mixed/absorbed,66.7787026277266,g28:13MeV(t0 302),yes
flow0000008,3,10,490.8917513489723,331.87251524424636,4,0.9718563826703234,13.815469600260258,mixed/absorbed,128.0551413267957,g19:14MeV(t0 201),yes
flow0000008,3,18,429.2245816886425,293.5160296874179,4,0.908673974603079,39.19937504827976,mixed/absorbed,272.2425889820325,g19:39MeV(t0 201),
flow0000008,3,132,86.82464953511953,34.81092136494256,1,0.8918396512789151,9.390984371304512,mixed/absorbed,254.16918508442606,g35:9MeV(t0 325),
flow0000008,3,152,71.43281568586826,25.221916466304712,1,0.8124484501657514,13.397335290908813,mixed/absorbed,139.58077231014477,g35:13MeV(t0 325),
flow0000008,4,89,78.68090141564608,21.18729446865609,1,0.7864685574174847,16.80084638297558,mixed/absorbed,245.97363371007583,g38:17MeV(t0 364),
flow0000008,5,6,626.6132791787386,490.61565434517,5,0.9910174709914753,5.628571957349777,mixed/absorbed,538.022658164621,g3:6MeV(t0 38),
flow0000008,5,10,115.55728945881128,30.25396030473487,1,0.7551382592896644,28.29555904865265,mixed/absorbed,592.7471342714961,g61:21MeV(t0 720),
flow0000008,5,15,142.2185275182128,44.66382319554022,1,0.8678921880540064,18.788178488612175,mixed/absorbed,601.0756768742832,g55:19MeV(t0 665),
flow0000008,5,41,200.9635302722454,92.9769938905519,2,0.959210272415623,8.1972476541996,mixed/absorbed,589.2895211715174,g66:8MeV(t0 790),
flow0000008,5,62,836.9948612451553,496.40031280430566,5,0.8907435893384225,91.44705428183079,mixed/absorbed,412.79482235432425,g52:91MeV(t0 611),
flow0000008,5,72,183.62576672434807,63.191758538772056,1,0.8472001458986421,28.057990364730358,mixed/absorbed,610.700803104089,g59:28MeV(t0 704),
flow0000008,5,80,113.98697836697102,29.961523629783017,1,0.8596714487998565,15.995627529919147,mixed/absorbed,140.698695367504,g20:16MeV(t0 242),
flow0000008,5,99,107.51369757950306,29.544321092153968,1,0.8549130940286904,15.598829731345177,mixed/absorbed,121.74232368469238,g35:16MeV(t0 404),
flow0000008,5,125,144.48291826993227,78.44341357729661,1,0.9272839888007319,10.506221503019333,mixed/absorbed,179.18676693124368,g16:11MeV(t0 208),
flow0000008,6,35,126.25793025642633,39.60989576114283,1,0.8027820689854428,24.900327779352665,mixed/absorbed,3.964892743963056,g15:25MeV(t0 167),
flow0000008,6,38,166.97140750288963,28.221594471325698,1,0.9022168968433956,16.326982364058495,mixed/absorbed,407.7238745051909,g45:16MeV(t0 556),
flow0000008,6,41,69.80741070210934,27.84631508451362,1,0.7931320007558459,14.440919384360313,mixed/absorbed,227.00130337099486,g24:14MeV(t0 292),
flow0000008,6,85,808.6596546247602,494.9150676262449,5,0.9868588008915948,10.62675753235817,mixed/absorbed,399.1439851411812,g39:6MeV(t0 486),
flow0000008,6,136,77.3898756057024,28.618595937426594,1,0.7788922487344172,17.11150136590004,mixed/absorbed,196.61977410070676,g26:17MeV(t0 313),
flow0000008,7,19,221.01152469217777,162.95542620783496,3,0.9618476469709056,8.432109713554382,mixed/absorbed,481.6189654075493,g33:8MeV(t0 352),
flow0000008,7,21,60.25305777043104,21.664987712930092,1,0.8915054195816667,6.53713022172451,mixed/absorbed,453.8058885846819,g68:7MeV(t0 997),
flow0000008,7,46,75.32436355948448,26.27136107259332,1,0.5912995884196253,30.785098388791084,mixed/absorbed,342.3527360395952,g41:31MeV(t0 482),
flow0000008,7,54,121.37200063467026,58.35230841293196,1,0.9030514916008994,11.766834422945976,mixed/absorbed,177.61963200477805,g24:12MeV(t0 268),
flow0000008,7,65,133.31096125394106,28.881805693783914,1,0.839656964011993,21.375484257936478,mixed/absorbed,154.95903880201925,g55:21MeV(t0 665),
flow0000008,7,70,761.4410509765148,498.8598679442556,6,0.9926822362591073,5.572045713663101,mixed/absorbed,42.13091430983527,g35:6MeV(t0 388),
flow0000008,7,90,64.08728256076574,20.66685964997707,1,0.7605009853261913,15.348841026425362,mixed/absorbed,57.464768818446565,g6:15MeV(t0 65),
flow0000008,7,98,58.435304403305054,21.51775180846461,1,0.8211504417538489,10.451128378510475,mixed/absorbed,465.66004356971155,g51:10MeV(t0 595),
flow0000008,7,102,477.25668746978045,328.17353501234163,4,0.9818990729187318,8.638788498938084,mixed/absorbed,199.79597021238897,g2:9MeV(t0 25),
flow0000008,7,103,151.52989903092384,98.36196252211971,1,0.9634098675419076,5.544499076902866,mixed/absorbed,22.71985134933934,g10:6MeV(t0 102),
flow0000008,7,118,106.72981557995081,48.2194883572398,1,0.9345942743971232,6.980741031467915,mixed/absorbed,462.1417260864871,g47:7MeV(t0 559),
flow0000008,8,49,192.50817408412695,58.835098764634324,1,0.9628611952160357,7.149523496627808,mixed/absorbed,588.2827862458117,g45:7MeV(t0 480),
flow0000008,8,54,77.73190024495125,30.127239182091536,1,0.8278066607287614,13.384915471076965,mixed/absorbed,121.32720689039964,g15:13MeV(t0 145),
flow0000008,8,59,750.3413822725415,298.4482044064036,4,0.7508111114252315,186.9767351001501,mixed/absorbed,317.9772921716481,g36:187MeV(t0 370),
flow0000008,9,18,1044.1541356667876,435.07093606865465,8,0.9885361656832932,11.97001001238823,mixed/absorbed,72.85863008567414,g33:6MeV(t0 365),yes
flow0000008,9,29,192.41868487000465,69.0087291609683,2,0.956640072174513,8.343260288238525,mixed/absorbed,363.84543043233583,g49:8MeV(t0 547),
flow0000008,9,44,68.1396503597498,26.129782295534422,1,0.9176699311080334,5.6099421083927155,mixed/absorbed,259.96261193617335,g28:6MeV(t0 297),
flow0000008,9,45,464.8384471014142,304.1822333758397,3,0.9852047483874286,6.877401784062386,mixed/absorbed,144.7564246601457,g46:7MeV(t0 522),
flow0000008,9,57,466.9818253442645,295.6627279243183,3,0.9585645142008062,19.349618792533875,mixed/absorbed,137.48873456319174,g31:19MeV(t0 337),
flow0000008,9,81,135.26692635565996,62.399930382664046,1,0.835701354189888,22.224172823131084,mixed/absorbed,606.8945673403532,g71:22MeV(t0 835),
flow0000008,9,90,439.9919387847185,264.50287704965837,3,0.9819112994925843,7.9588824063539505,mixed/absorbed,36.98280713812754,g6:8MeV(t0 64),
flow0000008,9,97,436.34942173212767,179.99439692640175,2,0.9724525215621036,12.020326286554337,mixed/absorbed,275.48314528031784,g29:12MeV(t0 303),yes
flow0000008,9,116,188.97967027127743,117.64658857645824,2,0.9654192419751393,6.535060249269009,mixed/absorbed,134.61898110129616,g43:7MeV(t0 474),
flow0000008,9,119,309.6590273603797,204.34739531086373,2,0.9775790659537025,6.94284462928772,mixed/absorbed,274.0404686893977,g28:7MeV(t0 297),yes
flow0000008,9,125,218.70430433005095,90.1948477519764,1,0.6144916305207889,84.3123397603631,mixed/absorbed,563.178937030095,g5:84MeV(t0 53),
flow0000008,9,140,79.62480971962214,29.60421117368152,1,0.8226174152464627,14.124054558575153,mixed/absorbed,597.0921066448253,g57:13MeV(t0 626),
flow0000009,0,15,407.11122811585665,119.74246648120561,2,0.6819732070118694,129.47227826714516,bad-stitch?(tpc5),116.01763494417925,g13:129MeV(t0 201),
flow0000009,0,38,93.14188428968191,33.69491720342131,1,0.7350882193702036,24.67438241839409,mixed/absorbed,502.1680266409209,g64:25MeV(t0 787),
flow0000009,0,55,87.44993954151869,38.20346196121052,1,0.8030115975419876,17.226623885333538,mixed/absorbed,74.46482360057341,g26:17MeV(t0 365),
flow0000009,0,66,108.63753465563059,53.11152678529037,1,0.7793862892754437,23.966929644346237,mixed/absorbed,385.8852500761086,g32:24MeV(t0 411),
flow0000009,0,67,67.8915718048811,34.70441747850681,1,0.9099930107972892,6.1107159703969955,mixed/absorbed,66.36005976662707,g6:6MeV(t0 119),
flow0000009,0,70,494.63537784665823,382.8394438316011,4,0.9615509425287225,19.018264070153236,mixed/absorbed,496.4325099658391,g6:19MeV(t0 119),
flow0000009,0,94,760.420556679368,494.91357104343524,5,0.9907926725546836,7.001441061496735,mixed/absorbed,119.33868290698081,g16:6MeV(t0 281),
flow0000009,0,101,268.35831143707037,63.978573880652625,1,0.7477169642899286,67.7022494673729,mixed/absorbed,225.59437369653733,g44:67MeV(t0 538),
flow0000009,0,107,135.18763006478548,76.24389151586765,1,0.8450677040299547,20.944929912686348,mixed/absorbed,12.005729856018423,g14:21MeV(t0 226),
flow0000009,0,144,86.33422537147999,29.1934080236052,1,0.782537166093526,18.77448531240225,mixed/absorbed,561.9262121399837,g60:19MeV(t0 732),
flow0000009,0,165,171.65257359296083,99.22451778680623,1,0.9042054658567568,16.443378321826458,mixed/absorbed,437.113675265842,g44:16MeV(t0 538),
flow0000009,1,7,866.86216699332,499.39301369743316,5,0.9922856447817308,6.687282681465149,mixed/absorbed,254.07826229719055,g13:7MeV(t0 153),
flow0000009,1,8,762.6639268994331,496.85511174318265,5,0.9906500184665088,7.130893632769585,mixed/absorbed,323.70470798402727,g2:7MeV(t0 34),
flow0000009,1,53,93.4533357694745,29.44187788416614,1,0.7417351456159227,24.135712154209614,mixed/absorbed,487.5195793191386,g66:24MeV(t0 825),
flow0000009,1,60,125.42850854247808,27.621340543732114,1,0.8739218959718686,15.813788548111916,mixed/absorbed,588.0630472386136,g73:16MeV(t0 1364),
flow0000009,1,80,84.0335315912962,38.56724320456307,1,0.8090284495087623,16.04801382124424,mixed/absorbed,559.470801930791,g65:16MeV(t0 798),
flow0000009,1,98,177.93413937091827,51.765747796377354,1,0.8793378996202412,21.469906985759735,mixed/absorbed,380.41845329626284,g41:21MeV(t0 444),
flow0000009,10,5,779.6422993242741,122.75268924619138,2,0.9910329505705813,6.991091035306454,mixed/absorbed,468.8304124536185,g34:7MeV(t0 376),
flow0000009,10,6,471.5378328859806,319.6120866476057,3,0.9817774704626844,8.592612087726593,mixed/absorbed,375.75948040885214,g41:9MeV(t0 468),
flow0000009,10,8,95.95863898098469,43.73141182181162,1,0.8169757750670847,17.562755525112152,mixed/absorbed,468.97438755741825,g62:18MeV(t0 991),
flow0000009,10,38,685.6975993961096,495.9087190018625,5,0.9922897976879523,5.286867216229439,mixed/absorbed,292.0988513709717,g51:5MeV(t0 599),
flow0000009,10,39,908.9259094744921,508.9746526133446,5,0.83661060315572,148.50885612517595,mixed/absorbed,284.4386288146637,g3:149MeV(t0 30),
flow0000009,10,66,524.8464551866055,399.62612869346214,5,0.9888203990730472,5.867573916912079,mixed/absorbed,355.84283077996423,g50:6MeV(t0 589),
flow0000009,10,72,113.70482637733221,66.66501457984464,1,0.9137135259655147,9.81118854880333,mixed/absorbed,516.0812043897744,g46:10MeV(t0 527),
flow0000009,10,85,231.3185539469123,131.50424494174854,2,0.968872031755082,7.200476601719856,mixed/absorbed,129.11270744532436,g19:7MeV(t0 230),
flow0000009,11,47,401.1699341982603,285.35927324480014,3,0.9737697656716207,10.522781379520893,mixed/absorbed,56.90887243372055,g7:11MeV(t0 66),
flow0000009,11,52,602.2221571356058,318.0394273038627,4,0.5135478155187855,292.95228388160467,bad-stitch?(tpc34),427.1683808124711,g51:293MeV(t0 561),
flow0000009,11,56,738.7672164291143,496.3767338222601,6,0.9913881697205603,6.362137883901596,mixed/absorbed,196.6867211103073,g51:6MeV(t0 561),
flow0000009,11,62,87.9475299268961,41.08213993052093,1,0.8998071824538278,8.811710819602013,mixed/absorbed,156.86007829696413,g24:9MeV(t0 233),
flow0000009,11,67,188.82298551499844,29.7691550679137,1,0.9534321475642433,8.793080925941467,mixed/absorbed,393.59097961425783,g62:8MeV(t0 706),
flow0000009,11,80,97.87606772780418,30.28178023342131,1,0.7690864805026265,22.600907273590565,mixed/absorbed,393.5628276015773,g53:22MeV(t0 586),yes
flow0000009,11,97,742.2844171375036,506.41863797220765,6,0.9593060814246273,30.206461630761623,mixed/absorbed,147.5899923170342,g54:28MeV(t0 605),
flow0000009,12,6,782.0853590592742,495.31746638192857,6,0.9859541903601321,10.985022075474262,mixed/absorbed,362.9301335984382,g8:11MeV(t0 123),
flow0000009,12,36,105.32956016808748,45.92363867095156,1,0.8270654977921323,18.215115055441856,mixed/absorbed,495.2946359418296,g44:16MeV(t0 536),
flow0000009,12,106,146.12440567463636,57.95874060530517,1,0.8449442202232913,22.657433666288853,mixed/absorbed,274.4184527926975,g4:23MeV(t0 57),
flow0000009,12,114,191.69165210425854,110.4590077029847,2,0.7988648358956612,38.55593190342188,mixed/absorbed,140.79689243861608,g31:39MeV(t0 386),
flow0000009,12,139,515.7791833356023,371.9285708438374,4,0.9846306403714058,7.927195757627487,mixed/absorbed,530.7250373165567,g13:8MeV(t0 170),
flow0000009,2,17,68.26782959699631,20.744241284631357,1,0.8096566463108311,12.994327634572983,mixed/absorbed,528.1458502235653,g61:13MeV(t0 697),
flow0000009,2,41,55.53447733819485,23.072296339901982,1,0.8541798062115304,8.098048247396946,mixed/absorbed,462.8354769106264,g47:8MeV(t0 526),
flow0000009,2,80,748.0840025320649,497.63914444086583,5,0.9669493012226571,24.724699027836323,mixed/absorbed,281.6540934283737,g34:25MeV(t0 362),
flow0000009,2,81,896.3591054603457,496.59850108772685,5,0.8890754510132745,99.42822950333357,mixed/absorbed,510.50463902006965,g14:98MeV(t0 126),
flow0000009,2,82,797.5013935342431,497.03164471486537,5,0.9934294107747237,5.240054063498974,mixed/absorbed,523.3157421420909,g34:5MeV(t0 362),
flow0000009,2,83,727.1717118695378,498.3320730593546,5,0.9320420833629923,49.41707457602024,mixed/absorbed,111.73783948271198,g36:48MeV(t0 389),
flow0000009,2,89,512.1239259019494,347.24310365737256,5,0.5271473468491029,242.1591571047902,bad-stitch?(tpc41),146.19541735132634,g24:241MeV(t0 234),
flow0000009,2,90,643.3679488673806,496.7228490406147,5,0.9701375814532375,19.212522968649864,mixed/absorbed,389.13156367153664,g12:19MeV(t0 112),
flow0000009,3,11,338.04932694137096,121.67895844479779,1,0.9561384499598783,14.827367469668388,mixed/absorbed,274.55258158979746,g32:15MeV(t0 324),yes
flow0000009,3,27,130.87333092838526,34.13503043397497,1,0.9266012173371936,9.60594317317009,mixed/absorbed,385.1402771185057,g38:10MeV(t0 419),
flow0000009,3,88,798.4088354259729,494.66409626154564,6,0.9329990854355071,53.49412216991186,mixed/absorbed,388.95444296042064,g47:51MeV(t0 512),
flow0000009,3,99,295.94291527569294,111.0388901805699,2,0.9628231725593248,11.002218693494797,mixed/absorbed,511.5882280554531,g53:11MeV(t0 576),yes
flow0000009,3,117,83.76188610494137,29.258804257800588,1,0.7563359204193923,20.409762881696224,mixed/absorbed,115.79314502636036,g16:20MeV(t0 199),
flow0000009,3,125,72.90727384388447,30.938501289080566,1,0.8976474087368492,7.462248399853706,mixed/absorbed,284.5293454053925,g9:7MeV(t0 116),
flow0000009,3,129,752.3073816671968,501.0968177065943,5,0.9847124687123097,11.50092263519764,mixed/absorbed,544.4991849159824,g37:12MeV(t0 387),
flow0000009,3,131,304.8396549001336,194.82682156425972,2,0.9771070757808616,6.978671118617058,mixed/absorbed,143.49731403254097,g16:7MeV(t0 199),
flow0000009,3,132,434.75586734712124,266.90824557103093,4,0.7717046102563703,99.25276017934084,bad-stitch?(tpc55),154.0377033668678,g19:99MeV(t0 221),
flow0000009,3,133,181.08320438861847,36.22189981966763,1,0.9665245990757176,6.061832867562771,mixed/absorbed,388.7135458950058,g50:6MeV(t0 548),
flow0000009,3,149,842.581399038434,497.8740422329022,5,0.9415656310851979,49.23571231216192,mixed/absorbed,9.178233491584272,g19:49MeV(t0 221),
flow0000009,4,35,234.18864848464727,48.85139372978932,1,0.8462934340165088,35.996332950890064,mixed/absorbed,327.33505121866864,g50:36MeV(t0 566),
flow0000009,4,48,53.02503468841314,20.585998914633485,1,0.6643544367070433,17.797617636621,mixed/absorbed,332.3879463889382,g26:18MeV(t0 254),
flow0000009,4,55,135.42440250515938,42.388407184210934,1,0.9623951948184869,5.092608273029327,mixed/absorbed,405.2953254793897,g52:5MeV(t0 585),
flow0000009,4,95,785.6343986019492,496.8103509201469,5,0.8765150733776674,97.0140060633421,mixed/absorbed,464.37079670095244,g31:97MeV(t0 329),
flow0000009,4,129,234.5235065817833,54.97320901788702,2,0.97128876668625,6.733459115028381,mixed/absorbed,165.634670122932,g23:7MeV(t0 214),yes
flow0000009,5,21,180.73305997252464,79.41617075601661,1,0.9626942861372448,6.742375820875168,mixed/absorbed,456.97771818143826,g57:7MeV(t0 558),
flow0000009,5,39,158.1111355498433,88.27168614497461,1,0.9635955139832145,5.755954623222351,mixed/absorbed,57.99439162898499,g11:6MeV(t0 119),yes
flow0000009,5,87,109.48478954285383,40.248586297835054,1,0.8390840529444404,17.617848597466946,mixed/absorbed,134.83097249811345,g17:18MeV(t0 157),
flow0000009,6,8,366.7950264289975,196.73163842066427,2,0.9617959050582504,14.01307201385498,mixed/absorbed,129.45041362315686,g28:14MeV(t0 325),
flow0000009,6,12,1491.3386008515954,499.8742855908132,6,0.5490378938667958,672.5371963977814,mixed/absorbed,431.8039176877865,g1:670MeV(t0 20),
flow0000009,6,30,721.2218149229884,515.2956339888317,6,0.9743687679869263,18.485803671181202,mixed/absorbed,138.6931788882869,g39:15MeV(t0 433),
flow0000009,6,39,76.55583678930998,26.75377809827971,1,0.7371170908376923,20.125221088528633,mixed/absorbed,433.64445684764013,g20:20MeV(t0 227),
flow0000009,6,58,274.78095880895853,166.46778526266058,2,0.911379203593391,24.351307407021523,mixed/absorbed,496.99250258182883,g49:24MeV(t0 535),
flow0000009,6,64,138.03256747871637,68.51577824614326,1,0.8694298990976156,18.02292626351118,mixed/absorbed,66.61626725711211,g7:18MeV(t0 87),
flow0000009,6,88,684.3006840124726,456.20568137582995,6,0.9274266883209249,49.66196682304144,mixed/absorbed,65.7317144900089,g15:50MeV(t0 172),yes
flow0000009,6,117,62.025431007146835,23.730423987108473,1,0.7369030398886497,16.318702347576618,mixed/absorbed,478.5705313634391,g45:16MeV(t0 491),
flow0000009,6,122,52.129692777991295,27.448647031282267,1,0.8679918996764632,6.8815417140722275,mixed/absorbed,397.70064629448785,g14:7MeV(t0 160),
flow0000009,6,129,729.8137942999601,494.86642569306724,5,0.9875608551948699,9.078259468078613,mixed/absorbed,237.5866181003432,g0:9MeV(t0 10),
flow0000009,6,142,446.5169683769345,318.2728732718496,4,0.9860786357309841,6.2161253690719604,mixed/absorbed,541.0380189534981,g48:6MeV(t0 528),
flow0000009,7,104,1383.8803086206317,497.71029035427586,10,0.5086818174665572,679.9255580753088,mixed/absorbed,330.8557405508397,g42:680MeV(t0 438),
flow0000009,7,113,455.85206331312656,312.73366158930975,3,0.9857018007140784,6.517863646149635,mixed/absorbed,579.905857093686,g38:7MeV(t0 401),
flow0000009,7,121,105.03275755792856,45.837474693751105,1,0.8814844623027982,12.448013737797737,mixed/absorbed,508.0617234724281,g51:12MeV(t0 577),
flow0000009,7,128,501.19288769364357,342.0031144245777,5,0.9853130818849813,7.360978901386261,mixed/absorbed,317.739233279095,g12:7MeV(t0 133),
flow0000009,7,134,454.31582156568766,122.5756623847541,2,0.954792287923784,20.53857885301113,mixed/absorbed,133.70188326416016,g28:21MeV(t0 318),
flow0000009,8,2,741.4014958143234,496.7670916162234,5,0.9175878750501891,61.10047271102667,mixed/absorbed,202.8911354052616,g47:59MeV(t0 546),
flow0000009,8,29,434.5332667157054,293.4306238601471,3,0.9458448003783886,23.53223580121994,mixed/absorbed,550.1804554917625,g16:24MeV(t0 170),
flow0000009,8,42,100.17580850422382,44.53273972013902,1,0.7306670133472118,26.980649694800377,mixed/absorbed,550.5737364581812,g57:24MeV(t0 636),
flow0000009,8,71,135.55130817741156,59.14179855726864,1,0.8741595201997854,17.057841658592224,mixed/absorbed,371.0574922503847,g56:17MeV(t0 621),
flow0000009,8,125,175.38520730286837,38.05223241100023,1,0.8455116248448769,27.09497570246458,mixed/absorbed,39.29356678848561,g8:27MeV(t0 74),
flow0000009,8,138,738.0922475382686,494.9771255219877,5,0.9730656848107312,19.88000923395157,mixed/absorbed,556.0505303695855,g7:20MeV(t0 64),
flow0000009,9,34,765.4977183118463,499.69624885589565,6,0.8307079802992141,129.59265480935574,mixed/absorbed,556.2998525398929,g1:130MeV(t0 15),yes
flow0000009,9,43,879.569245710969,497.9415107885268,5,0.9936963472446414,5.544499099254608,mixed/absorbed,581.4448896090519,g25:6MeV(t0 300),
flow0000009,9,64,129.42673883587122,56.15294282692101,1,0.9188089604780196,10.508291468024254,mixed/absorbed,402.2582402214454,g48:11MeV(t0 562),
flow0000009,9,71,243.69539187848568,148.89230944430955,2,0.9080520760985341,22.40728534758091,mixed/absorbed,279.27099423795136,g2:22MeV(t0 32),
flow0000009,9,75,207.21548231691122,42.79024331703984,1,0.8509195313714345,30.891781210899353,mixed/absorbed,499.76140412314845,g50:31MeV(t0 572),
flow0000009,9,90,107.70190673321486,49.286798459290594,1,0.8507018044193888,16.079700335860252,mixed/absorbed,51.15424468551857,g12:16MeV(t0 126),
flow0000009,9,111,798.4648840725422,501.1807726513214,5,0.9898234788505604,8.125594779849052,mixed/absorbed,188.35878609368274,g0:8MeV(t0 7),
flow0000010,0,7,785.0377729386091,493.12240506293415,5,0.9687245453071979,24.552413299679756,mixed/absorbed,412.58449771617455,g26:25MeV(t0 293),
flow0000010,0,26,615.2631412819028,407.05084801742913,4,0.9911429123013022,5.449439600110054,mixed/absorbed,604.7057672030684,g16:5MeV(t0 159),
flow0000010,0,33,107.82849252969027,22.898191647737864,1,0.800632901999424,21.49745363742113,mixed/absorbed,184.71996338726723,g0:21MeV(t0 3),
flow0000010,0,60,218.96416667103767,74.11317357126265,2,0.8910254551808406,23.861520394682884,mixed/absorbed,229.1333486928061,g23:24MeV(t0 265),yes
flow0000010,0,75,694.9920910149813,500.9987353688307,6,0.9909497556168643,6.289848268032074,mixed/absorbed,399.8191541499457,g58:6MeV(t0 551),
flow0000010,0,95,332.89588855952024,160.72966155602307,3,0.9442855641627023,18.547106623649597,mixed/absorbed,116.02807751755041,g4:19MeV(t0 24),
flow0000010,0,98,908.5531507730484,496.28743997251684,5,0.9729134433486315,24.609576389193535,mixed/absorbed,311.00336460910285,g23:25MeV(t0 265),
flow0000010,0,106,195.21983663737774,46.144742716975834,1,0.9060173657140553,18.347274512052536,mixed/absorbed,551.0302208705722,g59:18MeV(t0 562),
flow0000010,0,112,590.5556427612901,434.39380582543595,6,0.9914127114359006,5.07127171754837,mixed/absorbed,413.2712824550244,g63:5MeV(t0 601),
flow0000010,0,123,832.5601885393262,497.6889267283094,5,0.988761663897134,9.35659122467041,mixed/absorbed,12.715230760851398,g57:9MeV(t0 538),
flow0000010,0,139,144.0143077969551,54.03351085317462,1,0.8594427565375579,20.242254123091698,mixed/absorbed,31.05839471057453,g14:20MeV(t0 141),
flow0000010,0,160,542.7204988226295,343.33634290400516,4,0.9282688606496936,38.92995972931385,mixed/absorbed,66.95255826642739,g52:21MeV(t0 495),
flow0000010,1,3,855.2172983288765,502.5223185098379,5,0.9918745158193253,6.949054628610611,mixed/absorbed,294.8195760252798,g36:7MeV(t0 375),
flow0000010,1,4,573.9813754037023,382.1087156999428,5,0.9892841777048733,6.150682419538498,mixed/absorbed,299.4362021267137,g36:6MeV(t0 375),
flow0000010,1,31,497.7142199650407,375.86499593225096,4,0.989891176428598,5.031305238604546,mixed/absorbed,171.89575561831006,g21:5MeV(t0 211),yes
flow0000010,1,34,1190.886800557375,499.3001613527166,6,0.6554449538690721,410.32605650275946,mixed/absorbed,113.86170547072952,g24:401MeV(t0 235),
flow0000010,1,42,117.0105714276433,58.46317692573946,1,0.9042768749644097,11.20061755925417,mixed/absorbed,10.141954765991033,g4:11MeV(t0 40),
flow0000010,1,62,474.5722486972809,317.4114440156712,3,0.88266923932489,55.6819229349494,mixed/absorbed,464.3714747320027,g35:56MeV(t0 365),
flow0000010,1,67,160.47933971881866,27.273662881119826,1,0.6955534287035889,48.857384741306305,mixed/absorbed,298.2778982204861,g3:49MeV(t0 33),
flow0000010,1,98,134.0220767557621,53.2217295992087,1,0.60065985957941,53.52039495110512,mixed/absorbed,31.0467491320965,g31:54MeV(t0 300),
flow0000010,1,101,136.8880338743329,95.19443145025176,1,0.9483549411263181,7.0695905685424805,mixed/absorbed,427.4300996804539,g55:7MeV(t0 591),
flow0000010,1,114,301.3286637365818,216.65727147012979,2,0.9544648470532647,13.721046790480614,mixed/absorbed,251.14004292307558,g31:10MeV(t0 300),
flow0000010,1,123,947.1057362481952,502.9386871426833,5,0.6323727893238145,348.1818400323391,bad-stitch?(tpc50),328.4241371724143,g49:348MeV(t0 532),
flow0000010,10,9,174.8923958837986,81.26538824983565,2,0.8602951805467957,24.433310590684414,mixed/absorbed,354.39847914463076,g46:24MeV(t0 573),yes
flow0000010,10,26,178.64031810313463,93.61194637152798,2,0.8837715281067611,20.763091191649437,mixed/absorbed,616.6468585674579,g64:21MeV(t0 856),
flow0000010,10,38,589.756950892508,399.6371459171993,4,0.9850762913572262,8.80136090517044,mixed/absorbed,214.51593836432139,g25:9MeV(t0 357),
flow0000010,10,44,273.82271806150675,96.30575666356295,1,0.9701567087027786,8.171771138906479,mixed/absorbed,214.02905641828264,g25:8MeV(t0 357),
flow0000010,10,72,170.26250793784857,96.3716182085535,1,0.9545860074961691,7.732300259172916,mixed/absorbed,273.9697001066139,g22:7MeV(t0 287),yes
flow0000010,10,91,87.35488015413284,36.56900007878755,1,0.8226454715647951,15.492783576250076,mixed/absorbed,405.86771708048747,g53:15MeV(t0 663),
flow0000010,10,99,713.8208730444312,522.3720295992875,5,0.982222595264141,12.689882569015026,mixed/absorbed,157.80507783818516,g22:13MeV(t0 287),
flow0000010,10,105,667.6092312335968,499.49866029343804,5,0.9806824698634324,12.896561443805695,mixed/absorbed,246.5401231079352,g16:13MeV(t0 220),
flow0000010,10,135,768.1649566888809,495.9797624656235,5,0.9632437116460725,28.234892651438713,mixed/absorbed,29.76191611293588,g43:28MeV(t0 529),
flow0000010,11,52,84.16967103630304,32.761805164663784,1,0.7164652850171089,23.86502368748188,mixed/absorbed,145.56298181152343,g22:22MeV(t0 241),
flow0000010,11,76,906.53015242517,499.04543383239024,8,0.6884889573407394,282.3941529840231,mixed/absorbed,280.3926660731901,g10:279MeV(t0 121),
flow0000010,11,90,317.1631522476673,180.06572155573951,2,0.9197268096388553,25.4596980959177,mixed/absorbed,324.06416960248924,g23:25MeV(t0 252),
flow0000010,11,92,164.36515467613935,37.42617684172559,1,0.8879554449569231,18.416220620274544,mixed/absorbed,115.79920572474383,g29:18MeV(t0 323),
flow0000010,11,98,34.68667674809694,21.880508588618333,1,0.7046575037489875,10.244449697434902,mixed/absorbed,252.60765235103779,g29:10MeV(t0 323),
flow0000010,11,137,1671.5438161864877,498.2094282753379,6,0.5726846880092621,714.2762673199177,mixed/absorbed,307.94509386874427,g39:712MeV(t0 429),
flow0000010,2,34,627.0739193037152,398.05510345843345,6,0.9918688720375034,5.098818279802799,mixed/absorbed,513.0611972196199,g0:5MeV(t0 8),
flow0000010,2,40,655.7062424048781,77.25460269511898,1,0.9578892076581477,27.6123094111681,mixed/absorbed,414.25553533042347,g55:21MeV(t0 575),
flow0000010,2,51,120.62394475191832,30.38777763687187,1,0.9410944728056673,7.1054170578718185,mixed/absorbed,401.72238126942807,g48:7MeV(t0 478),
flow0000010,2,65,253.86261858046055,180.76357748014527,3,0.9578411727691142,10.702550277113914,mixed/absorbed,240.39378903946786,g0:11MeV(t0 8),
flow0000010,2,72,238.183379791677,166.584763428187,3,0.9183104286997946,19.457098186016083,mixed/absorbed,610.3497897346713,g64:19MeV(t0 684),
flow0000010,2,77,156.14099978655577,80.91188197286296,1,0.8787008893013462,18.93976441770792,mixed/absorbed,347.47170877902306,g35:16MeV(t0 362),
flow0000010,2,87,694.7306319251657,491.41969984428005,5,0.9701868079626267,20.71213774383068,mixed/absorbed,280.6492590958894,g52:21MeV(t0 552),
flow0000010,2,89,122.20189912617207,48.06041986654563,1,0.8694710594052923,15.95088443160057,mixed/absorbed,552.7689432578512,g65:16MeV(t0 703),
flow0000010,2,105,40.805035941302776,20.050834015115967,1,0.7005584003933611,12.218725234270096,mixed/absorbed,620.0809982879252,g26:12MeV(t0 284),
flow0000010,2,106,169.6015481352806,53.82170413177894,1,0.9652169427585837,5.8992603570222855,mixed/absorbed,280.14812627331963,g29:6MeV(t0 316),
flow0000010,2,119,84.7621610686183,36.47083101983472,1,0.7452745476989034,21.59107981622219,mixed/absorbed,496.3526244431399,g51:22MeV(t0 535),
flow0000010,2,168,60.61546225100756,25.920406617494052,1,0.6358693087909159,22.071950167417526,mixed/absorbed,18.805758631959254,g9:22MeV(t0 92),
flow0000010,2,169,65.97605229914188,23.654365343710385,1,0.9192297284472795,5.3289036601781845,mixed/absorbed,261.5709686279297,g35:5MeV(t0 362),
flow0000010,3,49,96.69889125972986,22.262905868577974,1,0.870949256847244,12.479063779115677,mixed/absorbed,393.9101641078195,g42:12MeV(t0 540),
flow0000010,3,76,81.45036591589451,43.12284585830483,1,0.9024712094352623,7.943755678832531,mixed/absorbed,305.7409956750791,g29:8MeV(t0 336),
flow0000010,3,84,335.202638797462,92.68210697194087,1,0.9794828534923693,6.877401649951935,mixed/absorbed,323.4819244325851,g12:7MeV(t0 151),
flow0000010,3,87,66.46599970757961,35.41973765239949,2,0.5207953517353527,31.850816011428833,bad-stitch?(tpc37),407.19621832795843,g28:32MeV(t0 324),
flow0000010,3,153,451.4512998983264,319.01328762982433,4,0.9712073761264984,12.998467475175858,mixed/absorbed,121.20784486056583,g8:13MeV(t0 77),
flow0000010,4,7,707.9074386879802,495.30386684160305,5,0.9915498839121938,5.9819000363349915,mixed/absorbed,380.852633608136,g38:6MeV(t0 437),
flow0000010,4,19,719.3508780896664,471.0567111575715,5,0.9753488711312477,17.73281119763851,mixed/absorbed,291.3966223944569,g1:18MeV(t0 14),
flow0000010,4,23,367.12335339933634,69.8693260527152,1,0.9756921840659719,8.923966899514198,mixed/absorbed,412.6655014348284,g22:9MeV(t0 251),
flow0000010,4,30,237.19631773978472,161.5440090337395,2,0.974862032059456,5.962633430957794,mixed/absorbed,183.56979888340211,g27:6MeV(t0 306),
flow0000010,4,66,240.61861869692802,150.23643071040146,3,0.9118255472800031,21.216415017843246,mixed/absorbed,440.6920918782552,g34:21MeV(t0 391),
flow0000010,4,69,879.214164018631,500.43698574362185,5,0.984552973787814,13.581244237720966,mixed/absorbed,257.38875215784844,g31:14MeV(t0 352),
flow0000010,4,99,342.2523261681199,206.67622491088053,3,0.865315617376369,46.09604325145483,mixed/absorbed,223.60900618740703,g40:43MeV(t0 461),
flow0000010,4,115,91.31171161681414,37.63172995548787,1,0.7480953445268836,23.001845255494118,mixed/absorbed,587.0122714918487,g53:23MeV(t0 623),
flow0000010,4,119,290.0071904361248,224.33016413316983,3,0.9756298435466061,7.0675206035375595,mixed/absorbed,4.607874239977383,g34:7MeV(t0 391),
flow0000010,4,133,794.6481763646007,495.0715027252132,5,0.9714199385909744,22.711093679070473,mixed/absorbed,377.5687142814594,g48:23MeV(t0 539),
flow0000010,4,138,466.9154207780957,281.89025265200405,4,0.912982005379113,40.63004357367754,mixed/absorbed,395.0620034183664,g48:41MeV(t0 539),
flow0000010,4,141,113.95306172966957,31.02987660151543,1,0.7327155311866593,30.457883574068546,mixed/absorbed,394.93879365638867,g37:25MeV(t0 423),
flow0000010,4,159,86.7362770140171,37.23876426434376,1,0.8983529408086601,8.816487483680248,mixed/absorbed,4.9242177421982225,g11:9MeV(t0 105),
flow0000010,5,42,606.9665349200368,449.6534838752535,5,0.9828369913215849,10.417371906340122,mixed/absorbed,147.66137596099608,g14:10MeV(t0 125),
flow0000010,5,53,662.4688520878553,494.33829690580706,5,0.980449413834657,12.951654374599457,mixed/absorbed,483.2828934898522,g0:13MeV(t0 7),
flow0000010,5,62,82.23122248053551,21.375370989913648,1,0.8738021246861175,10.377405561506748,mixed/absorbed,243.7541412166291,g35:10MeV(t0 369),
flow0000010,5,74,79.36303798109293,36.49717032682791,1,0.8614206443401582,10.998078666627407,mixed/absorbed,98.83725281556447,g11:11MeV(t0 105),
flow0000010,5,80,94.35711761564016,40.94395945405506,1,0.7287681661319166,25.592654049396515,mixed/absorbed,483.07672332435527,g44:26MeV(t0 510),
flow0000010,5,136,254.2024099752307,46.219465113660775,1,0.9549002724139424,11.46445944160223,mixed/absorbed,394.679163191719,g31:11MeV(t0 332),
flow0000010,5,139,524.3079457953572,364.47064795165613,4,0.9467681004293007,27.909907914698124,mixed/absorbed,589.8655269876292,g14:27MeV(t0 125),
flow0000010,5,143,450.0819287151098,95.10411092175246,1,0.9797409642595564,9.118225879967213,mixed/absorbed,471.29811358118724,g14:9MeV(t0 125),
flow0000010,5,144,125.82689896225929,61.009934491022555,1,0.9359589894731531,8.05808176100254,mixed/absorbed,471.26368520346034,g66:8MeV(t0 837),
flow0000010,5,145,92.77740997821093,21.00983864351233,1,0.9088245777843348,8.459019526839256,mixed/absorbed,121.97241571675177,g37:8MeV(t0 395),
flow0000010,5,153,68.57912116497755,25.47309625642754,1,0.6964657206657835,20.816114120185375,mixed/absorbed,471.8255841732025,g61:21MeV(t0 765),
flow0000010,6,4,809.9025945439935,499.4848974550088,5,0.9313620581780568,55.59004716575146,mixed/absorbed,515.5031624837179,g20:56MeV(t0 267),
flow0000010,6,19,684.3272693678737,397.5637138955203,4,0.9641893028237298,24.506236612796783,mixed/absorbed,336.3368438133537,g1:25MeV(t0 13),
flow0000010,6,45,391.1775403469801,100.18198048756884,2,0.9702963810628881,11.619388595223427,mixed/absorbed,372.2431126489399,g33:11MeV(t0 395),yes
flow0000010,6,62,82.92912124842405,35.85074515051908,1,0.9186472055977174,6.74651575088501,mixed/absorbed,243.4861883905721,g21:7MeV(t0 279),
flow0000010,6,103,243.58281885832548,63.198270291693504,1,0.589039643206289,100.10288214683533,mixed/absorbed,26.206635670489575,g17:100MeV(t0 241),
flow0000010,6,113,127.63462198525667,63.023039584608426,1,0.8828041074547236,14.95825344324112,mixed/absorbed,329.47477759587343,g34:9MeV(t0 420),
flow0000010,6,120,140.70091938227415,73.00178706727345,1,0.880909781287355,16.75610326230526,mixed/absorbed,307.8431238810221,g27:17MeV(t0 348),yes
flow0000010,7,12,724.7248455137014,508.7264815782801,6,0.9553573194410773,32.35365977138281,mixed/absorbed,409.50717073441353,g14:32MeV(t0 156),
flow0000010,7,14,752.6716958731413,495.57961867588176,5,0.9900124563454802,7.517341420054436,mixed/absorbed,161.86646042381395,g34:7MeV(t0 405),
flow0000010,7,29,132.29667627811432,71.38233124569516,2,0.8273319230866995,22.843412674963474,mixed/absorbed,150.13623629795032,g34:23MeV(t0 405),
flow0000010,7,58,823.8467196151614,503.30200252665514,6,0.9909026542054793,7.493934869766235,mixed/absorbed,161.2592874186404,g34:7MeV(t0 405),
flow0000010,7,65,365.566895917058,279.27627987667927,4,0.9745712073046559,9.295924812555313,mixed/absorbed,403.48064451716914,g13:9MeV(t0 134),
flow0000010,7,80,60.15736151486635,30.189374243487766,1,0.6820714387240241,19.12574339658022,mixed/absorbed,330.6878869398585,g33:19MeV(t0 390),
flow0000010,7,102,747.9306591302156,464.72511821888145,5,0.9802399850824671,14.779120981693268,mixed/absorbed,206.50259528692635,g42:15MeV(t0 540),
flow0000010,8,10,1175.3495784178376,410.1558736317495,5,0.9800682054697529,23.426826298236847,mixed/absorbed,439.3455200989782,g50:17MeV(t0 555),
flow0000010,8,17,34.753552973270416,22.72576183566673,1,0.6781299536204075,11.186127707362175,mixed/absorbed,586.6898260247217,g40:9MeV(t0 439),
flow0000010,8,27,529.2284250333905,337.5741708812071,5,0.9754556814448665,12.989551052451134,mixed/absorbed,109.99188925281967,g7:12MeV(t0 66),
flow0000010,8,33,74.10849380493164,30.163789409299977,1,0.7216869854673861,20.625358313322067,mixed/absorbed,439.51954493803134,g42:20MeV(t0 464),
flow0000010,8,41,878.4433430880308,500.87756630371837,5,0.9935392702130608,5.675385072827339,mixed/absorbed,345.47086337791274,g7:6MeV(t0 66),
flow0000010,8,66,151.0378817692399,66.81101619079791,1,0.9455859410996243,8.218584194779396,mixed/absorbed,63.34125941072531,g8:6MeV(t0 79),
flow0000010,8,91,92.02378059178591,29.72060187194142,1,0.8070838406326004,17.752874322235584,mixed/absorbed,63.44855511815924,g21:18MeV(t0 249),
flow0000010,8,93,757.3961673825979,503.6946823891957,5,0.9774528723858389,17.077108040452003,mixed/absorbed,122.60939934322866,g23:17MeV(t0 266),
flow0000010,9,8,719.0731873363256,503.5958394823749,6,0.9929973118501657,5.035445287823677,mixed/absorbed,62.25972194761459,g14:5MeV(t0 157),
flow0000010,9,28,176.88498122245073,51.66300138138088,1,0.9654888394493016,6.1045059859752655,mixed/absorbed,578.823990594773,g69:6MeV(t0 848),
flow0000010,9,62,671.8517133519053,505.21826754076227,5,0.992354392182528,5.1367147117853165,mixed/absorbed,554.9562914496528,g41:5MeV(t0 479),
flow0000010,9,79,792.7328171879053,499.6044887219549,5,0.9845301366876159,12.263468325138092,mixed/absorbed,544.440176569194,g30:12MeV(t0 365),
flow0000010,9,99,906.3850939050317,496.07430433550473,5,0.9823833771044097,15.967444397509098,mixed/absorbed,522.1948085746646,g29:16MeV(t0 350),
flow0000010,9,119,138.44130547344685,33.051720023145876,1,0.9247374769385622,10.41944194585085,mixed/absorbed,612.9549295816076,g67:8MeV(t0 800),
flow0000010,9,122,847.1748228669167,502.2121116433642,5,0.9642803856053856,30.260757997632027,mixed/absorbed,32.14804122891232,g24:21MeV(t0 296),
