file,event,lab_a,lab_b,gap,angle,offset,e_a,e_b,same_tpc
flow0000001,0,0,1,29.219166660748144,10.076598961586178,5.633387925040252,3164.739609710872,577.7453772723675,True
flow0000001,0,0,580,63.17271772488755,0.5637494723041863,0.6884032885273952,3164.739609710872,1258.9852038249373,True
flow0000001,0,102,1309,7.413926108258966,4.782901162047884,0.9929400874208857,68.94263959676027,81.39288322627544,False
flow0000001,0,107,125,79.70187008851906,0.5194081837003276,0.7507652242013124,235.787782587111,164.49604314565659,False
flow0000001,0,107,1411,56.45222763381065,0.20585860768103342,0.7344316441160296,235.787782587111,24.677088856697083,False
flow0000001,0,123,131,22.78179837040256,10.820266050085861,3.4314815732925017,315.2086203470826,106.71086862683296,True
flow0000001,0,125,1411,5.21821458887558,0.4456579567509924,0.09032844386159064,164.49604314565659,24.677088856697083,False
flow0000001,0,83,1017,16.313324812211118,2.759956935846293,1.6074919337109812,102.0929205045104,29.03613119572401,False
flow0000001,0,159,160,2.9858023094841215,3.835814788507932,0.8912014833579023,204.99551760405302,259.70980954915285,True
flow0000001,0,169,1644,37.284111943737976,7.241788790028412,5.590788970569921,508.8721580579877,75.95650052279234,False
flow0000001,0,169,1947,6.203365479401283,6.638172023820592,6.171125314912946,508.8721580579877,957.8125801384449,True
flow0000001,0,48,70,9.053428184701634,0.22881331462561702,0.5913783590823066,456.29344418644905,85.93965776264668,True
flow0000001,0,48,76,62.629654002126955,0.6212813573854069,2.293901972852722,456.29344418644905,191.20982421189547,False
flow0000001,0,7,33,17.048793096118807,6.464564203695996,6.067257442171608,846.8006384074688,129.12595710903406,True
flow0000001,0,13,281,1.5796016258635917,2.1626560374031443,1.5497547025066212,143.32564418762922,24.027596153318882,False
flow0000001,0,8,11,36.372434589331384,7.825324927855437,0.46593809121122104,764.5218071043491,59.34529576450586,True
flow0000001,0,98,115,62.606525200895355,1.5348471487665896,4.072289692406545,456.1007786989212,158.33644435554743,False
flow0000001,0,98,1166,5.358257008483217,3.40093588491814,2.2279610441818227,456.1007786989212,32.17389069497585,False
flow0000001,0,98,1250,40.10642069367267,1.106702798016282,3.3349045221717444,456.1007786989212,28.0965234041214,False
flow0000001,0,115,1250,5.268376050660499,0.6440435859844441,0.4034398230923561,158.33644435554743,28.0965234041214,False
flow0000001,0,127,1393,9.317360706950888,7.0084424463822,2.80744583837317,120.26042690128088,58.27066206932068,False
flow0000001,0,150,1840,1.633300412312853,8.184064039089224,1.4726640204880705,187.0872377604246,19.484644651412964,True
flow0000001,0,15,16,3.7488854133280274,7.247748729307922,3.7083854884792133,212.13262156397104,102.5597785115242,True
flow0000001,0,15,19,14.175064952879447,2.9949021604466353,0.48384187330397677,212.13262156397104,75.55444885790348,True
flow0000001,0,15,252,4.379259005560711,6.557979587856849,4.37887507216704,212.13262156397104,878.8574861437082,True
flow0000001,0,16,252,7.639340134572545,3.020298636852212,7.631927554004687,102.5597785115242,878.8574861437082,True
flow0000001,0,54,339,11.827533519688593,5.11440872480251,3.9015756217592354,247.85332851856947,25.4582649320364,False
flow0000001,0,25,40,56.53434632182923,3.5413810519809235,3.443487389993247,357.48779805749655,320.4456508010626,False
flow0000001,0,35,38,52.85171390492709,0.35118650739873936,2.7056325541624746,78.35320982336998,651.1214215382934,False
flow0000001,0,44,85,43.917437081656296,0.9550994412367116,2.7829103279864587,106.90926734358072,585.9687415510416,False
flow0000001,0,95,97,57.55386215702693,6.697133496581741,1.983042892187872,60.10720510035753,70.12634604424238,False
flow0000001,0,75,88,4.657164054303797,0.9217185176418435,0.8153613062660005,496.63910614699125,308.841709472239,False
flow0000001,0,174,1889,9.858958894060445,5.575285511921655,1.93053762004159,154.00287829339504,27.98012739419937,False
flow0000001,0,124,143,13.011235562512196,13.468176521931342,4.490397425916772,388.04010370373726,73.22827877104282,True
flow0000001,1,0,444,49.01808976062043,8.206129495780884,4.314457563904134,961.0740605145693,48.20868796110153,False
flow0000001,1,18,29,50.38083775959253,0.25811690835401213,3.206118601510135,84.53494219481945,311.9894981831312,False
flow0000001,1,13,16,47.536017312430864,0.3903582126228468,0.873520802681125,986.2450682297349,1081.5820796862245,True
flow0000001,1,16,205,4.782389024555206,7.453606220374569,1.6652245598731126,1081.5820796862245,530.3767724633217,False
flow0000001,1,61,713,1.5072246805506637,6.468366725373769,1.4222688013001241,85.05195620656013,49.12679994106293,False
flow0000001,1,130,134,4.685557245038109,1.9597071297306448,0.12424627247820842,110.56627031415701,70.862778455019,True
flow0000001,1,130,138,44.427706874411626,14.23314263873519,2.137886435478643,110.56627031415701,51.11015162616968,False
flow0000001,1,134,138,15.73925936296056,14.394643712189062,3.014417230262769,70.862778455019,51.11015162616968,False
flow0000001,1,135,1540,1.5102109674272501,3.0556326961507327,1.3565842411599687,175.21053398400545,271.14942917972803,True
flow0000001,1,12,24,31.64595292639773,2.608953191206218,3.331755439790331,626.2827173694968,56.021557718515396,False
flow0000001,1,28,49,58.04966730329664,1.279601092664452,3.1331412097698044,564.2045795097947,139.49221585690975,False
flow0000001,1,117,1316,5.97646775394871,0.6036387202906097,1.264941494849582,112.74451857805252,39.801418267190456,False
flow0000001,1,55,85,59.626540432528564,0.6461442483527986,1.2021269637182563,302.4220879524946,247.0181766450405,False
flow0000001,1,127,1509,6.629707310794294,3.555630073946544,0.7274976193927384,238.80675657838583,34.584133833646774,False
flow0000001,1,69,71,62.696623982416696,2.492740633404705,2.1663573846497184,117.21915993839502,541.5635456219316,False
flow0000001,1,84,895,5.261411246382173,4.546854378693751,0.37230126691068866,355.3480828255415,37.62110011279583,False
flow0000001,1,124,1411,9.1737235748054,11.02100291494458,0.9838469108058637,47.41095271706581,34.980771735310555,True
flow0000001,1,118,119,0.8215483476031071,3.381262517505067,0.7823360847765041,1127.8332238197327,1000.6898171976209,True
flow0000001,1,120,128,57.1021741241502,0.20826492518818354,1.6362053317663028,316.9962837845087,352.5361091271043,False
flow0000001,10,37,52,42.79667928195004,1.099144933347347,1.5425302294230208,341.24886827915907,198.3348281532526,False
flow0000001,10,40,564,12.159017507810889,4.0520230713274525,0.9922025807615442,344.90443555265665,444.22120773792267,True
flow0000001,10,53,579,62.41518929964766,3.500150938042746,2.020716604741017,223.70981635153294,25.248242497444153,True
flow0000001,10,16,17,14.291209312167222,4.255481798063293,1.9501970355518174,79.36574432253838,166.94402278214693,True
flow0000001,10,23,359,1.1155507221487526,4.245238726177722,1.1155464976708653,41.44019891321659,14.730237863957882,True
flow0000001,10,3,4,6.398959485379499,0.20365834812584732,0.38645212572831567,3152.5635313615203,1551.3741194605827,True
flow0000001,10,3,852,2.1897261060654327,0.8074215787455722,2.105281697257341,3152.5635313615203,2029.7982631027699,True
flow0000001,10,4,852,19.870631239669617,0.6301954876258986,1.7683225852903965,1551.3741194605827,2029.7982631027699,True
flow0000001,10,68,82,5.719325455894586,10.953798009425517,5.272340498930454,75.60874520242214,126.44406858831644,False
flow0000001,10,91,901,18.112315188197293,0.35203007035462147,1.374521919983196,538.2512697353959,41.62060488760471,False
flow0000001,10,18,268,32.63225288208862,2.2666176504661797,5.488759366782073,37.59084738790989,41.58891832828522,True
flow0000001,10,13,14,7.483689774983752,14.722050351530983,2.276106240260552,352.504739202559,127.79416794329882,True
flow0000001,10,27,36,30.36735895823085,14.754244030497542,0.9037489459741518,167.00930588692427,47.46206545084715,False
flow0000001,10,27,389,13.141045492155433,4.018505089506833,4.168471056190055,167.00930588692427,592.8666772246361,True
flow0000001,10,15,28,53.12736271907966,1.2627774146207658,4.192883645864934,115.83801084011793,79.9926275163889,False
flow0000001,10,50,59,6.914472810401337,10.704709718533358,3.5041515079447474,149.96643414348364,98.50884456187487,False
flow0000001,10,51,79,40.25214943266918,3.7694338753769197,1.5102062318456917,146.43999753147364,572.789703220129,False
flow0000001,10,51,602,5.590792540094469,1.000678441389512,0.46561146890763677,146.43999753147364,27.946370661258698,False
flow0000001,10,79,602,16.16237833154075,3.50096998221837,2.692220122703691,572.789703220129,27.946370661258698,False
flow0000001,10,74,761,5.989910916546013,4.3279334981608155,5.3167481679653825,73.71519935876131,36.915877752006054,True
flow0000001,10,69,76,4.39492733686951,5.216797159629414,4.394744517227328,238.2238193526864,398.9173234850168,True
flow0000001,10,111,113,4.256086087418206,7.051103231910435,3.5386076796732895,147.7848399952054,54.60999580472708,True
flow0000001,10,111,1331,31.022581601719423,14.844729691804554,4.930368532006438,147.7848399952054,56.872952960431576,False
flow0000001,10,113,1331,33.168973624884394,7.794182514115727,6.220779264652287,54.60999580472708,56.872952960431576,False
flow0000001,11,520,629,12.603580459096845,6.502495633332889,0.8153580707658737,94.31332821398973,56.77295707911253,False
flow0000001,11,109,110,6.476695426784053,7.915294787347236,4.5296307035444165,73.8565950319171,234.16795196384192,True
flow0000001,11,110,962,5.948499429200856,10.438852283637011,1.8393836191128672,234.16795196384192,42.42789341509342,False
flow0000001,11,8,32,53.51263687391903,1.4532509937301572,2.393427900998447,136.2974537536502,555.97675935179,False
flow0000001,11,72,774,47.29747273547135,3.159176169959032,4.333714692649629,464.14070734381676,21.547769904136658,False
flow0000001,11,44,49,46.223645591950714,1.289445501364368,0.918748079467982,376.10448733717203,315.8800898268819,False
flow0000001,11,37,52,43.39112585219826,0.6125643389223173,3.217852525148162,617.406199939549,104.59886023402214,False
flow0000001,11,87,111,46.30841339543783,2.799988518754334,3.8378773154896004,235.60753708332777,444.136182539165,False
flow0000001,11,55,57,5.449496722924529,10.588086651901406,5.448978791097223,730.6578587666154,93.36098279058933,True
flow0000001,11,95,742,5.479789286637477,11.231114183634089,1.1013230047382823,574.1686276346445,36.27179793268442,False
flow0000001,12,1,677,53.14215886875668,4.960795404743018,3.406352342412969,1040.5869358107448,26.01078826189041,True
flow0000001,12,50,476,4.513762377585986,5.293241841224052,0.9762155701236102,80.98669172823429,15.157288782298565,True
flow0000001,12,649,677,33.92178780724054,9.888409091327665,7.027840119911086,8.405996479094028,26.01078826189041,False
flow0000001,12,2,49,2.975996856528537,4.695608436701608,2.032957564702686,464.87028991431,219.49630999565125,False
flow0000001,12,54,56,3.107547006863136,1.5612193490465556,3.039725946371528,309.1063408181071,65.4353119879961,True
flow0000001,12,124,1745,1.577447299735563,3.274865387924777,1.3842853264234478,218.65303175151348,53.77993743866682,False
flow0000001,12,107,1189,7.448095411415821,14.754495591438397,1.5311492309647863,56.61325118690729,103.36356396228075,False
flow0000001,12,108,109,10.89841901611945,10.128590877824566,4.252142710014616,71.66449411958456,59.54433134198189,True
flow0000001,12,114,1426,5.292681557109955,2.94885235258661,0.7068812579748268,148.74690098315477,76.68608658760786,False
flow0000001,12,136,137,11.099567146963746,5.806365137256329,6.822255885521409,338.6040771380067,491.8536493703723,True
flow0000001,12,136,1571,12.370744715615327,7.8949077456541135,2.9139529455752,338.6040771380067,1251.4227882102132,True
flow0000001,12,137,1571,21.240330364004198,3.5358377039065085,5.170457554023102,491.8536493703723,1251.4227882102132,True
flow0000001,12,138,145,10.536395536857889,12.24979540015194,4.5862460729650785,118.24889075756073,36.71333868056536,True
flow0000001,12,167,168,3.7981136501782307,13.431101883688324,2.138467339380762,71.15209674835205,76.4106206446886,True
flow0000001,12,14,33,6.955881260479897,1.0738457949811215,4.680212830002379,546.5961275473237,180.67765018343925,False
flow0000001,12,15,62,55.463276910668085,3.9396324857798755,4.616543916153145,243.27789738029242,208.12691013514996,False
flow0000001,12,15,451,33.376802348117685,0.8459204185668258,1.8393129256984482,243.27789738029242,21.56974306702614,False
flow0000001,12,62,451,6.515336324892428,4.7179738652674255,2.9710269747358082,208.12691013514996,21.56974306702614,False
flow0000001,12,20,40,41.57191574333017,1.6652184072920229,1.101087441094043,31.81976606696844,203.9530502781272,False
flow0000001,12,23,318,6.329551981907748,5.600461328664452,1.4412559782149712,167.74526197463274,31.303068608045578,False
flow0000001,12,134,173,41.37451439479068,2.9842762938607463,3.733299126223715,172.528648853302,550.5234987139702,False
flow0000001,12,28,36,47.62126523953069,2.861999133262783,1.8136172387568068,173.94562420248985,437.41084238886833,False
flow0000001,12,123,1298,1.889839781489321,1.5988054548589985,1.2109405774942383,58.1700289696455,29.921283215284348,False
flow0000001,12,157,162,28.936196855822125,1.2010112187075295,0.509124487034774,403.20248275995255,457.8320658802986,True
flow0000001,12,89,951,4.530614414581651,14.467807505595552,3.7775172188912687,76.75980895757675,33.76092182844877,True
flow0000001,12,82,654,17.31555738011166,9.922545352032628,4.67266639932693,540.6056239679456,29.148387417197227,False
flow0000001,12,86,93,75.34608463136345,0.09325808922310828,3.608914687374332,438.1813482269645,305.3832616880536,False
flow0000001,12,94,96,7.550698102227566,9.750365638283778,2.721956049878305,233.37897039949894,128.1529092565179,True
flow0000001,12,197,201,42.65321640664931,1.372442042322843,2.9840542819283082,138.4938514381647,73.67379929125309,False
flow0000001,12,197,2091,10.685544305926042,10.09790356726286,3.1758391292376666,138.4938514381647,186.1640290915966,True
flow0000001,2,1,46,13.7673952703086,1.3288964370370235,2.540032881729647,426.52612671256065,764.5453576147556,True
flow0000001,2,4,1161,6.050863956049307,6.875063628200592,5.807718252125565,819.2542361915112,608.5933685004711,True
flow0000001,2,39,40,5.438720689433497,12.738330405487869,2.0796553101626083,141.33353554457426,60.91513077914715,True
flow0000001,2,41,44,6.846285931214722,9.11982982104726,3.192180655175412,157.41387306898832,142.62917868047953,True
flow0000001,2,42,61,44.05697967047737,1.055552219800105,1.6941842184871947,139.81194742023945,255.00333206355572,False
flow0000001,2,122,1049,14.617529684025362,3.021398466907155,1.6531563657089192,178.2156569287181,41.7804703861475,False
flow0000001,2,11,34,41.06598169685489,7.666627235372452,4.889427190226733,202.799120105803,320.1775085106492,False
flow0000001,2,60,629,46.60629835114454,5.640338671164511,2.5376404974481117,488.43931145220995,17.63998169451952,True
flow0000001,2,131,136,43.93849901951033,9.309040732302048,2.2354537287547025,90.07721120119095,68.42562533169985,False
flow0000001,2,16,202,40.60696366948685,1.3588187999024834,5.022410064524962,289.52680038660765,21.205428533256054,False
flow0000001,2,22,24,7.195420371357506,3.734891136977129,1.7031021202786087,177.77745926380157,161.81909134238958,True
flow0000001,2,74,88,52.397841662638065,0.7301537212660726,1.1968915177565085,534.3810624554753,126.70600076764822,False
flow0000001,2,10,13,49.387348782521244,3.732963402926246,0.8043192330446721,831.7404789924622,96.60415182262659,True
flow0000001,2,13,17,16.95970423594283,1.6632591416067377,0.4449284262206881,96.60415182262659,208.1541370227933,False
flow0000001,2,52,55,71.2560036605355,0.1810438414346972,2.010206667596271,171.30800220370293,509.6956938803196,False
flow0000001,2,52,499,5.164626912059407,0.31562265157329883,0.13894401269607062,171.30800220370293,23.736844286322594,False
flow0000001,2,55,499,48.45591875723802,0.34538428889669687,2.1669367654577325,509.6956938803196,23.736844286322594,False
flow0000001,2,54,57,64.74999016734625,14.637301819513517,1.1274390956356246,812.7594709768891,128.7882323935628,True
flow0000001,2,59,72,45.13461287982682,1.9406915516172043,4.317623531809229,111.43072213232517,559.640612334013,False
flow0000001,2,70,645,42.29602125436011,0.7064558225982204,2.2689172355325105,693.0399451628327,27.418687134981155,False
flow0000001,2,73,75,7.860848936338329,5.607060528080361,0.8040338132965928,204.7882025912404,45.33970722556114,True
flow0000001,2,97,858,5.65975476486313,3.0841749556888485,1.6520618481927773,431.8776503652334,38.48013888299465,False
flow0000001,2,108,1048,6.337929856767059,8.177114638557441,1.5657212281010497,84.15120074898005,24.94093107432127,False
flow0000001,2,145,1048,16.54924325083863,11.675274629913464,5.713654260641515,157.5680046081543,24.94093107432127,False
flow0000001,2,139,144,10.013868211547019,1.1598688296670474,1.9806370785768623,228.35913154482841,104.04283385723829,True
flow0000001,3,0,22,15.178001239613645,12.371969389901464,4.714282088605262,701.4037421867251,319.9827701598406,True
flow0000001,3,36,594,31.64769351314822,12.57962774963297,5.685296231255436,88.28827856481075,32.77991406619549,False
flow0000001,3,5,13,5.191473527873003,6.499141390295783,5.189340980752818,684.460393242538,35.033954843878746,False
flow0000001,3,111,117,5.125072237072004,3.539860524045974,4.314201877453175,465.8836239129305,239.2621533125639,False
flow0000001,3,112,124,60.43418405136502,7.759162613425862,4.7851396365777825,700.8478778675199,66.86932402849197,False
flow0000001,3,7,47,56.871828806362686,0.8205250784852868,1.28961217090827,270.0093553289771,353.00200944393873,False
flow0000001,3,47,626,79.14857294923212,0.6391161108231999,0.1787043185397372,353.00200944393873,29.749157555401325,False
flow0000001,3,53,54,12.163377819521608,4.046146590936381,1.975006662319466,439.1273208260536,164.01883241534233,True
flow0000001,3,53,607,3.585457800768034,1.8585830904205745,3.583166197157041,439.1273208260536,930.6426034793258,True
flow0000001,3,54,607,15.94413772043046,2.260290978817353,0.2602759490356005,164.01883241534233,930.6426034793258,True
flow0000001,3,103,106,74.24779754156901,2.3455280394350906,4.289834088342988,259.12735291570425,386.1049984693527,False
flow0000001,3,46,58,5.328400235312768,4.0623622522170635,1.020598195349331,395.6273418292403,86.90028255432844,False
flow0000001,3,52,680,7.767200695009098,12.132793910540446,4.843329222952838,76.5634799823165,66.56551598757505,False
flow0000001,3,60,64,42.92548328380064,13.640426331201583,1.2209679797458461,353.5640866532922,59.27571281045675,True
flow0000001,3,70,79,47.58990189179887,2.2146062593044626,2.2331451905467286,419.4955556988716,117.35131956636906,False
flow0000001,3,131,1366,25.04410771516471,10.967279574418756,1.3814842810723058,109.05678246170282,33.015572622418404,False
flow0000001,4,6,8,70.94772469881012,0.8767634937357744,5.981802292773476,442.1058565750718,254.2425365447998,False
flow0000001,4,12,21,29.967246472091528,1.7833151904840854,4.371542532582896,530.4256651476026,139.81704454869032,False
flow0000001,4,12,300,6.122851096789373,1.7650447011498225,3.698042360299295,530.4256651476026,24.835681669414043,False
flow0000001,4,21,300,5.16830429491584,0.18104272540670716,0.0758625622363325,139.81704454869032,24.835681669414043,False
flow0000001,4,33,48,9.96889397735082,8.796971414367718,3.9403887145746714,134.67156898230314,61.604430206120014,False
flow0000001,4,58,60,16.099678238724287,3.6979188302809214,5.326134909843105,669.9915917664766,576.2210755869746,True
flow0000001,4,52,597,7.160606224984512,0.24854052801319684,0.4853216027768913,242.83874737471342,27.61788272857666,False
flow0000001,4,53,73,55.8611674681215,0.3987572183178115,2.4621864445908934,170.17588529735804,119.5687367618084,False
flow0000001,4,30,399,3.0651989374069233,14.004905230890222,0.572594583269913,96.94935969263315,24.756385393440723,True
flow0000001,4,30,400,4.835587609319888,8.57905559532849,1.0741192072061991,96.94935969263315,18.18406517803669,True
flow0000001,4,41,490,3.8582128939736164,5.954076359304411,1.1960591520971753,116.26665517687798,22.607914060354233,True
flow0000001,4,83,765,6.417112737004293,1.3007136607463576,1.0209072320397026,163.23224703222513,25.47211803495884,False
flow0000001,4,83,803,7.35318904914527,5.516410542055344,3.296109196981386,163.23224703222513,268.8270820900798,False
flow0000001,4,47,546,46.31078940756356,1.7721366174932087,1.0661101298100792,170.23989484459162,24.013106115162373,False
flow0000001,4,71,729,2.8522962986758595,8.14013846420356,1.9745087830632424,216.55408293008804,27.945734277367592,True
flow0000001,4,85,91,36.314934556180404,4.973784104974931,5.3960569413674095,107.17374581098557,107.14078597724438,False
flow0000001,5,3,40,25.94876836354037,14.615263514373845,5.031018126216427,349.06921848654747,324.045168094337,True
flow0000001,5,64,560,18.073051793720193,8.043956126604886,0.9050986239010683,44.820940323174,32.893603444099426,False
flow0000001,5,6,7,12.406733666270986,12.644016198971414,2.493693289186597,1905.5872120708227,364.7306276112795,True
flow0000001,5,6,1156,21.76828657583962,4.207162339320807,5.978234147427848,1905.5872120708227,999.3354127109051,True
flow0000001,5,7,1156,39.68051196952337,14.790833525211598,6.516215141683268,364.7306276112795,999.3354127109051,True
flow0000001,5,52,56,2.622260285929197,3.6404620593313646,2.622106155911825,810.4388784617186,516.750951230526,True
flow0000001,5,118,1219,4.271608106562422,2.9312758033642776,2.048445303796857,253.43381445854902,532.4026411548257,False
flow0000001,5,120,1299,5.223353125215033,13.727783430972123,1.0737063602088408,114.50208235532045,31.748113185167313,True
flow0000001,5,125,1219,60.193857441005036,14.466953216511902,3.397427891712971,49.941255033016205,532.4026411548257,False
flow0000001,5,86,1017,61.26975005448295,12.667226236263886,5.3069096193825285,696.1100347191095,26.946256518363953,True
flow0000001,5,50,61,5.153794848733097,1.369457890207341,0.667304062577576,648.1604083478451,114.7802571579814,False
flow0000001,5,61,636,6.281222008208742,5.442177632264086,3.8988170411827396,114.7802571579814,21.401757590472698,True
flow0000001,5,95,893,6.360078006625595,10.10404922238049,2.8701942547115276,303.29100020229816,222.03918615728617,False
flow0000001,5,22,41,47.63885913662737,0.24595643742241902,2.283937940102813,372.99475222826004,395.20236425101757,False
flow0000001,5,24,254,6.550333967512045,6.864666410755919,2.65032995184009,137.9641012251377,19.249782770872116,False
flow0000001,5,27,30,10.783087643176588,0.5615225355206758,2.0806726423709647,202.23831359297037,9.247041754424572,True
flow0000001,5,83,93,5.167990762226837,0.7017508828546513,1.5031270125424558,201.02897655963898,760.7391708120704,False
flow0000001,5,83,854,2.099587577568526,6.151192244494993,2.099108553743147,201.02897655963898,11.002218656241894,True
flow0000001,5,93,854,4.943287604046761,6.844646758421504,0.5989726045001826,760.7391708120704,11.002218656241894,False
flow0000001,5,59,614,46.04249881788477,2.9519380815963245,0.41877647137633894,396.3873392790556,23.316003538668156,False
flow0000001,5,37,363,1.639276355510495,1.3784121782928085,1.5216493876661021,293.1865091472864,18.928777888417244,False
flow0000001,5,65,73,45.865190485484455,0.32221678374077767,3.1196105791767876,187.56906481832266,288.7784273773432,False
flow0000001,5,65,671,29.7120485629773,5.152089542447778,1.0987233044422824,187.56906481832266,50.949012733995914,True
flow0000001,5,73,671,75.525444628755,5.370082126453915,3.189119768158172,288.7784273773432,50.949012733995914,False
flow0000001,5,57,573,3.2399134685143984,12.400463843356327,2.9283935446416063,100.00001946091652,159.32095269858837,False
flow0000001,5,62,831,27.627618252192693,6.55222743192804,3.2740758593077515,782.5549235418439,27.36502765864134,True
flow0000001,5,72,679,5.359010606927083,2.310069555849374,1.2056637378259514,565.3995933532715,54.220204673707485,False
flow0000001,6,15,25,6.841318923817234,7.01550268236575,4.14888501241693,480.13569770753384,299.7303299307823,False
flow0000001,6,16,22,5.186802489993359,0.6255428203137671,0.7194158259672988,277.9389379546046,482.94512978196144,False
flow0000001,6,28,338,5.1382165560833535,4.089915306241343,0.35968527025351377,118.35557369142771,44.80995386838913,False
flow0000001,6,23,24,15.428233953713965,10.826291435889992,1.7163021053584158,344.98277547210455,78.56386857479811,True
flow0000001,6,23,27,5.514089451432555,5.177814682522964,2.1791103810240187,344.98277547210455,114.09939430654049,False
flow0000001,6,23,268,0.42832131344773067,0.5864451894928493,0.3963845915356221,344.98277547210455,837.3704739809036,True
flow0000001,6,27,268,5.265603186325105,5.219077668828443,2.353925887386016,114.09939430654049,837.3704739809036,False
flow0000001,6,27,291,42.797799532422815,12.24308645171074,2.11731329297167,114.09939430654049,44.057757779955864,True
flow0000001,6,99,1124,5.609409674236918,9.196999452439627,1.8694872826289017,173.32909065485,22.775263100862503,True
flow0000001,6,32,51,14.150443595686545,8.143341735176426,5.737823282468493,841.5481645017862,84.06251145899296,True
flow0000001,6,76,77,5.238556419897926,4.213900223098064,5.235324775634404,345.2709802016616,58.20251242816448,True
flow0000001,6,76,853,5.078896284202565,4.736330649223169,5.061507906858467,345.2709802016616,952.6373374462128,True
flow0000001,6,77,853,4.633518100627524,1.3684425261879853,4.589094254052258,58.20251242816448,952.6373374462128,True
flow0000001,6,34,417,4.117059849012104,5.003547376655959,1.4365622157429485,99.78394708782434,20.026021718978882,True
flow0000001,6,49,573,3.1832484479864314,13.80457275235038,2.0517731109471686,104.20524617284536,29.21653752774,True
flow0000001,6,52,627,31.404356674423063,4.861627630648491,3.2242047472808566,310.39418383687735,31.133013293147087,True
flow0000001,6,66,614,21.87897773425587,1.3480371365597963,2.0979817257609836,118.51623629033566,28.592520713806152,False
flow0000001,6,82,83,27.928695775713244,1.3811241155871485,1.3868598939570786,120.6986241787672,25.669083662331104,True
flow0000001,6,82,882,2.6002743827529136,1.8671594648717549,1.3050443691157758,120.6986241787672,5.064425081014633,True
flow0000001,6,82,883,1.4274299661337733,2.3603338264747995,1.4260300830418131,120.6986241787672,6.532353565096855,True
flow0000001,6,83,882,9.824303957093498,3.244197008998202,2.6888245906083097,25.669083662331104,5.064425081014633,True
flow0000001,6,83,883,18.045714152312193,1.0848113121467609,2.8999275105219806,25.669083662331104,6.532353565096855,True
flow0000001,6,882,883,52.83893110750555,4.214501599778533,1.8930992045775301,5.064425081014633,6.532353565096855,True
flow0000001,6,658,687,5.156780354504657,3.231797120373929,0.5350481419781931,49.16485621035099,69.64961525052786,False
flow0000001,6,65,67,51.250630141901965,13.90903178032472,6.409591221575331,233.85252030938864,38.50020207464695,True
flow0000001,6,71,84,40.82148715696709,1.0090471168414703,1.3563785205203336,100.31911420822144,637.0002335980535,False
flow0000001,6,89,97,45.2681467158051,5.0587136055204835,7.4818221276421815,29.845490150153637,188.68684807419777,False
flow0000001,7,4,15,20.762793389348747,5.329038015097137,2.412601341761051,219.47274043411016,73.97283110022545,False
flow0000001,7,4,180,1.4275822240081557,5.005950773543069,1.4075850901270008,219.47274043411016,136.5190987959504,True
flow0000001,7,15,180,21.168200902326827,7.581575581141088,1.6460045636690948,73.97283110022545,136.5190987959504,False
flow0000001,7,8,12,4.550726628592614,0.37975870758286895,4.427200122284487,91.89512392878532,93.18248749524355,False
flow0000001,7,147,1271,2.4763059587628238,3.0300334254409624,2.0009194571029782,35.05465463548899,26.667287945747375,False
flow0000001,7,10,36,55.241346676809144,1.0582209275995569,3.216873070025699,521.4021782204509,151.76746749132872,False
flow0000001,7,69,805,18.24439771051042,3.002013134561255,4.0758751733728795,364.7196405902505,26.19326400756836,False
flow0000001,7,85,805,9.89555379452666,11.54813120797421,7.0728267771968145,165.83642849326134,26.19326400756836,False
flow0000001,7,97,108,64.00277878163891,0.5980728371152464,1.6467364141535195,324.88796953856945,403.7593111768365,False
flow0000001,7,19,23,79.75170449829173,0.1257538210161711,1.6247156488576775,197.92831716686487,491.0739069208503,False
flow0000001,7,21,25,56.75201771796314,1.7064117162934511,4.373567931769776,163.420772254467,536.3470579236746,False
flow0000001,7,32,324,19.233849362162896,11.075727195661806,0.9672545527365287,68.88659270107746,51.63369553536177,True
flow0000001,7,35,41,5.541668823808461,6.837119140196871,3.703709744441733,68.66685739904642,145.5984754934907,False
flow0000001,7,44,56,3.088821973067396,0.5130764925969333,2.2303099937336444,265.5028672218323,192.54113717377186,False
flow0000001,7,52,53,16.917902356941287,10.667000417764624,0.8030491751322685,859.8904958367348,199.1066073179245,True
flow0000001,7,76,662,1.4957505452367774,2.201712737912063,1.2134417198285967,124.47616317123175,22.1910530179739,True
flow0000001,7,146,148,42.02971978723879,0.2670015184631775,2.8519021000735862,83.79261975735426,542.5418504104018,False
flow0000001,7,50,593,8.211400898746929,6.861594589987463,3.4026198656445326,586.7575617581606,26.177500754594803,True
flow0000001,7,116,954,7.102269165224384,2.507124035816211,1.547622322308677,120.57856519520283,96.94999668002129,True
flow0000001,7,58,59,24.250822229705413,7.775875066354962,4.741962091538262,325.0438492298126,495.54073908925056,True
flow0000001,7,58,60,1.2140161392448845,14.606244488537326,0.2909933658229172,325.0438492298126,239.03541153669357,True
flow0000001,7,59,60,23.131136583476092,9.204335309127464,6.253046396544047,495.54073908925056,239.03541153669357,True
flow0000001,7,59,72,25.51662364768999,8.412460156869738,7.610517658163415,495.54073908925056,305.7921585291624,True
flow0000001,7,65,72,19.425167000608177,13.200517170572956,4.6206792169719115,163.52188227325678,305.7921585291624,True
flow0000001,7,70,77,5.2554084523719675,13.641725465352994,0.6531865518904202,165.43979158997536,97.39631385356188,False
flow0000001,7,115,118,3.91470350469042,2.4664935876303056,0.7766742148242071,136.16911461949348,366.6451900973916,True
flow0000001,7,119,131,42.171456962694286,0.507140860397149,2.5597741815088257,164.55256985872984,254.24906612932682,False
flow0000001,7,119,1073,5.418882313964183,0.44281160887312043,0.18171326362676946,164.55256985872984,21.6606625020504,False
flow0000001,7,131,138,13.574365912606416,0.23626477954831107,2.9025989970452506,254.24906612932682,145.62044873833656,False
flow0000001,7,131,1073,21.84678224490157,0.19321050937939416,2.9837222723814296,254.24906612932682,21.6606625020504,False
flow0000001,7,128,158,68.84040304090894,0.4903156063569939,1.2231774739911305,575.8953010514379,159.54451087117195,False
flow0000001,7,133,1214,3.527956749434828,6.793012568879701,1.6150731850223343,266.52782137691975,239.88664376735687,True
flow0000001,7,153,157,10.775414841462732,12.943629878001351,7.066364950989994,105.85310380905867,44.30440316349268,False
flow0000001,7,154,155,25.836878200133977,12.341423770669225,5.61981816501237,125.00257350504398,275.6677010431886,True
flow0000001,7,154,157,4.7542164354831975,8.917314975464041,3.9792273785687176,125.00257350504398,44.30440316349268,True
flow0000001,7,155,156,1.6435806546816334,4.42369141011932,1.0776483756172501,275.6677010431886,300.7065581083298,True
flow0000001,8,0,1,31.595019529402332,2.961287711144502,2.433938355912601,679.2138020172715,1063.474296234548,True
flow0000001,8,0,32,33.92852870248963,3.5054913499367673,2.3826788871271463,679.2138020172715,155.82907154411077,True
flow0000001,8,1,32,15.422591286051121,3.7679134279993645,4.837173190728678,1063.474296234548,155.82907154411077,False
flow0000001,8,7,42,59.828156428652555,1.403800045086621,2.649176782632449,373.5563518181443,317.56775388121605,False
flow0000001,8,180,217,7.043575862709101,1.836716384008157,0.34773071946111656,57.549356289207935,65.6198576465249,False
flow0000001,8,47,54,64.8243853325468,2.939888818304798,5.178422319401459,302.39868176728487,397.6891970708966,False
flow0000001,8,26,39,5.233469612476522,2.716247435316615,0.8333630901540583,319.22102462500334,76.11381912976503,False
flow0000001,8,110,1050,11.265329352133294,3.249163620846788,6.519222993339977,185.18572749197483,47.69055745750666,False
flow0000001,8,45,73,46.21851823547098,3.715157473698666,4.1550295083337545,244.01019046455622,59.74480044096708,False
flow0000001,8,45,555,9.664539590659063,1.7967451193065385,2.163808391208017,244.01019046455622,23.324919939041138,False
flow0000001,8,49,508,5.782617769941761,5.557046463693495,5.130349988134423,95.21822616457939,67.7312293946743,True
flow0000001,8,73,555,19.516793914924843,1.9965102058847524,0.21537541813920297,59.74480044096708,23.324919939041138,False
flow0000001,8,96,108,18.630143186346523,10.320654280867448,5.292417190221131,759.5946383997798,64.32915159314871,True
flow0000001,8,33,38,5.553828859794567,0.9455111756249479,0.5834423268456207,136.3229303508997,411.8587920963764,False
flow0000001,8,38,72,44.312688021242664,0.7608458915154459,3.820757659168572,411.8587920963764,159.03561714291573,False
flow0000001,8,41,437,4.584326713364058,11.532360951143776,4.536521405657788,341.75903514027596,49.75097622722387,False
flow0000001,8,41,675,3.3419505715803006,3.0302993038693393,3.178766206543235,341.75903514027596,23.710731260478497,False
flow0000001,8,50,478,5.143069732453771,3.6876902135018352,0.34919274827686536,177.1591764986515,41.30787990242243,False
flow0000001,8,53,71,11.873077060666606,1.575538021961492,0.9043188890116349,451.53139766305685,233.7267311438918,False
flow0000001,8,60,88,51.50395518662804,0.9297262501850632,1.0798206150444893,440.2193174287677,263.04692433029413,False
flow0000001,8,79,697,1.6386656140680538,11.161135681397587,1.5854291591855598,105.21746388822794,24.43394711613655,True
flow0000001,8,82,84,30.96120213086087,6.493761223045947,2.0776522576076015,107.27612863481045,65.6212909296155,False
flow0000001,8,82,718,13.691815372088245,9.472580501448913,1.1103590988797327,107.27612863481045,85.07217920571566,True
flow0000001,8,83,718,17.121780846955055,12.863805719924972,7.195810749791836,92.96068225055933,85.07217920571566,True
flow0000001,8,115,116,30.058309849681354,6.077388045534817,5.5824688847538875,255.42592348903418,332.0156801342964,True
flow0000001,8,115,992,2.0510052763863573,3.4844820680002453,1.92360038844563,255.42592348903418,167.16726198792458,True
flow0000001,8,116,992,6.070038982799368,6.809408522085242,2.5779809907561924,332.0156801342964,167.16726198792458,False
flow0000001,9,2,78,20.17673880174588,4.590838883279917,6.769141866136523,792.4504924938083,462.60303288698196,True
flow0000001,9,2,90,21.22351362211218,14.299419144596706,7.114139474400469,792.4504924938083,116.18321941047907,False
flow0000001,9,2,884,11.021009951037904,11.065025700537214,3.1513754432028205,792.4504924938083,1297.5576931163669,True
flow0000001,9,2,983,13.810179841360823,6.74874833042062,5.893162481864787,792.4504924938083,1244.784080721438,False
flow0000001,9,10,12,39.19868115735557,2.558148763611305,1.8909476754928898,778.3173736780882,62.553911454975605,True
flow0000001,9,58,59,6.135187859839195,10.848424349892243,5.958919448251531,41.71152412891388,170.3758771121502,True
flow0000001,9,72,80,41.64191728100408,11.814983180647143,1.6070854664565644,56.81993003189564,84.79130079597235,False
flow0000001,9,78,82,25.04380342072955,5.455254183092586,5.595856822508357,462.60303288698196,118.1552647575736,True
flow0000001,9,78,983,49.22010388844211,2.214061653039143,3.2358015035125236,462.60303288698196,1244.784080721438,True
flow0000001,9,82,983,15.934945833740263,3.3673803259716064,2.417850994831152,118.1552647575736,1244.784080721438,True
flow0000001,9,90,884,10.752830543466546,12.348921613848217,6.71380333830414,116.18321941047907,1297.5576931163669,False
flow0000001,9,103,1212,21.378115346117994,14.059322290379841,7.484805187906239,237.08183204382658,1902.6115730702877,True
flow0000001,9,129,1568,8.580687128755416,6.135404591087954,3.4648600228851945,214.2424028366804,30.782391868531704,False
flow0000001,9,146,1807,7.910101331831247,14.941916567840654,6.637466949495615,229.04381428658962,255.35618357360363,True
flow0000001,9,137,1991,26.602209590602524,10.140288882271008,4.253983621708518,428.6091654896736,35.715930961072445,True
flow0000001,9,138,1766,2.844055631795019,5.7174405492489875,1.7965620520977308,194.60235232114792,19.484008073806763,True
flow0000001,9,8,156,2.331358186774761,2.1923274921101985,1.632732314492498,176.24154102802277,32.23105372488499,False
flow0000001,9,75,865,1.9328324372643815,5.460328982039303,1.8516472795112526,110.4237613081932,31.192882925271988,True
flow0000001,9,15,29,43.01546488905617,3.8683938958308968,2.816722586368722,313.6991356909275,369.6375769227743,False
flow0000001,9,16,19,34.991946131637334,4.741333950889882,2.487240303436691,413.26191041618586,52.172365948557854,False
flow0000001,9,16,229,13.336871756406747,6.983355437777643,2.7003662657628484,413.26191041618586,171.19845248013735,True
flow0000001,9,19,229,21.843843197327235,7.485385797947701,1.824100468493449,52.172365948557854,171.19845248013735,True
flow0000001,9,27,48,56.21859546751627,5.204861773286099,6.217640373392344,482.9206037595868,144.72415032982826,False
flow0000001,9,45,51,43.053681601211345,9.039168317926736,3.7289259296839337,113.96580135077238,327.1055472046137,False
flow0000001,9,45,525,6.365736654804289,1.2430519877937694,1.2576588120766068,113.96580135077238,42.841888174414635,False
flow0000001,9,404,435,14.136676299903538,12.997198128512919,2.4195041720962065,30.073505610227585,51.37733709812164,False
flow0000001,9,37,408,4.643932145721594,13.125945478779183,1.2591037481303564,59.11664404720068,71.68121407926083,True
flow0000001,9,43,50,46.63509024836228,0.47474133116243633,1.4368578707254007,480.07089214771986,296.9194652363658,False
flow0000001,9,52,60,4.671756804508423,6.624918871502091,4.670581417299008,450.7440118268132,44.70327068120241,True
flow0000001,9,52,62,51.89738599076079,1.1379525182201764,1.7639483844207506,450.7440118268132,209.82237739115953,False
flow0000001,9,52,763,5.168946019332964,0.4067238566393364,0.5100937015697345,450.7440118268132,29.410955980420113,False
flow0000001,9,60,763,6.702291394283199,6.768828828277276,4.97104358797736,44.70327068120241,29.410955980420113,False
flow0000001,9,62,763,27.71203745391917,1.4200989313796744,1.7733856569168505,209.82237739115953,29.410955980420113,False
flow0000001,9,1611,1696,6.176154182975536,9.164783117431655,1.0857743860196785,28.2522491812706,51.22511454671621,False
flow0000002,0,9,201,5.54531880388131,3.2517928008127166,0.20698146201069026,144.55600433796644,95.2698157504201,False
flow0000002,0,54,59,33.960613628659885,1.7557932206391946,2.0938020495162823,938.213287115097,679.6418092995882,True
flow0000002,0,105,106,48.983651879221405,6.457506421287023,1.7886156761846295,651.6811021417379,180.0558598563075,True
flow0000002,0,3,127,2.641364892048333,3.8033189593678163,2.554065447659111,48.48908968269825,105.32414647936821,True
flow0000002,0,5,146,1.6102104859879258,3.487983999835477,1.0747153707778527,40.545333847403526,68.5348554700613,False
flow0000002,0,12,233,5.1446356321692,1.2216535966579911,3.701422451676011,152.46823390573263,87.34452987462282,True
flow0000002,0,16,324,31.480096495164247,8.306148784026973,2.4701535458699104,92.58585767447948,38.498768754303455,False
flow0000002,0,4,172,42.55715074721829,0.5497632942318871,1.7126345027456824,149.6565724313259,21.138552106916904,False
flow0000002,0,7,8,2.766905465545259,0.33058218477385215,2.6079570760440554,185.5552967786789,356.7809741869569,True
flow0000002,0,11,17,41.31464714578598,5.636592084373095,2.533321196997345,410.73336466401815,270.8935505822301,False
flow0000002,0,40,45,31.771492322116487,4.012110484685482,1.915553341423892,693.5462956875563,156.70992356538773,True
flow0000002,0,102,104,10.96921245193171,8.775961881985584,4.164139168799681,170.6717227473855,416.1503147855401,True
flow0000002,0,72,702,40.30100030321393,1.713635701797184,1.364406473684341,182.81338443607092,9.500533789396286,True
flow0000002,0,375,386,51.087157379561226,10.120146845395533,7.149044173162688,6.4648406356573105,19.513624608516693,True
flow0000002,0,38,360,4.251735805850518,0.49668798827903676,0.7361306515512164,109.7460852265358,30.234804905951023,True
flow0000002,0,94,1015,6.906078968406229,2.304324816970714,4.639278241388869,581.5937761589885,31.746679678559303,False
flow0000002,0,58,90,49.52426725085329,0.5982499103284772,1.8388313384572093,446.9737927019596,156.72648345679045,False
flow0000002,0,68,873,37.383680728065166,0.44404820750508933,0.11852799431884178,197.03536176681519,25.542974278330803,False
flow0000002,0,75,779,16.600894506813084,0.3042433069917923,3.1074802095243297,329.36770808696747,28.475488044321537,False
flow0000002,0,87,687,12.329925673873532,2.393754260967638,1.7254428835399094,473.7280164286494,32.23439697921276,False
flow0000002,1,1,348,8.07127995720661,2.3093517176867286,6.599497461537165,1023.1303865909576,183.17833578586578,False
flow0000002,1,45,517,5.144303262291997,0.3652954226007108,0.04036552398363712,151.05555802583694,22.16844318807125,False
flow0000002,1,24,278,40.77104665918227,1.588191227570911,0.7250297650549341,133.16972843557596,19.999271906912327,False
flow0000002,1,66,619,14.985836654139582,9.805709481917457,5.824881460510097,86.11703689396381,181.74002066999674,False
flow0000002,1,3,965,12.51470726703325,4.1085679777335935,5.504979083986198,657.3104714080691,882.8796023651958,True
flow0000002,1,102,965,7.151681273131821,14.444948779008042,6.159140712796989,52.35277157276869,882.8796023651958,False
flow0000002,1,4,1515,7.856997817090823,8.283201294608945,7.752836556371892,774.5146656930447,1468.825881011784,True
flow0000002,1,62,85,48.050020508075185,1.7352268134159854,0.7348900127566452,554.0464329048991,89.52835098654032,False
flow0000002,1,131,148,47.517531797900475,1.5330101341308227,3.5768274981534836,258.85332111269236,440.0256950110197,False
flow0000002,1,144,145,27.256612305352427,4.381891488468202,1.4144020542293754,674.4507892355323,406.727168366313,True
flow0000002,1,144,147,10.80488492558528,4.89309707169021,4.819648660493091,674.4507892355323,118.37102030217648,True
flow0000002,1,144,1515,1.6398499204161803,2.7346302051273135,1.444636550266505,674.4507892355323,1468.825881011784,True
flow0000002,1,145,147,5.708003227846062,8.921888364026982,2.342275922823056,406.727168366313,118.37102030217648,True
flow0000002,1,145,155,12.197291876620277,7.785065045939922,3.272736201753557,406.727168366313,77.52522122859955,True
flow0000002,1,145,1515,26.38509266346506,5.19789080381865,4.028218666892138,406.727168366313,1468.825881011784,True
flow0000002,1,146,149,7.349469161362813,4.962822035040256,2.714950977263631,308.96510507911444,335.99225098639727,True
flow0000002,1,147,1515,11.922172603044316,4.1226283084544395,6.498676608805701,118.37102030217648,1468.825881011784,True
flow0000002,1,155,1515,33.8781263916929,9.21266450991029,7.092900054207646,77.52522122859955,1468.825881011784,False
flow0000002,1,5,6,39.308022827340736,7.966293855464791,1.2244984097687088,4319.048063986003,363.06525302678347,True
flow0000002,1,5,1524,7.374304974390968,3.9724539624778954,5.632892966943487,4319.048063986003,97.9411944821477,False
flow0000002,1,5,1598,3.341179921158743,5.630288905058409,3.3399706211424705,4319.048063986003,1616.574104718864,True
flow0000002,1,6,160,23.667060079746854,8.779906408612757,2.738222095979724,363.06525302678347,98.46282809972763,False
flow0000002,1,6,1524,44.2965228222418,4.014681594979124,1.6518522912679865,363.06525302678347,97.9411944821477,False
flow0000002,1,6,1598,2.189023043853061,2.40826949905912,1.936150674993346,363.06525302678347,1616.574104718864,True
flow0000002,1,6,1719,4.503314205658006,2.40484127300696,1.1077278842411658,363.06525302678347,1493.1599957868457,False
flow0000002,1,160,1598,22.85817305058905,6.4831447776586915,7.485562115175962,98.46282809972763,1616.574104718864,False
flow0000002,1,160,1719,19.29971090394981,6.3983035331908775,4.959374340570904,98.46282809972763,1493.1599957868457,True
flow0000002,1,1524,1598,5.372676155805505,1.6593280726006834,1.9720404224367558,97.9411944821477,1616.574104718864,False
flow0000002,1,1598,1719,4.519544505398076,0.3428536545153499,3.1236576121958275,1616.574104718864,1493.1599957868457,False
flow0000002,1,10,33,64.4987272180637,0.3384377052298398,2.6739282831874154,156.29194892197847,494.326788879931,False
flow0000002,1,10,207,5.2533749062459725,0.7773278015990642,0.1602534185990516,156.29194892197847,29.06574782729149,False
flow0000002,1,33,207,40.11932708345096,0.4632244282616218,3.1175558219516115,494.326788879931,29.06574782729149,False
flow0000002,1,33,555,5.510406402164261,0.7019805579035321,2.861619328259705,494.326788879931,21.942497804760933,False
flow0000002,1,116,127,43.24311058476803,12.097442059711708,1.0089840105830834,57.20430777966976,470.3132024258375,False
flow0000002,1,36,460,68.25488422661563,2.949709127868815,1.1496192031882935,312.58262076228857,24.490473352372646,False
flow0000002,1,89,107,12.424525470744205,10.452964572746573,3.2453039671000674,262.09760097414255,108.77654032409191,True
flow0000002,1,109,1100,9.351127813838524,12.520458586552852,6.078275954253866,88.27060434222221,56.95017917454243,True
flow0000002,1,67,902,6.39431806807171,8.785373819524946,5.158244471929762,254.28472954034805,118.27755109965801,False
flow0000002,1,87,895,5.919282135131999,3.8008183284315202,1.873975325227647,188.57570577412844,47.20507035404444,False
flow0000002,1,92,868,8.68629848226758,11.784441210425571,6.429612366487511,474.5144531428814,330.4272128716111,False
flow0000002,1,22,26,15.575273140093728,1.8945875045822542,2.748598582000746,60.224397882819176,146.29207458347082,False
flow0000002,1,121,139,2.3791943348949984,1.8179126641983547,2.378982298684195,932.1836289390922,105.9152029082179,True
flow0000002,1,121,140,39.95860087168198,2.248724457816258,0.15574399140757964,932.1836289390922,117.57678794115782,True
flow0000002,1,139,140,4.779339992633971,3.8921903746345015,2.7068654967448254,105.9152029082179,117.57678794115782,True
flow0000002,1,52,63,40.907318566352316,1.1267569239177422,5.082496473516423,156.2198195978999,586.3849659562111,False
flow0000002,1,60,981,8.521712240709407,6.117449765125716,6.487672576164507,556.8163706213236,20.46214932948351,False
flow0000002,1,143,1494,5.660588750171773,1.303359198192334,2.391879912614465,229.50303119421005,31.376791834831238,False
flow0000002,1,94,106,58.926616401510586,1.5092386147770516,5.318383945778676,450.33654467761517,232.16676647216082,False
flow0000002,1,124,1261,5.091508252100927,7.5729061517712974,2.763430585473543,124.74748800694942,173.77063160389662,True
flow0000002,1,136,1339,5.6327300254585095,4.345157010655736,1.3834747554684774,213.9035648405552,25.015450574457645,False
flow0000002,10,141,148,31.19558575381118,10.67691708493592,7.433624272262491,321.98475281894207,46.646496683359146,True
flow0000002,10,146,1323,1.5518868973626658,13.65240438559044,1.330958405900033,97.12705860286951,24.517383463680744,True
flow0000002,10,25,442,11.259408293756659,6.995146751774739,4.402978091498357,222.01864649355412,39.09316898137331,False
flow0000002,10,105,962,5.654667551610164,10.589823432190252,4.8815562661601595,455.9853327795863,924.6960566863418,True
flow0000002,10,121,137,10.361835456107329,3.230429486265383,4.330276460866439,115.28405427932739,215.04714128375053,False
flow0000002,10,69,574,6.56269190265036,4.931299133854178,6.528540817683213,291.56078270077705,1040.40652538836,True
flow0000002,10,144,1292,1.8057657691062754,1.3408869187318015,1.70411715657512,121.90573420375586,30.586699284613132,False
flow0000002,10,9,336,23.736205924778503,1.523363093477548,1.2080778601205777,137.90868785977364,25.356995165348053,False
flow0000002,10,15,215,5.372835898833446,1.2141125101806343,0.1893884103040497,57.818134382367134,21.17294518649578,False
flow0000002,10,45,215,61.98064356997281,3.183250255663091,2.0033273416831916,341.7956594452262,21.17294518649578,False
flow0000002,10,22,280,30.447469376215697,11.70724959730548,3.6857859831020376,90.12896113097668,45.43954350054264,False
flow0000002,10,24,27,5.715742566486174,11.383699478103841,1.6047851992786886,269.1020706295967,81.25610722601414,True
flow0000002,10,27,30,14.11839961703085,0.21606182705631616,2.5459710486982043,81.25610722601414,119.34804850816727,False
flow0000002,10,134,1357,5.234196668602191,0.10247726268427186,0.29286759773994425,311.455604121089,36.94469738006592,False
flow0000002,10,53,456,3.0074814062476816,1.2207954063408055,1.1088487584491784,92.12616658955812,20.914040192961693,False
flow0000002,10,65,485,6.402680899896106,9.363428705280597,2.116312390050511,563.0254888907075,207.3821955397725,False
flow0000002,10,58,76,16.236635065200606,11.9953519439166,7.07783929348489,909.5529456064105,48.14053847640753,True
flow0000002,10,74,685,11.81324510627225,14.45606987070977,1.5194876701222004,129.66303374618292,32.77657078206539,False
flow0000002,10,87,88,3.2961975558389933,0.8344721272690291,3.245287148610451,326.2340859621763,319.7483855560422,True
flow0000002,10,87,793,8.60610465710436,12.226172541414684,3.7273950974343166,326.2340859621763,116.70532984286547,True
flow0000002,10,88,793,7.1734096669175225,11.481935647984248,4.396596338304517,319.7483855560422,116.70532984286547,True
flow0000002,10,89,90,2.016219574017669,0.7154200477356366,2.014526071098994,184.6671213284135,240.03934586048126,True
flow0000002,10,100,101,6.9251300573923285,5.9414959020355305,3.5064625343409377,96.20098377764225,114.74618066102266,True
flow0000002,11,2,87,12.091990209436808,4.146645632995852,2.8856238562994214,1068.0777421295643,824.8517590388656,True
flow0000002,11,2,98,3.2612679005591203,3.207108906796644,3.2440870005344142,1068.0777421295643,126.8367262929678,True
flow0000002,11,2,99,41.124158758418965,2.0793846127722206,2.058262304424758,1068.0777421295643,257.77327028661966,True
flow0000002,11,2,100,27.26162794422885,9.412302904702944,2.1145314781890616,1068.0777421295643,277.9400516599417,True
flow0000002,11,2,1096,0.7216886637206583,1.9810774853194661,0.6755745903969881,1068.0777421295643,1944.7120869755745,True
flow0000002,11,2,1248,7.635734982821405,10.85730691020003,2.397449769568189,1068.0777421295643,1235.5752527937293,False
flow0000002,11,87,98,12.0473155224479,0.9495873349729953,3.5199991200999543,824.8517590388656,126.8367262929678,True
flow0000002,11,87,99,29.701095802847163,2.430408948137772,3.6890497128462814,824.8517590388656,257.77327028661966,True
flow0000002,11,87,100,53.86262028646487,6.28287420516572,4.265648721015323,824.8517590388656,277.9400516599417,True
flow0000002,11,87,1096,15.138623025806384,2.180290032279404,3.1716245318795053,824.8517590388656,1944.7120869755745,True
flow0000002,11,87,1248,19.08838484662364,8.810938255376593,1.679740177943689,824.8517590388656,1235.5752527937293,False
flow0000002,11,98,99,8.244315873982844,1.5263449856929125,2.7292461494174627,126.8367262929678,257.77327028661966,True
flow0000002,11,98,100,32.061224443377974,6.8140475726620835,1.3855340678888668,126.8367262929678,277.9400516599417,True
flow0000002,11,98,1096,3.3583999931901336,1.2665032064916217,0.7553225429731012,126.8367262929678,1944.7120869755745,True
flow0000002,11,98,1248,7.832613340159261,9.042467948730598,2.213599734826409,126.8367262929678,1235.5752527937293,False
flow0000002,11,99,100,24.315496282760822,7.351376879849667,1.4195984461640365,257.77327028661966,277.9400516599417,True
flow0000002,11,99,1096,44.34991007521421,1.0621146476162597,4.471698450602694,257.77327028661966,1944.7120869755745,True
flow0000002,11,100,1096,27.5303327754225,7.9186489833836236,5.99259108241117,277.9400516599417,1944.7120869755745,True
flow0000002,11,1096,1248,4.777511355464857,9.870232821001293,2.1099408213864166,1944.7120869755745,1235.5752527937293,False
flow0000002,11,31,45,28.51076412623239,4.341114216273367,5.667358317470622,72.20300520211458,48.101208582520485,False
flow0000002,11,10,14,36.18719089383108,2.7903031754090395,1.8184929954912112,294.8687570616603,604.2303458973765,True
flow0000002,11,53,58,3.1952064989385427,1.3445477233946073,2.2183434616531237,395.92351445555687,323.81110920012,False
flow0000002,11,60,757,3.072816163713555,1.9384511455128002,1.212862355561875,363.14105040580034,21.340454429388046,False
flow0000002,11,104,1615,24.51472027043756,14.047271111901892,2.9600456159953965,152.2752478569746,27.73555202782154,False
flow0000002,11,131,133,3.7215643100875337,2.1324058445239484,3.561186690932735,776.0050365626812,141.6031075939536,True
flow0000002,11,133,1513,6.057372070342596,13.494925499052513,3.5255980019845454,141.6031075939536,702.0946277603507,False
flow0000002,11,136,1624,49.5649196013912,2.7439429692836823,5.279583682555859,94.72286555171013,86.66892369836569,False
flow0000002,11,18,380,3.617937988289116,3.3353010051694256,2.5717897025259946,412.7534967213869,27.6096029356122,False
flow0000002,11,73,84,42.04904529492983,6.75920157316674,5.046276899904213,131.03415306657553,184.87045688182116,False
flow0000002,11,84,85,3.220237290985037,7.856855258640367,0.9433337355719338,184.87045688182116,382.08065113425255,True
flow0000002,11,84,1000,45.828991314672614,2.414804079512578,2.395585247971542,184.87045688182116,33.96346092224121,False
flow0000002,11,85,1000,48.955768614727575,8.823949560880129,3.894219545751601,382.08065113425255,33.96346092224121,False
flow0000002,11,158,1788,73.38862936080187,13.691415967360221,1.831881379589977,707.5660547167063,10.75700668990612,True
flow0000002,11,86,121,53.02263660225048,0.15951478973627103,1.0543668210990005,566.3207279294729,159.45152159780264,False
flow0000002,11,41,57,46.305901028136056,0.9018759478003308,0.44309499870291746,262.17896899580956,478.97301095724106,False
flow0000002,11,67,782,20.24919886053013,5.976640183617219,1.7837031348226968,41.375392988324165,40.838792346417904,False
flow0000002,11,123,1402,12.161454885000962,7.747461893750232,4.868454829648449,66.5354226604104,47.91045319288969,True
flow0000002,11,56,1031,10.008280107556468,8.8362641770594,2.034257236436882,379.9816998168826,24.199085108935833,False
flow0000002,11,119,130,39.564261013307956,9.594844591612746,6.573228472307593,430.4221418425441,28.19237955659628,False
flow0000002,11,141,1647,4.0241948256660995,7.841296510317999,1.2844832706437768,100.82769142836332,21.936287760734558,True
flow0000002,11,147,1647,21.24145876577688,14.26492523899062,4.233479332675333,86.1675131097436,21.936287760734558,False
flow0000002,11,142,1705,11.127168947401847,9.547970665538534,4.370690992111466,265.1590923219919,48.29069096595049,False
flow0000002,11,1678,1731,16.136819455994292,5.660746830142342,7.323459985908458,95.65690041333437,28.898398883640766,False
flow0000002,12,0,38,39.87074394322167,2.9049526835122164,1.687056918871045,774.0064105987549,36.62512585520744,True
flow0000002,12,33,491,9.232261651281414,11.29988833251544,1.4119369622267859,235.57170751690865,40.769209526479244,True
flow0000002,12,1,90,27.506202708872543,3.0822351113584534,2.8770611783077986,1238.0315136536956,85.15688896924257,True
flow0000002,12,2,96,14.582985351299675,7.9911270027751895,6.980643881282889,853.416268967092,149.77519854158163,True
flow0000002,12,2,113,5.825147580210499,2.4879062847950193,3.3862109346760403,853.416268967092,297.6164121925831,False
flow0000002,12,115,1601,2.2798485965707145,12.804727009885848,2.1273532922076037,66.797830671072,72.47241956740618,False
flow0000002,12,1269,1367,45.44333815691845,6.0277760637181546,4.979215775652724,169.6974044367671,94.67191215604544,False
flow0000002,12,52,58,54.643016175243176,0.9295319340632252,1.8186553400405698,421.6844678670168,297.2681768089533,False
flow0000002,12,52,761,33.39938086851825,1.2617238802333612,2.03109996355813,421.6844678670168,21.183295339345932,True
flow0000002,12,52,1074,29.178178739809066,1.6444342011815378,3.2365156485109403,421.6844678670168,24.047499403357506,False
flow0000002,12,58,761,5.204130978957421,1.1694956519703597,0.5108496219822231,297.2681768089533,21.183295339345932,False
flow0000002,12,761,1074,62.34822320385945,0.3911363033869544,2.2941989351266976,21.183295339345932,24.047499403357506,False
flow0000002,12,103,140,77.24438126066265,0.494953948776019,1.2461605218805587,535.6077584698796,112.95247036963701,False
flow0000002,12,18,37,46.18155847207705,3.8338981019966476,3.72202514154695,148.47652984410524,168.578344643116,False
flow0000002,12,28,421,2.296945970242066,8.158918268057619,1.4149997726914167,95.75498636066914,18.185498610138893,True
flow0000002,12,28,436,5.951014674193323,8.963204733664444,0.5091290335021816,95.75498636066914,49.611173667013645,False
flow0000002,12,42,617,8.759396720900504,10.320394765976395,5.433103536858278,271.45706056803465,25.64838370680809,True
flow0000002,12,48,835,12.360122904295652,10.096100316319244,3.720935445152607,126.7798835337162,37.267772346735,False
flow0000002,12,56,665,3.71461222803838,8.173612176446888,1.3464919799465664,98.8373324945569,38.25355692207813,False
flow0000002,12,73,972,3.048894651557869,4.817400450826246,2.7327902403863775,170.7155115455389,20.414539724588394,True
flow0000002,12,102,132,60.93370279620751,2.269986031654615,2.6458730020404557,306.6018417701125,401.163724668324,False
flow0000002,12,53,76,69.85869348228046,1.8065088195592736,1.5785419850958677,362.14841870963573,85.16930858790874,False
flow0000002,12,101,110,49.214890149293744,9.284722782905645,2.9310541980441798,812.1117223724723,173.86059457808733,True
flow0000002,12,101,1383,46.44034161006694,3.528136162288055,6.556194682921991,812.1117223724723,1406.8695598319173,True
flow0000002,12,110,1383,8.22531225693955,12.288414413081318,7.913824192074657,173.86059457808733,1406.8695598319173,True
flow0000002,12,136,1845,3.490816269410401,4.566818705812816,2.213320682293152,267.82967414706945,21.00288960337639,True
flow0000002,12,123,161,40.8257950059791,5.7766344450272475,7.491084870496966,636.4899062737823,33.92349433898926,False
flow0000002,2,80,88,5.457753752346704,12.04496871297758,1.6756176304121089,55.97267446666956,200.05895499140024,False
flow0000002,2,4,6,55.7262008476581,7.814201909527542,2.863620599245634,713.2888819500804,149.0981590077281,True
flow0000002,2,4,122,35.45688368834255,8.690258926532472,3.0008707426840484,713.2888819500804,30.37604070454836,True
flow0000002,2,6,122,4.38990640862738,14.85087174404534,3.0336056486852256,149.0981590077281,30.37604070454836,True
flow0000002,2,5,10,1.0341962155222615,6.317576131792728,1.0335747135608584,155.12830556184053,208.6186070367694,True
flow0000002,2,77,81,17.87635399286664,3.6269188689063254,3.3165973796264474,694.0414966717362,58.443584226071835,True
flow0000002,2,98,100,26.02212412104314,5.495097723562782,1.3134466929063187,978.8906326517463,142.42616273462772,True
flow0000002,2,42,413,50.10233408740547,13.421987803426147,2.781315450470158,530.5430101901293,41.50070532411337,True
flow0000002,2,22,23,36.790095396124016,11.574250843038758,2.819002015376282,49.304818622767925,447.63952895253897,False
flow0000002,2,46,470,9.373174056829068,6.372932233827434,6.451263442370003,597.5777677595615,1068.812581308186,True
flow0000002,2,37,54,46.72303538771352,3.0307685991596314,7.186062580674505,260.6470313668251,274.79178561270237,False
flow0000002,2,620,703,28.438152388332853,8.917945315203852,5.640434638595905,32.870993442833424,31.139223150908947,False
flow0000002,2,55,588,2.651645727667082,10.543359503291871,1.7942847261960777,107.13744286447763,29.0182982981205,True
flow0000002,2,86,933,6.1840760466916125,4.473327965800608,2.467066989279068,275.35513512790203,25.98531197756529,False
flow0000002,2,93,111,6.798987305136259,0.40975839970852607,0.7419315756531126,474.0546025633812,226.7279966622591,False
flow0000002,3,0,30,2.5751956051501104,0.7471590067136151,2.56212405338423,1521.3155873715878,1552.817043878138,True
flow0000002,3,0,31,30.82832673243464,8.928468457796775,3.7466661335700078,1521.3155873715878,148.09629148244858,True
flow0000002,3,0,33,21.9990644627848,9.029461958755242,1.5274282903031022,1521.3155873715878,92.03636038303375,True
flow0000002,3,0,34,10.167869774033125,0.8169204527340737,1.8998259442568688,1521.3155873715878,301.16815861314535,True
flow0000002,3,0,335,3.701520525138154,1.511791522925782,1.6075110561134545,1521.3155873715878,1425.0475689396262,True
flow0000002,3,0,423,32.60828114509857,1.5483600933659531,1.2420661025093462,1521.3155873715878,2488.847802557051,True
flow0000002,3,2,43,4.538813284082332,7.125100252984594,1.5343957769371248,39.339177414774895,95.95609185099602,True
flow0000002,3,2,360,61.751029490221704,7.227260814543449,6.84665776287854,39.339177414774895,37.28369554132223,True
flow0000002,3,30,31,31.262132134226054,8.427651450523381,4.795855552183878,1552.817043878138,148.09629148244858,True
flow0000002,3,30,33,22.557040301892293,8.299756613820238,3.679136772849656,1552.817043878138,92.03636038303375,True
flow0000002,3,30,34,6.668177046800559,0.24703216757232194,1.5620740936051516,1552.817043878138,301.16815861314535,True
flow0000002,3,30,335,5.075631545218374,1.49961674862643,4.077787116493891,1552.817043878138,1425.0475689396262,True
flow0000002,3,30,423,29.086289636072514,1.85133788752498,0.8124251022202538,1552.817043878138,2488.847802557051,True
flow0000002,3,31,33,9.71140005354779,5.265472567717695,3.907594105779159,148.09629148244858,92.03636038303375,True
flow0000002,3,34,335,33.8136730063537,1.271969991028252,4.9821549506048655,301.16815861314535,1425.0475689396262,True
flow0000002,3,34,423,22.605405823328137,2.073510029528512,0.6977936112698145,301.16815861314535,2488.847802557051,True
flow0000002,3,43,360,4.140300477458584,4.012825975496812,1.6063382796185692,95.95609185099602,37.28369554132223,True
flow0000002,3,70,736,7.842862217978615,0.3567139880391683,0.14505491909482027,261.9237276762724,22.51078451424837,False
flow0000002,3,335,423,3.7257046115536037,3.0587271540232357,1.595898767556459,1425.0475689396262,2488.847802557051,False
flow0000002,3,58,63,3.0503256142079773,7.020600361760148,2.8306997984324918,115.15460181981325,113.89128222316504,True
flow0000002,3,3,712,4.121020716842965,2.5115703729980186,0.6952976232694104,1067.6607262641191,56.20069045573473,True
flow0000002,3,5,1145,4.9113685715967526,6.656074943805748,4.840928566699413,2792.0937266126275,1649.025531359017,True
flow0000002,3,82,85,16.995287683381218,2.1044193739288146,2.3601074965962248,279.4097268432379,225.22121184319258,True
flow0000002,3,88,97,17.153186797016048,1.5366893543286224,0.30184718824880563,201.56764371693134,789.4616112336516,True
flow0000002,3,93,96,5.802561102726393,10.741730716055127,3.1522613189879247,123.56330491602421,46.899191953241825,True
flow0000002,3,93,931,24.75243247437531,14.353530834030455,2.986971178380524,123.56330491602421,78.72660142928362,True
flow0000002,3,98,99,5.310107161078059,12.844563777163271,4.406621537215475,176.47751700133085,34.00406400114298,True
flow0000002,3,102,127,20.476940962957713,6.428227176570822,4.571955189866656,96.43934934586287,111.5759386792779,False
flow0000002,3,129,1145,31.276270836701975,4.953148344235794,1.2832736723962996,262.3026884496212,1649.025531359017,False
flow0000002,3,35,364,2.9693505297056926,4.145643504141531,2.7636730277331734,710.2578083723783,24.25768156349659,False
flow0000002,3,67,727,5.424402563640757,0.5907808838224338,1.0337010289238033,61.36988804489374,23.88572356849909,False
flow0000002,3,18,492,74.86248223615955,2.4327308843542568,2.0217632538839316,783.3423090428114,14.423722974956036,True
flow0000002,3,75,731,46.23271762951865,5.782244776971332,1.5800835362674697,220.53416099399328,27.956084214150906,True
flow0000002,3,74,86,9.827941959569802,9.702241796340685,2.943773151578607,172.19729359447956,178.89779274910688,True
flow0000002,3,86,880,38.01171319088894,3.9595296077702598,1.36948291099664,178.89779274910688,16.676967062056065,True
flow0000002,3,37,266,9.314910372750584,6.435334520403425,7.438750666079752,156.50037789344788,164.19191502034664,False
flow0000002,3,38,60,57.40181973116564,7.640249586818072,5.244926029039727,41.26377349346876,80.55056459456682,False
flow0000002,3,114,1341,5.93146564735961,6.456472611185935,2.6967162852608944,410.6191986948252,26.054097950458527,False
flow0000002,3,134,135,8.251506023807446,9.885918030519928,1.3995526977392947,159.5026345103979,45.40308025479317,True
flow0000002,3,134,138,4.63199968917901,2.0626685423106506,0.38163394112911597,159.5026345103979,138.4613718688488,False
flow0000002,3,138,1360,6.1315469475806585,0.7119959270896719,1.8506163330510108,138.4613718688488,22.71539343893528,False
flow0000002,3,49,57,75.05531904789343,0.3586926480899102,0.8413490291525485,131.99175448715687,169.50840221345425,False
flow0000002,3,59,305,9.323339355415902,6.160021946793795,2.1806119214617974,108.56444811075926,31.881705798208714,False
flow0000002,3,115,133,7.18324219812286,14.292732047259474,5.160673921757346,280.54455733299255,138.0583639666438,False
flow0000002,3,116,136,5.194968867875751,1.6686956646548246,0.6073865325715907,507.051861487329,282.1249011978507,False
flow0000002,3,120,1314,7.5582416849029155,5.898828348061822,5.854105301524521,509.38121850043535,28.072480231523514,False
flow0000002,3,130,1276,10.852507823718211,5.813420688845298,5.185396205720053,55.9726747199893,38.87216014415026,True
flow0000002,4,54,75,74.54889717503035,1.3016238240802704,4.044646648541144,266.62176421284676,426.50766345858574,False
flow0000002,4,56,78,44.05315019198608,0.3656040281236026,2.1522073200907257,476.0320580005646,291.42257603257895,False
flow0000002,4,56,639,2.176852073634763,13.015533017499546,1.0501951479392846,476.0320580005646,15.418424054980278,True
flow0000002,4,80,1129,3.055081113628406,6.6049090070723855,2.783392063617226,304.24843444675207,58.97508776187897,False
flow0000002,4,88,1059,12.279772834924831,1.5027471597678892,1.6438308536708304,107.53599043935537,30.005992770195007,False
flow0000002,4,3,17,51.309289936766255,0.8779225858913502,4.374273875658425,231.40008056908846,424.4069627597928,False
flow0000002,4,5,6,18.718488774978336,13.48808900003881,4.77872194030263,350.135252378881,111.04427490383387,True
flow0000002,4,61,73,63.4585968657764,0.8033896500822861,0.31502692510250146,123.32685293257236,502.1759655252099,False
flow0000002,4,61,779,5.146494471464487,0.7140388350494907,0.05453664166468288,123.32685293257236,19.393088653683662,False
flow0000002,4,63,74,5.220794380870257,0.6736961733760757,0.912319864106667,160.7963674813509,682.0425030812621,False
flow0000002,4,73,779,38.511100283376074,0.27851812854144903,1.06442049744808,502.1759655252099,19.393088653683662,False
flow0000002,4,9,197,7.002136358581558,10.415819482091788,2.8450329220018333,47.66317117959261,41.10804779827595,False
flow0000002,4,39,44,62.4201545763834,7.256854858658946,1.8117871774707808,414.4166364222765,154.11131129413843,True
flow0000002,4,11,238,5.632639815544848,8.320235925819075,2.181229079431239,177.6618595942855,55.13767943531275,False
flow0000002,4,31,32,21.158116147930993,7.057546751703445,1.3598354835698179,399.5442056134343,175.95381327718496,True
flow0000002,4,31,417,4.580550352228153,4.974611875892893,3.837672095717836,399.5442056134343,885.0615078285336,True
flow0000002,4,32,417,2.35208600805784,4.55697973464984,2.3504625295759434,175.95381327718496,885.0615078285336,True
flow0000002,4,18,243,5.325156602651264,5.880114915219428,1.1020466826436608,490.59048905968666,546.5149119868875,False
flow0000002,4,18,377,73.45669712657927,7.712160110250763,2.758715264534541,490.59048905968666,37.93876191973686,True
flow0000002,4,21,24,5.767721002177778,12.41950190897503,2.9000030730909625,358.2318707332015,338.3779745474458,False
flow0000002,4,24,352,37.41060709523995,12.071972136667558,6.736563267321433,338.3779745474458,90.88259022682905,True
flow0000002,4,38,49,41.15844019516721,1.8503379533331914,3.4253665734927012,517.1088986769319,220.5782675743103,False
flow0000002,4,41,52,42.744857926474346,5.378403028539818,5.993613234591989,428.6648954078555,150.25001914799213,False
flow0000002,4,62,93,75.12759190631255,3.089479293031337,0.5655544189317044,387.71113604307175,273.25156781822443,False
flow0000002,4,45,531,1.8025547045022081,3.159306680832413,1.733161381800233,167.2881147712469,160.6850645020604,True
flow0000002,4,58,933,6.792899912090572,2.349246160846888,2.6660104380658707,534.7022193968296,27.81484831124544,False
flow0000002,4,97,103,41.049978782390724,0.9205835769253761,1.987523947624567,107.3253319337964,410.8241243585944,False
flow0000002,4,83,95,79.22276585691014,0.5831016024273317,3.147634504756634,46.50446383655071,46.72005943953991,False
flow0000002,4,102,107,7.629913321130685,11.304218476738415,5.388187185856382,82.04476622492075,37.22796595841646,False
flow0000002,4,106,107,13.718662313920436,8.144815162132964,1.116648051311193,57.64250572025776,37.22796595841646,True
flow0000002,4,110,111,1.2076502042575523,1.7375428621346771,0.8497285278279397,206.34147665649652,249.00932890176773,True
flow0000002,5,52,82,49.4770231589258,1.625509558904906,1.9166144025096024,443.5051596984267,249.72124210000038,False
flow0000002,5,8,182,28.310459352758958,10.94765260123585,2.5388559547680485,760.1497080475092,27.988407477736473,True
flow0000002,5,14,24,49.75830678743484,1.6960015411486438,3.6905441238984857,586.2037639990449,80.59403412044048,False
flow0000002,5,33,310,2.179745325787614,9.214396452651476,2.175036358497634,185.07395219802856,24.181888483464718,True
flow0000002,5,28,274,70.82498981682828,2.8799777434578555,0.8801503542144734,377.9109379276633,15.297888062894344,True
flow0000002,5,53,55,5.250575755689583,3.884094592687813,3.1755360303996714,162.51651114970446,450.23924857378006,True
flow0000002,5,58,448,3.9000709803027407,2.1510323741832997,3.846921921110586,210.65927934646606,596.9722275063396,True
flow0000002,5,59,448,9.241523519207059,5.187872465336788,2.723924328914857,199.46487206965685,596.9722275063396,True
flow0000002,5,69,519,6.275677223463756,4.703938173221002,3.1619884082737197,135.87963975965977,239.73426123708487,False
flow0000002,5,71,420,22.85038858696497,1.7181428911306373,4.407951760193904,241.33196534216404,24.543496444821358,False
flow0000002,5,65,637,25.895337049158314,3.7594566028002467,0.4192885260067706,266.57033391296864,20.172830820083618,False
flow0000002,5,89,718,7.1705049723336804,8.259094658013701,3.3990459800357122,361.28762597590685,25.584374144673347,True
flow0000002,6,124,125,12.456472832541623,8.285276144892952,3.5135469832882116,122.78292620182037,60.43712652474642,True
flow0000002,6,49,499,7.6838452737520795,9.924463497145952,4.759361594000948,237.20778486132622,88.48460660874844,False
flow0000002,6,49,592,6.365832108212356,1.3493588922195676,1.0607253184349745,237.20778486132622,14.155741088092327,True
flow0000002,6,110,130,5.840430543570298,0.18016869318352763,0.35528222333949966,380.7132018581033,385.6733309030533,True
flow0000002,6,29,41,5.672331350512474,4.5227677400047765,1.3036805668547384,369.095083206892,361.09687100350857,False
flow0000002,6,54,67,61.23752521420856,0.49695432394056566,2.040966217125362,331.90453719347715,70.59129305183887,False
flow0000002,6,62,65,3.4568156181243856,3.2543069102108366,2.936591244266738,104.7017235159874,176.08931862562895,False
flow0000002,6,106,132,7.667791032439631,11.308470106855344,0.757817197769831,480.0979653522372,47.7045708373189,True
flow0000002,6,115,1171,1.7769830243820524,4.34887992700242,1.7704734413824932,102.07970422506332,50.178027391433716,False
flow0000002,6,16,21,41.740342444166004,2.5148822520519785,2.439117899801276,857.5816860571504,147.8319726511836,True
flow0000002,6,16,36,73.6087573968882,2.176963798000663,2.200084099535837,857.5816860571504,68.71414710581303,False
flow0000002,6,46,47,63.322610644360715,8.883307643625042,4.540113626011585,38.0056381970644,77.78699301183224,True
flow0000002,6,46,477,15.061168903924356,4.829527025494304,1.2434918847709708,38.0056381970644,37.63845696300268,True
flow0000002,6,33,39,5.188641234272,3.6391753660844532,1.3163916659997759,131.84462481737137,576.2172623202205,False
flow0000002,6,76,79,29.03819191441799,4.943889101612616,1.7454434939748908,96.32518328726292,165.458260782063,True
flow0000002,6,79,761,33.796606764181696,7.633965885521627,2.983154287085255,165.458260782063,243.84172455966473,False
flow0000002,6,42,429,21.31038056293153,3.7966577632716376,1.379655168578988,327.8582192733884,24.16803526133299,True
flow0000002,6,50,56,1.6745397078466926,0.5741602862015934,1.672904653301292,786.7988220453262,322.4648229405284,True
flow0000002,6,105,122,2.886205388280974,0.7521210925529969,2.302875215239112,227.6090086773038,552.486627869308,False
flow0000002,6,112,119,5.350359724469135,2.096465590529904,0.41824408972156635,141.5246116220951,209.66107867658138,False
flow0000002,6,69,864,26.541874694906298,11.164576508195658,5.600704732588106,223.56730713695288,31.178392812609673,False
flow0000002,6,77,751,8.398091016719917,3.657448911393565,7.122493121171444,149.53778985887766,230.36015966534615,False
flow0000002,6,77,864,5.215727567622683,1.7555541292969674,0.2994796414075669,149.53778985887766,31.178392812609673,False
flow0000002,6,74,80,42.74837210579069,1.5326665380212436,1.136427929647592,239.9442901611328,217.7545103058219,False
flow0000002,6,75,749,78.38499924214963,0.28324047495941707,0.6716811825060359,714.4924957752228,24.945867739617825,False
flow0000002,6,127,135,2.268065316522587,10.578264111153475,2.2397221934377662,421.19022665917873,49.19112914055586,True
flow0000002,7,18,21,4.703445679720237,12.298671212293687,0.8020205102971537,57.53566272556782,202.37525236606598,False
flow0000002,7,21,41,40.11115066768918,8.090875457211672,5.146413129621603,202.37525236606598,211.87419275194407,False
flow0000002,7,241,244,7.245911609890385,8.634746784374721,2.7778172904451464,35.17853397876024,159.83701331168413,True
flow0000002,7,2,66,49.77447444232663,2.558379947258796,7.324052695556185,1025.7301092222333,84.97027286887169,False
flow0000002,7,66,906,5.484930768084442,9.696278542189763,1.0462415786008032,84.97027286887169,74.11183727532625,False
flow0000002,7,68,897,2.856087511094405,6.096182430303206,2.6263465766751777,286.4181775972247,396.86152432113886,True
flow0000002,7,71,72,5.07805054381755,10.205046091991496,3.8598751551658643,94.09040880203247,63.54845280200243,True
flow0000002,7,80,82,13.772344250632878,12.317161879514556,4.051177439294209,59.2129764854908,67.80160880833864,True
flow0000002,7,80,83,2.2189708880976307,4.774807818210014,2.183865470338345,59.2129764854908,348.90218937397003,True
flow0000002,7,80,89,13.905124129956128,1.4969448370210012,3.2236281068558066,59.2129764854908,211.36004574596882,False
flow0000002,7,80,1076,22.530714585077295,12.061864252050418,0.991631876846726,59.2129764854908,82.70954541116953,True
flow0000002,7,81,1071,4.600545173061178,13.589851822221485,1.483326834752136,142.69892171770334,71.55160124599934,True
flow0000002,7,82,83,3.2044292169216275,9.418654688400995,1.432264982358568,67.80160880833864,348.90218937397003,True
flow0000002,7,83,89,18.872886043044172,3.891626965935881,4.177538261372192,348.90218937397003,211.36004574596882,False
flow0000002,7,14,235,8.844015799038095,8.310935943185433,3.4388625038304177,507.7021448239684,220.66265705227852,True
flow0000002,7,168,169,3.873679424290471,12.34672364057139,3.476352750682428,82.82243829965591,134.2827349230647,True
flow0000002,7,113,147,65.5677252614191,1.2921670340547695,1.9013836241779538,515.9949355944991,210.43636064976454,False
flow0000002,7,121,122,19.309873003203634,14.98463536556169,3.950514821315274,1149.3790680244565,149.60386955738068,True
flow0000002,7,122,1517,21.19992467810355,4.160382717682751,3.8702780692818655,149.60386955738068,1462.3118356093764,True
flow0000002,7,144,1726,22.55541419235464,11.797819155357688,7.569266485710986,179.84058422595263,36.15460502356291,True
flow0000002,7,146,1726,5.4581985996487585,5.7555772166035535,1.060577505380357,144.2564960345626,36.15460502356291,False
flow0000002,7,146,1779,5.189782834496521,0.9853644434340229,0.21613117288892075,144.2564960345626,30.40215388685465,False
flow0000002,7,132,145,48.69716253389599,1.9445405486253122,5.725916384564933,198.8553488254547,375.3989487141371,False
flow0000002,7,78,101,56.55173053976588,13.6431964588205,4.401630420408603,128.9836080521345,68.1826433762908,False
flow0000002,7,78,1257,39.41413335669562,6.042711912756325,3.970554813008666,128.9836080521345,21.53057339042425,False
flow0000002,7,101,1257,1.682197029246935,12.539832525674399,1.2513713162495952,68.1826433762908,21.53057339042425,True
flow0000002,7,26,30,34.05639259857018,14.182937671568988,7.939060722791741,147.06879054009914,354.71259961277246,True
flow0000002,7,26,63,62.37159085954404,2.7638963717002363,6.399604201905092,147.06879054009914,655.117416895926,False
flow0000002,7,26,743,40.748958985802226,1.968211027044169,5.220916612423208,147.06879054009914,32.661447919905186,False
flow0000002,7,27,463,3.546331219943815,8.513290151808285,3.282813448841831,103.85160114616156,44.1700137630105,False
flow0000002,7,28,29,18.293571763330785,11.439283024294472,2.633247465035402,224.07126251608133,566.7718216180801,True
flow0000002,7,28,34,8.91652443632955,11.610233253476057,5.753564866594065,224.07126251608133,100.99392387270927,True
flow0000002,7,42,551,21.18020064531482,10.244743307169893,4.823446158340218,39.68565871566534,51.875404201447964,True
flow0000002,7,47,584,10.282184721308207,11.17376206097835,2.0266595280539916,61.20588222891092,40.029433622956276,True
flow0000002,7,63,743,5.326451347708375,0.9666020355937441,0.8825474680793426,655.117416895926,32.661447919905186,False
flow0000002,7,136,171,63.576696369621004,0.7942876011703025,2.043821458892399,674.1110068038106,59.92042922973633,False
flow0000002,7,131,133,76.91694718863566,1.9230198065787816,3.8072606642355478,126.47034195065498,515.9850616827607,False
flow0000002,7,51,651,76.28100970278956,1.2949326981149636,1.879552239725831,675.8633172512054,24.719922333955765,True
flow0000002,7,74,1389,6.349479202802442,7.230994553213353,5.812415821479641,141.73542691022158,168.81320568174124,False
flow0000002,7,150,151,4.146482609037868,2.952849496965695,4.053122353244078,893.610169492662,291.228314422071,True
flow0000002,7,150,1798,2.8028688713798267,1.7658003271004725,2.7937217146894664,893.610169492662,2068.312655285001,True
flow0000002,7,151,1798,1.6733315617611868,3.8322838777646258,1.3144463187194646,291.228314422071,2068.312655285001,True
flow0000002,7,118,129,22.221774257346407,4.2968016469029875,6.464185137267909,307.11041581630707,133.37210696935654,False
flow0000002,7,139,166,59.29074792318541,2.861898777205554,4.2808412022859885,88.78491160273552,628.7232128605247,False
flow0000002,7,154,156,2.104541056430964,7.388858171350737,1.6372014125720633,115.56541269272566,91.60867280513048,True
flow0000002,8,14,29,7.306963751374309,1.8295295701499004,7.306871896344573,694.283842638135,146.96513441205025,True
flow0000002,8,17,18,13.301327798733348,5.9604089862105605,1.4309245783542832,231.96454760432243,64.16180261224508,True
flow0000002,8,17,260,9.362875738093324,6.226037415351131,7.203443903026495,231.96454760432243,235.73698938637972,False
flow0000002,8,29,260,5.2722404520917685,4.76335182353689,0.9298163850690069,146.96513441205025,235.73698938637972,False
flow0000002,8,51,55,54.96663939310927,5.794883560427746,5.0152880276728045,74.52599089592695,595.5652913302183,False
flow0000002,8,51,666,32.84885191903055,2.3710210511649352,2.487788118851907,74.52599089592695,25.523707650601864,False
flow0000002,8,55,666,6.941030542835766,4.804331388651548,4.40858029993189,595.5652913302183,25.523707650601864,False
flow0000002,8,80,85,50.6080920471852,0.8805715324137617,1.5069748459940968,371.0042358338833,287.6603232398629,False
flow0000002,8,80,890,27.739975195993257,1.7223231863543995,2.1341521903379506,371.0042358338833,27.044659160077572,False
flow0000002,8,85,890,5.305372042613122,1.042049747286979,0.062452582891384265,287.6603232398629,27.044659160077572,False
flow0000002,8,94,885,49.552244335030835,6.368262794861957,0.6057521790029214,285.78954803943634,19.200899735093117,True
flow0000002,8,88,89,6.786778744400067,2.091868010096551,6.766595288381142,688.9992038905621,713.5833042263985,True
flow0000002,8,24,39,41.83793890171332,1.3089548741773787,0.6984546873610521,291.80297381430864,273.8451708778739,False
flow0000002,8,104,951,37.264473974485604,9.047831669357308,1.661003272483755,872.6576117575169,31.27217909693718,True
flow0000002,8,45,479,25.53052852795617,1.9128770447257548,1.8565492660895266,136.51209285855293,48.94512069225311,True
flow0000002,8,70,79,41.74647929180866,7.37264908150039,3.2350738146792395,159.004567168653,341.17307537049055,False
flow0000002,8,70,639,5.6185275237911565,2.5754046322823445,1.2688200364424105,159.004567168653,31.608947157859802,False
flow0000002,8,79,639,17.7666366566492,5.289210221114919,5.00526909103801,341.17307537049055,31.608947157859802,False
flow0000002,8,56,78,51.33177032643245,0.9404893756233611,1.2289378737748384,162.44119814783335,541.8033438548446,False
flow0000002,8,61,582,1.4465824017887747,14.854129853943238,1.2324115364599446,71.40574906766415,17.750167779624462,True
flow0000002,8,62,63,8.884103847768639,13.957913266426516,3.8296390238570317,61.01910641044378,75.50285948067904,True
flow0000002,8,64,589,8.47324949932248,14.892392822319692,6.105209984335216,274.89878837019205,655.7922303676605,True
flow0000002,8,106,107,3.6215579259571657,0.6115362046905334,0.7550418950175365,691.2170832827687,1035.940637037158,True
flow0000002,8,110,111,5.368768634511266,7.593336366611581,2.119362092280911,126.34614280611277,44.73479735851288,True
flow0000002,9,0,580,20.60903074323175,6.622679731191441,4.342653682389927,873.0340138077736,194.69103907048702,True
flow0000002,9,7,154,30.83831826178628,2.1351506178147566,2.2734628619582797,170.65739169716835,19.038963831961155,True
flow0000002,9,127,1162,62.780899006950094,3.8577831806945135,1.6417842412621915,374.14342530816793,47.17895694077015,False
flow0000002,9,5,12,61.36626663520164,3.9718768504140347,4.691017688526758,814.2006535157561,70.82838509976864,True
flow0000002,9,12,197,5.09791844154637,1.59680741351789,0.4784103072697973,70.82838509976864,23.533032178878784,False
flow0000002,9,69,71,12.740409465991704,7.250999349648881,2.660908249278725,268.5385567769408,143.7007862702012,True
flow0000002,9,69,96,8.37119844486471,13.214657324304795,6.266462272668495,268.5385567769408,63.75306148082018,False
flow0000002,9,71,96,34.97258545117742,13.230554856911732,7.849811528022787,143.7007862702012,63.75306148082018,False
flow0000002,9,45,482,8.233027142296047,9.915697204870792,5.393392120636297,167.73507216572762,224.896863758564,False
flow0000002,9,25,36,56.48053284854283,7.180844322690264,7.484402841826448,76.19709521532059,338.827002055943,False
flow0000002,9,25,555,34.71520074705006,7.147281274546478,3.5008330133861283,76.19709521532059,22.777969658374786,False
flow0000002,9,36,471,60.6634844049053,1.488475712200915,1.070840090901986,338.827002055943,22.485307969152927,False
flow0000002,9,36,555,5.266364770369928,4.017508483026011,1.5578678653391294,338.827002055943,22.777969658374786,False
flow0000002,9,104,110,7.239686137841938,1.2814069437780675,2.1154604686534966,455.6613079532981,326.42006785422564,False
flow0000002,9,33,375,34.94831500651346,5.459275266149481,4.748593012871624,197.64727810025215,21.704132318496704,True
flow0000002,9,44,72,62.68273955547036,0.4501820757818282,1.2916376678985972,311.5540072321892,62.94720586389303,False
flow0000002,9,37,597,8.479894620617737,3.668552172747515,0.12077844182535544,140.26463259011507,35.65032811462879,False
flow0000002,9,49,64,17.042833559657105,1.6338157280435341,3.529742305676784,303.8995700031519,425.3951321095228,False
flow0000002,9,107,115,7.526022656849196,0.6614815104005554,0.7859758152006454,472.19512894004583,95.67696373909712,True
flow0000002,9,114,1050,5.196955620531475,8.220427062791268,1.5212591709146448,148.28912045061588,167.83347490429878,False
flow0000003,0,77,997,63.22369821383882,10.448313199909448,2.4695750979124536,750.9861029535532,16.789223074913025,True
flow0000003,0,79,113,42.464127151280124,1.6205049620183012,3.438577212710187,633.4408371970057,152.23878499865532,False
flow0000003,0,1024,1031,39.844697167554756,5.534517455426005,4.087497923779554,353.6844566464424,36.08024577796459,True
flow0000003,0,1024,1079,7.855646224049445,4.686909747435529,5.453269734481025,353.6844566464424,136.3734037950635,False
flow0000003,0,1031,1079,45.82965292742734,7.687842443254585,7.225653053071117,36.08024577796459,136.3734037950635,False
flow0000003,0,103,1211,4.333754498374603,6.498769477337631,1.5259112669595325,156.08224381506443,160.75894738733768,True
flow0000003,0,25,47,52.6842016996914,3.142379140374737,1.2200299215093127,282.99524326622486,398.19490794837475,False
flow0000003,0,5,175,33.438928166228635,5.935729081954718,5.567644778418957,465.8907813951373,1285.0669975876808,True
flow0000003,0,69,964,4.7979350853652445,2.29536142926628,3.8441548977571682,289.9079915434122,485.92031218111515,True
flow0000003,0,20,527,5.292094699972211,0.23732897461569782,0.4958698944029944,310.1916481554508,29.251727014780045,False
flow0000003,0,18,19,49.065832151942544,6.878037881773539,7.411777499688111,76.72812253981829,492.8895903080702,False
flow0000003,0,56,889,66.53007935623327,7.424962839157204,3.162643125633929,486.2188677340746,25.987381860613823,True
flow0000003,0,67,804,7.730851785681089,12.700801771645892,3.8714964331581645,177.8147195354104,117.83282674849033,False
flow0000003,0,98,130,65.23057926743371,2.0284066220962953,7.521977130054316,597.286868698895,103.79141180217266,False
flow0000003,1,0,437,9.091592624163548,6.217894874132906,5.9079788813496,329.6317066550255,389.719484873116,True
flow0000003,1,38,437,27.32953522458092,12.651796046798854,5.390130639308861,244.33565165102482,389.719484873116,True
flow0000003,1,60,92,15.896962989701636,3.1742767557571248,4.062232064660052,355.7162178903818,366.27578224241734,False
flow0000003,1,60,520,16.19219279200526,1.1086332678564796,2.2119109090668556,355.7162178903818,24.296850979328156,False
flow0000003,1,90,107,69.77535200829355,2.559493107128325,5.810015989464099,351.618790499866,121.76290811598301,False
flow0000003,1,90,1049,41.3000230644462,4.748508999200506,3.8269333504378062,351.618790499866,19.533527716994286,False
flow0000003,1,107,1049,11.813031094860266,4.770077432658716,2.0429415592357016,121.76290811598301,19.533527716994286,False
flow0000003,1,107,1110,13.75231163254587,10.415942310795852,2.9439287442108593,121.76290811598301,42.12965876609087,False
flow0000003,1,115,116,22.318942361964165,8.407182488044997,1.76425698726461,774.6672168523073,39.79457139223814,True
flow0000003,1,123,124,31.271993643375392,11.956100706602118,6.332657201958695,39.66575567424297,42.66084582358599,True
flow0000003,1,10,36,41.74353105137152,3.657441057881963,3.927029613765822,236.69315745681524,158.78690157830715,False
flow0000003,1,10,193,4.611949796873721,1.4513782611215675,4.193856968641896,236.69315745681524,21.45271047949791,False
flow0000003,1,10,367,20.389872220451487,1.6055306054254905,4.29649557648464,236.69315745681524,24.96640734374523,False
flow0000003,1,36,367,5.622910749349164,3.9574301816262936,0.9558359380309343,158.78690157830715,24.96640734374523,False
flow0000003,1,12,322,6.003022665058625,7.32947861932226,0.8752264869351601,255.90488116443157,28.111013285815716,False
flow0000003,1,73,1118,15.217109878907959,5.480261865806639,4.5929585048070525,339.0919534191489,41.04053462296724,False
flow0000003,1,13,201,5.286764829280241,7.118875140654814,0.6020884695241498,317.3101222217083,18.655222594738007,False
flow0000003,1,15,18,4.375306994784767,9.815501502316938,4.269259044892345,134.57316683232784,145.2589976787567,True
flow0000003,1,23,34,40.96565804969549,0.34291825632394085,0.7468583048931331,407.68652529269457,47.8091836348176,False
flow0000003,1,34,54,68.89734457243065,3.750023290268626,2.849449714820338,47.8091836348176,149.98140085488558,False
flow0000003,1,24,312,4.5655489475322035,10.886894069779343,1.9345971969918467,167.6718563362956,27.348467648029327,True
flow0000003,1,32,55,74.67383593607263,3.472215954529368,2.713350332036103,104.21448231488466,48.05439539253712,False
flow0000003,1,105,1063,66.15018446004758,3.1230851752901287,3.5922285828722815,394.90508638322353,27.582692876458168,True
flow0000003,1,84,962,76.05367487804428,0.25507193868526046,0.6672738721202466,691.870095513761,25.064333721995354,True
flow0000003,1,35,350,21.996127616555814,12.203020426837417,0.9706916225894711,49.8390292301774,128.83902551978827,False
flow0000003,1,80,816,5.474571641051783,4.698822771515475,0.5146526802503555,189.0068974122405,33.270497888326645,False
flow0000003,1,837,867,5.841354563110756,11.397761428187609,1.8287349711422705,140.8961348682642,77.21313305199146,True
flow0000003,1,113,117,13.029330402816175,7.713303480222604,2.947572234775258,211.15528018772602,63.463266260921955,True
flow0000003,1,114,1025,9.725352723086543,6.766509800652701,1.9232998792183127,189.6433331593871,47.88895667344332,False
flow0000003,10,73,831,6.088837482876943,7.634226106459231,4.503467785813798,56.92263278365135,39.18281498551369,False
flow0000003,10,107,113,65.45867512126948,8.156466138955109,1.1541279850438744,742.8482476696372,77.13893339782953,True
flow0000003,10,9,204,16.89999583201174,14.36747505583922,6.24950100269214,108.97987619787455,317.25152522325516,True
flow0000003,10,9,207,6.804373755415819,4.9479774974143025,1.235855574124217,108.97987619787455,115.54391627758741,True
flow0000003,10,105,1239,38.58815601857401,4.4697407348585605,3.548548480268231,170.50867320597172,23.257407054305077,False
flow0000003,10,105,1267,14.034775160942704,0.27577719912501764,3.3100122773837706,170.50867320597172,33.17878200113773,False
flow0000003,10,120,1167,9.70324069919326,7.556323169932696,7.80969292200167,314.10835383832455,87.69037435948849,False
flow0000003,10,1239,1267,6.424113939585367,4.643370739564658,0.8405602728316884,23.257407054305077,33.17878200113773,False
flow0000003,10,28,471,68.43790449012911,6.282023634179897,4.284396642811161,251.3410721719265,30.496416807174683,False
flow0000003,10,38,39,4.9557194473859445,13.932846834976415,4.955463579080652,518.095323599875,58.368588142096996,True
flow0000003,10,63,941,11.530367428997632,13.09708269821771,3.5754991452993226,91.90802133083344,39.701422065496445,False
flow0000003,10,116,117,5.478173492980429,2.256502245760349,1.8123410307752004,102.58525490015745,516.8390033245087,False
flow0000003,10,117,125,24.008461782784316,0.874371531598796,1.2788206127018233,516.8390033245087,101.68243011087179,True
flow0000003,10,117,126,32.10210806724464,8.694243327401102,5.448491249214953,516.8390033245087,53.79188022017479,True
flow0000003,10,125,126,7.4150337349380395,9.350808019051636,7.253257247974574,101.68243011087179,53.79188022017479,True
flow0000003,10,17,18,10.189759779739335,6.81236217561967,3.592128184429812,741.3315795436502,225.81242877990007,True
flow0000003,10,17,330,8.384982431901204,1.938900681399449,5.330563189570995,741.3315795436502,1114.968023352325,True
flow0000003,10,17,364,28.347127710985532,4.253380414387308,3.6545754358214135,741.3315795436502,422.3646899983287,True
flow0000003,10,97,100,7.173716329412375,6.832902978864606,1.0943440143323309,148.14676785469055,43.94343189150095,True
flow0000003,10,97,1091,10.836643276860537,11.182023591297577,2.656823908521632,148.14676785469055,16.26153939217329,True
flow0000003,10,98,102,11.504238491256423,10.16016352660948,6.269142828713801,153.38395545631647,204.9746578335762,True
flow0000003,10,100,1091,4.7221396841740555,5.006513043689259,3.6394251991711215,43.94343189150095,16.26153939217329,True
flow0000003,10,330,364,4.777626610250923,6.172811534302582,2.167294711978834,1114.968023352325,422.3646899983287,False
flow0000003,10,46,491,5.389334562837174,5.160007386872383,0.6698480564047417,67.46961753070354,55.57444366067648,False
flow0000003,10,26,489,6.285539256058781,10.494772744476911,0.6618734071052095,303.55388443917036,26.2201739102602,False
flow0000003,10,134,153,76.78352201647004,3.9710438588771386,4.9910183568324875,523.6375885680318,182.56355254352093,False
flow0000003,10,65,659,0.574326581423864,2.682377914193638,0.5689520456001886,59.5000653937459,67.04622673243284,False
flow0000003,10,142,147,5.150830304136444,1.0993147816336641,0.256022478858248,146.66482918709517,175.4998551160097,False
flow0000003,10,147,148,15.757086653142384,2.7090831018708457,2.838759555471,175.4998551160097,429.0026196539402,False
flow0000003,10,88,92,5.5149615459445425,3.1807429847290205,1.5251820885940885,126.71189026534557,286.30146434158087,False
flow0000003,10,95,1112,1.860855781178649,7.151166829843753,1.7844667039358995,330.9074499309063,9.992390975356102,True
flow0000003,11,1,60,28.298809610144183,3.650883789910261,3.2951693673872833,445.4832512959838,85.25959164649248,True
flow0000003,11,2,126,15.552860895288282,4.879300941457667,4.141772345876974,2824.860425710678,71.54666471481323,True
flow0000003,11,2,127,18.48178173068469,7.091873854664744,5.206628539148338,2824.860425710678,55.115706130862236,True
flow0000003,11,2,128,36.93221048179631,5.666209852050532,2.8847482470846835,2824.860425710678,48.41393335163593,True
flow0000003,11,2,1144,2.576172971262541,1.5995723652827993,2.576171874268206,2824.860425710678,1490.002970278263,True
flow0000003,11,126,127,6.82253980940977,11.160416917695526,2.3223121812950107,71.54666471481323,55.115706130862236,True
flow0000003,11,126,128,10.842990383630253,5.565470949875636,4.321114083827957,71.54666471481323,48.41393335163593,True
flow0000003,11,126,1144,15.861018626097954,4.7724193966432455,6.0362455797787185,71.54666471481323,1490.002970278263,True
flow0000003,11,127,128,16.21834982929573,7.71830208450515,4.039009857075903,55.115706130862236,48.41393335163593,True
flow0000003,11,127,1144,18.387997327264298,6.4459459894782585,6.723749567918416,55.115706130862236,1490.002970278263,True
flow0000003,11,151,153,5.817941007869981,5.376132044056908,1.5652340774552465,107.31147879362106,78.03220515698195,True
flow0000003,11,1144,1219,38.87471196322068,12.10853345256686,7.583198904229161,1490.002970278263,145.3750767186284,False
flow0000003,11,5,15,61.76571011465222,12.041826724534534,3.7174279748266623,328.8435273319483,15.270978197455406,True
flow0000003,11,5,35,65.11452849694977,0.22018108889294374,2.09998539274591,328.8435273319483,380.1651344150305,False
flow0000003,11,6,386,57.32159383077591,2.9646123232075094,4.730604078061045,640.8618495613337,16.679037012159824,True
flow0000003,11,77,86,2.3213148198039493,6.700650835166718,1.9715174511656086,87.71394130587578,70.63619636744261,False
flow0000003,11,46,87,74.05448389439836,0.8151584750542186,5.330061997145971,364.6013352870941,252.98287992179394,False
flow0000003,11,124,1442,56.791353332034944,5.327862782707009,3.4569233616826653,360.1050366833806,21.65588617324829,True
flow0000003,11,12,13,17.901356515462012,6.7754260704590115,0.8373907895927896,61.59503672271967,241.32113548368216,True
flow0000003,11,13,19,10.885762375403987,7.489350496901474,2.5641765374303063,241.32113548368216,66.58701226115227,True
flow0000003,11,27,362,5.302365092098403,2.2927327740374164,0.8789210245583928,156.0453037917614,30.312507688999176,False
flow0000003,11,31,452,5.6026791053388605,0.9407885361697748,1.9494726729065084,457.8936921209097,23.30422005057335,False
flow0000003,11,147,1455,0.8953333930013301,0.7919740248603873,0.8953222215528068,264.1379553973675,254.7334371060133,True
flow0000003,11,362,452,62.905624220325514,3.4577526680172395,1.4141296430367076,30.312507688999176,23.30422005057335,False
flow0000003,11,38,709,59.094474782418814,3.0814443001219587,1.0455184209105612,391.02754708379507,29.868896797299385,False
flow0000003,11,56,526,5.46130288551046,3.886575380628937,5.461062036085133,543.7693300917745,30.833981566131115,False
flow0000003,11,94,845,0.3699416940322301,12.18481218446337,0.34945726009077743,359.1452024653554,121.86067415773869,True
flow0000003,11,32,414,79.99535491284176,0.36052168853884103,0.73937628818103,751.4494562000036,22.673356987535954,False
flow0000003,11,42,55,57.815769075710655,2.2094469532428835,4.509234205775343,150.36020576953888,256.17843939363956,False
flow0000003,11,66,673,6.553938577596756,3.6308079718141495,4.302415349534224,188.4188670516014,270.1021846756339,False
flow0000003,11,78,673,6.0128269288378275,2.903124151961104,3.701189950297119,484.61623314768076,270.1021846756339,False
flow0000003,11,88,91,1.0047016669581266,1.3722780695740713,0.8326833287729511,185.7118185311556,498.7050877735019,True
flow0000003,11,54,57,26.267875569479482,1.1784613606333187,1.3185038674148444,266.4343519732356,9.442097306251526,True
flow0000003,11,67,73,11.246566806770451,4.555102182708649,0.8327461250607912,297.7383776009083,29.191857181489468,True
flow0000003,11,67,114,46.29800305218448,0.8371228126743573,3.9600853806634917,297.7383776009083,458.1732971519232,False
flow0000003,11,92,107,24.10883089887434,1.6428792587532104,2.8510371099938947,239.07314748317003,501.74891060590744,False
flow0000003,11,149,1447,4.655824999074367,3.417841054586823,0.5136286350746048,321.22411988675594,48.65102545171976,False
flow0000003,12,0,481,1.3623198988756002,2.204639799208255,1.361143963091497,1124.5709378868341,1344.0842848196626,True
flow0000003,12,2,161,74.29273020262745,9.438900832616072,0.8184416634181012,666.2226648405194,23.49306558817625,True
flow0000003,12,34,695,6.695154855435495,0.30032655214080267,0.2709645137676092,742.1309218257666,21.706202566623688,True
flow0000003,12,5,264,5.8686359505427825,6.6154319604974745,3.609971031117516,589.892609231174,21.761931911110878,True
flow0000003,12,7,9,2.314473598421906,0.8217502675171311,2.280175827407481,896.0353945568204,240.77243464440107,True
flow0000003,12,12,13,4.849647617192555,7.514685602140611,2.1251411852769704,699.8444081097841,414.74337285012007,True
flow0000003,12,12,287,3.3461972099319284,8.07797444576644,3.3389648698324055,699.8444081097841,757.2160680145025,True
flow0000003,12,13,20,39.69628372410007,2.2321183995680065,4.181056546593422,414.74337285012007,184.65263108164072,True
flow0000003,12,13,21,22.72755222577076,12.981336628733425,1.775676187707652,414.74337285012007,148.88781683146954,True
flow0000003,12,13,287,4.668583982999056,0.612122927377911,1.842334504968927,414.74337285012007,757.2160680145025,True
flow0000003,12,20,21,16.91143786083145,14.583840424935174,7.736580254888045,184.65263108164072,148.88781683146954,True
flow0000003,12,20,23,3.9578997538400396,8.71324364982974,3.956366457806234,184.65263108164072,129.84821636974812,True
flow0000003,12,20,287,4.8017166523688575,2.5212370860531994,2.148411106201335,184.65263108164072,757.2160680145025,False
flow0000003,12,23,287,5.623863739241755,7.909630576309836,2.8083451511327255,129.84821636974812,757.2160680145025,False
flow0000003,12,29,414,4.751536957388567,9.543840655050596,4.658364994875396,75.03361188620329,39.948067367076874,False
flow0000003,12,48,601,6.41991900706343,8.129103395079404,4.037703720847752,83.63386753201485,101.11875982582569,False
flow0000003,12,55,80,63.03294044198432,12.297911587019323,3.970349081817002,808.8921310305595,76.88878477364779,True
flow0000003,12,15,315,5.479969293679716,12.339856877882053,0.9089166455706976,180.516190841794,329.975638397038,False
flow0000003,12,19,22,21.588655327246762,8.68687258851073,2.7847610646670886,267.0201528072357,158.88928469270468,True
flow0000003,12,27,31,9.254947216120168,3.2593503539606252,2.1865033010399615,205.30346582084894,93.27818365395069,True
flow0000003,12,17,18,2.4760706390328693,4.119176297886142,2.4607760826884455,274.13273633271456,252.92476044595242,True
flow0000003,12,17,427,35.47333394728174,11.895601751089606,4.0447633680947925,274.13273633271456,62.05170403420925,False
flow0000003,12,40,61,76.00800381695858,0.26587414837925005,2.677135811976556,95.85115928947926,407.54321882128716,False
flow0000003,12,96,1180,13.163474462848272,10.212284074694454,2.2020086568610346,130.43385981023312,89.06340366601944,True
flow0000003,12,52,780,52.93708999543419,6.903838952152488,3.1058084879620127,432.04228979349136,40.76363615691662,True
flow0000003,12,66,76,14.70065054371342,14.00932398560226,3.498044626712733,177.70278291404247,87.57350197434425,False
flow0000003,12,66,893,34.798545709828865,4.112759980306956,0.32426263980231274,177.70278291404247,22.749786637723446,True
flow0000003,12,58,915,5.3457408175202605,0.9655782013910336,0.9703746303416951,461.8094436749816,22.908218935132027,False
flow0000003,12,83,1087,70.62963220510613,13.62120858743597,1.0785057769470092,544.1282412782311,16.404845215380192,True
flow0000003,12,93,105,54.428111606023556,5.267477926156327,3.113670903530053,697.9394076988101,36.52592646330595,True
flow0000003,12,93,1134,7.0633017563375216,12.047230870767699,5.344052293442821,697.9394076988101,510.8093309402466,True
flow0000003,12,98,1228,35.159053334433835,7.166500568212245,5.773315880915143,123.87475636601448,47.07147787511349,True
flow0000003,12,107,109,10.037284685696395,7.005393551458338,1.175780534291697,275.13014436513186,127.12158847600222,True
flow0000003,12,114,126,53.10594407395715,1.3976590579987844,1.1800872114794783,369.40956188738346,353.80404137820005,False
flow0000003,12,119,1422,79.88136783617935,3.8561959674283424,3.0973886939189144,347.709569118917,17.639981754124165,True
flow0000003,12,129,133,27.433581185432317,0.6980300479997363,1.7294680789897847,74.57312463223934,49.31516867130995,False
flow0000003,2,35,479,3.2975416347872617,6.66470702632274,3.2921088942454575,116.8034158423543,21.684865802526474,True
flow0000003,2,40,44,1.635899667443465,8.123355850194294,1.209117357937883,128.19319555908442,83.81506952643394,True
flow0000003,2,60,724,2.3105689509249085,9.949966020544466,1.7403234784851451,57.31990721821785,34.81198924034834,True
flow0000003,2,129,1345,10.275251077830251,11.648514429445077,0.15043319477284883,74.7427002415061,92.64970745891333,False
flow0000003,2,112,1321,9.214693030466554,7.946203244485241,7.1560729661133,157.31324016302824,244.85123310238123,False
flow0000003,2,80,95,17.841006908470238,1.7273468306203503,2.5372290940676376,1174.4590200930834,223.41396833211184,True
flow0000003,2,80,97,7.661699264780356,2.241688944006326,2.9495136900810115,1174.4590200930834,466.33965119719505,True
flow0000003,2,95,97,1.1754037765682446,0.929651430768703,1.17244157971428,223.41396833211184,466.33965119719505,True
flow0000003,2,10,269,18.50189580765984,4.240706573045747,2.5472610453567865,658.9596085697412,60.65479201078415,True
flow0000003,2,142,1564,6.718913528203345,3.401525258125209,1.711023437181515,186.5980862751603,26.218740358948708,False
flow0000003,2,115,120,42.21711368928146,1.0384779049012764,3.1886147162859917,114.00497126579285,593.0526621490717,False
flow0000003,2,83,106,61.09253230287057,3.3606406129116664,7.743548797233756,294.8840472847223,353.17493218928576,False
flow0000003,2,119,126,5.541000683539837,3.2890148367860617,1.6753395198059522,452.16799043118954,299.89974922686815,False
flow0000003,2,132,157,68.41330823021127,0.19823495152666748,1.8737295438500585,582.6110903844237,46.182982705533504,False
flow0000003,2,143,147,21.90870079159632,9.948070790162634,7.175794540895563,78.97865979373455,69.20409427583218,False
flow0000003,2,147,148,3.532660201154595,1.5360744018873085,2.0540207260710877,69.20409427583218,239.6444582566619,True
flow0000003,2,33,643,73.75014888006639,11.149478993860505,7.674021101284705,201.7561728656292,45.20468132197857,False
flow0000003,2,47,643,2.6375237153019184,10.376747635219992,2.3255973781359187,452.81031657010317,45.20468132197857,True
flow0000003,2,111,1337,74.0562550226256,2.78272468327057,1.1204315158534293,257.97214925289154,45.281907610595226,False
flow0000003,2,114,1294,6.018161365298465,6.113823458320326,2.6682078996319802,133.74199464172125,299.148027330637,False
flow0000003,2,42,72,23.86475084143354,0.40908071409050817,2.8284596583047827,113.34767494350672,48.301677376031876,False
flow0000003,2,68,69,4.444321737975298,6.847082674529811,4.433652063769031,340.87754403054714,338.1743223145604,True
flow0000003,2,68,920,7.715536540808449,1.1853269336650218,4.2350158334702,340.87754403054714,93.44314579665661,False
flow0000003,2,69,920,10.824255060869872,6.399075914125814,7.595129123976698,338.1743223145604,93.44314579665661,False
flow0000003,2,49,96,32.43254988696138,5.786728783294999,4.3353426051633726,907.5121108293533,46.12645637989044,True
flow0000003,2,75,76,16.30133107178307,9.919032316311117,3.2712217271000696,168.83358896523714,105.68241112679243,True
flow0000003,2,64,790,52.6615714007162,5.8867020502483065,2.6084622496956062,574.6923306286335,20.49797584861517,True
flow0000003,2,122,146,50.748842963319156,5.205549967224568,5.2097088573533785,296.12125362455845,341.7111096531153,False
flow0000003,2,149,1508,25.773086291551863,9.575723361040023,5.168977003881656,160.60465508699417,156.67743998020887,False
flow0000003,2,149,1548,2.3654290200384422,2.6216846744104374,2.211262302478048,160.60465508699417,23.754837587475777,False
flow0000003,2,1508,1548,6.41043559320544,9.242335154213048,3.756836251744702,156.67743998020887,23.754837587475777,False
flow0000003,2,84,996,11.591213267180706,14.15414364371372,1.5461592938560242,107.0769367069006,45.358337327837944,False
flow0000003,2,99,1168,52.647610843030854,8.546119895823818,3.7684777127813365,256.00583355873823,65.44295536726713,False
flow0000003,2,99,1214,26.300294719719652,6.376996081655801,1.3796641706287405,256.00583355873823,55.24181528389454,True
flow0000003,2,1168,1214,6.971014017949618,14.698273179520724,3.6911222326597493,65.44295536726713,55.24181528389454,False
flow0000003,3,1,92,6.061393421348798,3.157593169294654,4.030750832962289,896.3406258523464,79.73579224199057,True
flow0000003,3,88,89,8.123231463551196,11.57895211815708,7.978323751762162,97.82081835716963,50.96827930212021,True
flow0000003,3,62,63,8.591153024872556,2.970777525640884,4.118202801642556,618.3403823748231,792.8124120607972,True
flow0000003,3,62,68,7.940438155270627,7.8901791803730035,4.196800246345228,618.3403823748231,425.7207508608699,True
flow0000003,3,63,68,4.808975424401642,10.372036210427781,0.9708599301088645,792.8124120607972,425.7207508608699,False
flow0000003,3,104,1106,8.131478069471676,8.472126499098483,1.864957997548244,25.631983771920204,44.14183089137077,True
flow0000003,3,106,1044,3.363850990032824,9.028123018915855,3.1947904463512753,102.52809226512909,174.5911369547248,False
flow0000003,3,3,4,17.81273340015085,2.6230888591658954,4.253561906305584,326.25143924355507,897.2867571860552,True
flow0000003,3,3,1487,8.418037962946258,1.690632014724812,6.737102428850324,326.25143924355507,30.1795517206192,False
flow0000003,3,11,186,24.886060573833035,0.6123737350675709,1.22506719550164,134.39690147340298,21.14953873306513,True
flow0000003,3,77,99,44.842705275764786,1.6745424057878218,3.7899984467211607,186.37787503749132,95.76931620389223,False
flow0000003,3,26,42,17.989438144509563,0.36500036293114013,1.4200122792411716,345.85630974918604,447.47425004839897,False
flow0000003,3,26,44,4.632847871074398,9.689114739097299,2.277232152184512,345.85630974918604,67.17822928726673,False
flow0000003,3,42,44,14.160014955823403,9.439896845764917,6.7983480657812905,447.47425004839897,67.17822928726673,True
flow0000003,3,131,136,0.8302749401586241,8.253678234734567,0.8277526376642831,149.05261936038733,179.2675209492445,False
flow0000003,3,136,139,29.348568979621025,6.468166146990719,5.344716179504198,179.2675209492445,88.3048382923007,True
flow0000003,3,55,947,35.660255955397886,3.9794123901180236,7.170897433411951,653.0181550681591,24.273444652557373,False
flow0000003,3,32,33,20.45816998383519,5.634263304278079,4.409419901755407,329.43967532366514,81.50052252411842,True
flow0000003,3,33,457,4.298378784373089,13.186600015299655,1.1611686230235954,81.50052252411842,577.74601059407,False
flow0000003,3,37,64,45.39585829790451,1.2368210061662661,5.081693992826553,99.8927000015974,264.8089475482702,False
flow0000003,3,37,360,7.8583858249655645,10.955091482410412,4.841408042215476,99.8927000015974,93.11163096129894,True
flow0000003,3,38,40,3.424338268455244,10.674897393739005,3.1622573337095474,102.1741272136569,241.94467561692,True
flow0000003,3,48,457,13.792523765946406,9.976492487320263,3.742675372740909,191.34692037850618,577.74601059407,True
flow0000003,3,549,590,5.8553896519317865,3.7743848772963924,1.4880735062912094,44.10250088572502,34.086066827178,False
flow0000003,3,75,78,33.386760501235116,5.080220264962269,6.623206517491206,297.19715732336044,230.61125872284174,True
flow0000003,3,75,79,2.5223689287841284,2.701446768748737,0.6133354376837626,297.19715732336044,51.70805514603853,True
flow0000003,3,78,79,16.063710724039076,7.311308942560553,7.504385922701557,230.61125872284174,51.70805514603853,True
flow0000003,3,53,519,10.98458816964493,9.725753948719143,3.209275087488189,479.17442870140076,39.70826894044876,False
flow0000003,3,105,114,46.40804345699459,10.927070942057604,3.3488824284494045,168.75906974822283,265.15940910577774,False
flow0000003,3,73,775,5.261420468593028,0.2702078565130416,0.17086713683528892,172.70411751419306,30.34706076234579,False
flow0000003,3,85,87,5.456051259721974,6.650875356368157,2.2266342350001054,431.65058206021786,430.83087281137705,True
flow0000003,3,103,1040,5.800198190690738,2.3513616765435508,0.6047491213749986,99.8385606855154,45.42011721432209,False
flow0000003,3,110,1179,3.1716507405836345,7.089735834311067,1.6309431360449391,105.70120097696781,45.57663931697607,True
flow0000003,3,117,144,49.67005941723983,5.443187013215914,7.854793656661329,484.54394360631704,94.18276149779558,False
flow0000003,3,121,129,31.37082008069535,2.118903738065882,2.5205077390985995,505.7407717257738,208.50842130929232,False
flow0000003,4,28,268,5.509647195216361,3.372965316668691,1.8184529008886268,425.3328772112727,20.32569010555744,False
flow0000003,4,65,67,77.81778856585339,7.30760373464787,2.481754963754827,165.44424837082624,90.37353648990393,False
flow0000003,4,65,636,4.78694507578067,9.673401615399934,1.872454046679179,165.44424837082624,201.591210603714,True
flow0000003,4,3,5,14.80336307139556,2.107550622748405,3.475206503656171,2258.3607325330377,458.9976159706712,True
flow0000003,4,3,836,2.7010482401255844,2.675796414859947,2.687695636976273,2258.3607325330377,1105.9383220002055,True
flow0000003,4,5,836,34.73905326133024,3.5644319919324614,5.405923788218643,458.9976159706712,1105.9383220002055,True
flow0000003,4,7,1180,58.76594076835671,9.735606378168008,7.923592956687596,1478.911429747939,416.5888320505619,True
flow0000003,4,58,61,28.817040934542618,9.178890636196178,1.1473427612082998,123.44276928156614,324.21570375561714,True
flow0000003,4,58,62,9.863991363195659,12.20186183776585,5.739412349634288,123.44276928156614,84.8151838183403,True
flow0000003,4,76,863,2.6942770349482834,13.533303999498756,2.224791941725932,177.08051635324955,50.987545765936375,True
flow0000003,4,121,123,4.32063347951468,2.602393169940536,2.4668468501136926,716.3667786568403,69.11317467689514,True
flow0000003,4,1180,1184,11.830231984240836,7.349985269120727,2.3066177075214602,416.5888320505619,33.218111485242844,True
flow0000003,4,40,63,40.116794103178876,5.383110405236596,1.5310710627770654,111.50317170470953,140.16814190894365,False
flow0000003,4,128,131,13.77958243310388,12.393986332671158,2.1242789550663748,65.85551661998034,90.74485763907433,True
flow0000003,4,30,43,43.633820196364276,2.828152802840787,7.003619274995207,256.3625080138445,166.23816345632076,False
flow0000003,4,30,468,21.086060365963743,3.515152076699721,4.981542619556597,256.3625080138445,21.92243441939354,False
flow0000003,4,43,468,6.449782237026164,3.4157587277015833,1.7063639106782518,166.23816345632076,21.92243441939354,False
flow0000003,4,36,497,78.99492473449241,0.39559254216148076,1.0956088890160345,463.71732307970524,21.00702964514494,True
flow0000003,4,39,547,6.0922641409277505,5.237266698249604,5.3166772493411125,691.6137366965413,21.173742040991783,True
flow0000003,4,42,45,44.53665609148698,7.806171127635868,1.1039279872489276,316.99946720153093,37.79211252182722,True
flow0000003,4,42,46,3.284224025105674,14.062444316225152,3.2460135711183082,316.99946720153093,444.8598784580827,True
flow0000003,4,51,55,40.29996881459709,3.359743282266673,4.13967624506075,181.32730291038752,481.89740424603224,False
flow0000003,4,99,1106,4.697685351973536,3.4729914822030308,2.320925388757902,117.28969974815845,18.333581164479256,False
flow0000003,4,99,1157,28.2774368535519,12.271017225833432,4.230255849942834,117.28969974815845,322.93072724342346,False
flow0000003,4,1106,1157,6.665601479424754,10.26123951816547,2.2881073495066735,18.333581164479256,322.93072724342346,False
flow0000003,4,85,993,3.505052555403613,2.761511754877947,1.7252488152546104,72.94230375438929,47.20713997632265,True
flow0000003,4,88,96,46.855873421679895,0.9230901630353692,5.901192284905928,235.09514017403126,441.4519075527787,False
flow0000003,4,71,110,38.08776588218053,5.931815821817487,7.2708177457366565,246.21375466883183,32.07118783146143,False
flow0000003,4,109,110,42.52766110085869,2.7254324512720918,1.1029224310786196,41.184000469744205,32.07118783146143,True
flow0000003,4,97,1356,75.7523895367592,2.3434822730181093,1.1225239800140592,647.4499327763915,25.805542893707752,True
flow0000003,5,1,98,23.037305508623234,3.6068714270490037,3.572199389522533,1100.089862048626,134.91917158663273,False
flow0000003,5,1,843,1.897281818041054,1.4117065028569515,1.517895914118872,1100.089862048626,820.0054838806391,True
flow0000003,5,95,96,12.066005761124709,10.386591947465961,2.659653773267697,113.50563081353903,288.94179259985685,True
flow0000003,5,98,843,12.070124173920005,3.7005666049910535,3.7409478062998462,134.91917158663273,820.0054838806391,False
flow0000003,5,4,123,60.73393224109267,9.549699950651563,0.7079726278351332,726.513145506382,45.06424219161272,True
flow0000003,5,5,12,64.16029174428077,10.005705487378638,0.9270607465984363,660.434226937592,37.54881063103676,True
flow0000003,5,32,33,5.640263362964826,3.280232224836482,1.5199977293460118,187.68944040685892,85.15227218717337,True
flow0000003,5,32,281,23.395140022226062,2.828475759961709,0.7753949459638869,187.68944040685892,22.13739340007305,False
flow0000003,5,33,281,28.82352848047838,1.2207344342921542,1.1119700619238972,85.15227218717337,22.13739340007305,False
flow0000003,5,84,717,7.119228124244408,0.9146324753024022,0.9475322063176833,78.2105411067605,22.40601173788309,True
flow0000003,5,8,268,73.43112851910195,1.453784790071677,0.8447096272602298,475.5546898767352,29.07753125578165,False
flow0000003,5,47,61,65.31545393935954,0.8782827979134763,0.8667938032149599,604.93525595963,65.30999951064587,False
flow0000003,5,118,1143,5.302822354505178,1.6020198967928487,0.2840751748716968,117.42392911761999,20.965629816055298,False
flow0000003,5,14,18,46.17650677186948,0.5594391086071494,1.873363631540051,393.1250693574548,312.7224274352193,False
flow0000003,5,19,446,41.16503986375206,0.4864998083054439,0.8787021339599623,676.2335253953934,29.370193004608154,False
flow0000003,5,64,77,53.40949956469747,0.29723397305357324,0.6148935489252448,316.46764346957207,421.8002290278673,False
flow0000003,5,23,27,26.173812171543588,8.337250971551258,6.338053862026051,126.85599307715893,40.450274497270584,False
flow0000003,5,71,615,7.268385103463996,2.1398052377157253,1.321556733847337,333.7985569834709,1391.8100337088108,True
flow0000003,5,40,335,59.118689620051356,2.8419976443382406,2.143880427575032,213.05407930910587,23.90976669639349,True
flow0000003,5,42,456,48.45062796242638,3.171224896390603,4.862244534996429,243.66561874747276,23.66519145667553,False
flow0000003,5,46,53,3.485517479926911,5.230980520661059,2.295591705799934,333.1089372038841,50.948852598667145,True
flow0000003,5,112,1022,1.1841473357974104,8.296407033345465,1.1434975493534,122.84327255934477,26.813937082886696,False
flow0000003,5,57,59,46.20384795178807,7.263721252248392,2.1001899547935547,820.7890532165766,132.16356056928635,True
flow0000003,6,0,4,56.11623807141198,8.349889351424423,7.965278222971786,1472.851659886539,698.6720114275813,True
flow0000003,6,4,307,15.744338576349255,13.750165732952846,5.087024972311264,698.6720114275813,230.06956478953362,False
flow0000003,6,13,16,5.6430947459785985,7.941575455651579,2.4077473694620655,199.75419031828642,93.72959752380848,True
flow0000003,6,2,697,63.58631932624724,7.025749086910249,3.962724563410111,324.10010689496994,42.726288467645645,False
flow0000003,6,60,67,42.17051027614391,0.16791750301397418,0.6441712862599024,147.7415333688259,993.6332876086235,False
flow0000003,6,60,697,54.34242106213996,6.581056017555907,1.7836706726055744,147.7415333688259,42.726288467645645,False
flow0000003,6,67,697,12.258962900537359,6.632887198135517,1.665150958879079,993.6332876086235,42.726288467645645,True
flow0000003,6,75,86,65.40753195646651,1.4654966236069964,3.492785598853679,151.03533478826284,319.8799113407731,False
flow0000003,6,30,32,54.66571534282057,0.47891717621050095,2.153394025310286,132.3688057437539,626.3726798221469,False
flow0000003,6,10,37,60.25053662698044,0.8135416569348785,0.39525962845605356,166.9137698635459,538.1468181684613,False
flow0000003,6,56,58,68.5364851654041,1.3104436440395755,5.44802070196624,43.98196478188038,630.7812414839864,False
flow0000003,6,23,31,56.299333177418454,3.686486693095341,6.288531549872975,460.27415922284126,285.99908980727196,False
flow0000003,6,59,684,1.801698420248783,2.963112420537989,1.7938559431485646,130.191990993917,28.131713196635246,False
flow0000003,6,64,1156,12.117179990398231,3.4631938566002125,2.3578955349698045,296.7895323857665,37.3035988509655,False
flow0000003,6,108,153,48.55994446620528,1.621604198855877,3.119983669884145,591.9775516837835,103.76322828233242,False
flow0000003,6,144,147,67.69165906981624,1.6408137877495694,0.3606766237084194,52.40181474387646,605.5239269733429,False
flow0000003,6,80,878,29.0751227448282,11.167309727478973,1.5766300838259344,641.4471730291843,40.506800919771194,True
flow0000003,6,48,642,7.7795125597456165,5.016018862149369,5.387533144866805,542.0974425673485,22.069243751466274,False
flow0000003,6,49,599,2.2207531430365486,0.6118498422488403,0.23094997570922143,198.34708835929632,23.353899978101254,False
flow0000003,6,54,641,5.15489832844002,0.6964369394056998,0.1295512822776374,131.1038961187005,31.1516430452466,False
flow0000003,6,124,130,24.50653022669914,3.7411886485331904,7.028352888184958,458.30481584370136,14.381686367094517,True
flow0000003,6,124,1316,9.411386807362499,11.11305183199387,5.718238013491585,458.30481584370136,26.034831628203392,True
flow0000003,6,130,1316,18.69649859708906,14.854203382958168,3.777671720173346,14.381686367094517,26.034831628203392,True
flow0000003,6,141,1485,18.492095737249702,9.52961439057735,2.198737369264733,891.540529564023,31.86387239396572,True
flow0000003,6,142,1470,23.385245229414128,4.423699259173116,1.9390074395063908,120.44704212993383,626.8709038570523,True
flow0000003,6,68,97,43.75797387316028,1.6919258348871073,1.767059326447123,347.8968211635947,159.23815601319075,False
flow0000003,6,90,117,42.62157378913945,1.9275370388340456,0.7395303459153214,222.30032438784838,164.48871668428183,False
flow0000003,6,88,131,47.45926823879329,7.553365197689805,4.637572441435753,253.88411486148834,252.60216572880745,False
flow0000003,6,131,135,6.381435614247723,1.5151848081102968,1.1580312074878794,252.60216572880745,28.992821767926216,True
flow0000003,7,0,367,0.33054485224918523,3.876436090122013,0.16909881443772132,1101.6496570333838,771.8590454608202,True
flow0000003,7,0,403,7.374900089993126,3.1762689669194932,6.012673208371496,1101.6496570333838,105.33847649395466,False
flow0000003,7,367,403,4.996759241488179,3.2177618912380455,1.873915103781846,771.8590454608202,105.33847649395466,False
flow0000003,7,27,41,41.31162321614192,3.855580284481389,3.2187974361154454,112.00665228068829,447.32123086601496,False
flow0000003,7,68,701,7.371628010724095,6.3276672420049795,6.344861540918133,49.58840362727642,30.40963713824749,True
flow0000003,7,82,83,3.3499738010840594,13.319419049551785,3.328512904407021,154.69552182406187,64.50892040878534,True
flow0000003,7,84,827,8.024805108926008,11.066382596554059,2.1951747759335176,170.23527808487415,31.09161365032196,True
flow0000003,7,108,823,13.18133264375845,3.5035230394322356,4.568724978799096,91.16904180496931,171.46691128611565,False
flow0000003,7,37,49,45.67582154789612,5.102957665988857,2.527700653119595,755.9760009497404,44.091514460742474,True
flow0000003,7,44,456,5.392730998596081,1.9706472887268098,1.0144311730136406,303.19387032836676,308.5539777651429,False
flow0000003,7,28,317,25.333849569994346,2.3544456267283023,1.4983979996613102,244.14234996587038,15.636089593172073,True
flow0000003,7,32,377,5.138037188588328,4.244345457832852,0.1463505136885011,174.47330778837204,36.302051179111004,False
flow0000003,7,57,75,59.34002252292192,12.386862960397195,4.801981160333491,31.326475396752357,379.7474774122238,False
flow0000003,7,72,85,6.091701325990532,13.09926731494914,5.993512610212776,871.377880088985,49.89284875243902,True
flow0000003,7,79,94,75.02346389503127,0.15834740186931048,3.242911675020995,212.27895373106003,189.45210071653128,False
flow0000003,7,96,98,8.714562201891928,1.793127757514202,3.246566102953432,82.23488520085812,245.67492450028658,True
flow0000003,8,0,1,0.8466385876608968,1.30119336689664,0.6993806042700215,1588.8302578181028,1489.816815622151,True
flow0000003,8,0,551,16.020531819208514,3.8066941163115433,3.053641590276182,1588.8302578181028,1623.2970459237695,True
flow0000003,8,1,551,9.702494750037856,4.5359960040500615,5.0449962245172575,1489.816815622151,1623.2970459237695,True
flow0000003,8,1,917,15.605117169140534,7.224110765684299,6.464158295253163,1489.816815622151,41.246576726436615,False
flow0000003,8,48,492,7.441031965131295,4.796394854940758,3.6161271770815224,176.17864488065243,64.96972781419754,True
flow0000003,8,50,52,44.89303968894111,5.153733801039512,1.5339287240856976,92.22791247814894,58.54278380423784,False
flow0000003,8,71,74,57.79508822639743,0.3569649953539822,2.3456156321023798,170.4566064849496,547.5717184394598,False
flow0000003,8,107,110,8.426112470687544,4.996964563667148,3.773570313577119,73.0450062006712,264.28524419665337,True
flow0000003,8,116,1160,5.740526061118642,10.854648637541725,2.5605326235140575,102.95466637611389,104.65602361410856,False
flow0000003,8,116,1290,6.745943140530032,13.459695437990609,2.2492170092028947,102.95466637611389,60.87930407375097,True
flow0000003,8,121,1336,10.5090222796493,8.850887410551051,0.8162564365661573,111.09793417155743,8.940526753664017,True
flow0000003,8,156,1563,1.6348517635369844,12.345596611059856,1.4585705658242303,94.02353319525719,26.862820141017437,True
flow0000003,8,171,174,30.337300772301433,4.051692432317067,2.0406194025476623,796.0895149111748,66.46854622662067,True
flow0000003,8,2,797,24.885859295738655,2.7316596510686058,3.7820059792420637,1915.6727574914694,1610.2434943467379,True
flow0000003,8,4,5,6.916726955243203,4.827408117996243,6.840186250830671,1459.2516260668635,2674.3295205682516,True
flow0000003,8,4,6,25.47863814127393,10.443097843216869,0.48842433227851123,1459.2516260668635,77.9481323286891,True
flow0000003,8,4,1060,5.803402957762827,4.304452400567464,5.423911230942524,1459.2516260668635,3913.4614888578653,True
flow0000003,8,5,6,27.43465742453736,14.41619060438008,5.174310339237672,2674.3295205682516,77.9481323286891,True
flow0000003,8,5,1060,2.4672058002779385,1.0624264314433784,2.2739774488397524,2674.3295205682516,3913.4614888578653,True
flow0000003,8,36,410,0.8783207574260399,7.444583469148418,0.591093844250245,157.60191918164492,252.76616618782282,False
flow0000003,8,63,64,11.045937724065142,11.13841954491387,5.839259466516609,185.97868705540895,103.25417479872704,True
flow0000003,8,183,185,3.572144785325919,10.499370960762464,3.5088990906398227,68.12388674914837,54.02530890703201,True
flow0000003,8,78,112,53.140483650065654,10.660256917090429,1.423186236891516,136.37738673388958,87.00505501776934,False
flow0000003,8,78,887,2.0778887572465123,7.387251026756836,1.263219287576972,136.37738673388958,20.527592323720455,True
flow0000003,8,78,940,5.530434588604345,1.0203185342688836,0.43474598659692715,136.37738673388958,25.449984684586525,False
flow0000003,8,112,940,31.023408753177428,11.474208253217313,6.496166810592771,87.00505501776934,25.449984684586525,False
flow0000003,8,355,375,14.119592053941114,5.9338150361440665,3.518000977013789,81.09337458759546,45.98649353533983,False
flow0000003,8,18,256,7.054930098076239,12.78260128119799,0.48936941775020154,45.293530844151974,73.25232174992561,True
flow0000003,8,146,147,5.320440331921726,5.219145567921217,1.9296288147739544,84.2164843082428,102.55356868356466,True
flow0000003,8,29,391,5.884578164467926,6.363318626636184,2.417650249592268,288.5784353390336,22.231019265949726,False
flow0000003,8,51,81,8.115870294269516,12.823623664161603,1.995279621275467,110.60607672482729,126.74341744929552,False
flow0000003,8,59,69,29.42518458608029,2.1490680519551186,2.676158086915813,688.2869690284133,296.8807719051838,True
flow0000003,8,32,44,68.73625072259253,6.411183956715269,4.626458965885059,714.2839105650783,72.5365891829133,True
flow0000003,8,54,56,6.800982140229558,7.388620309545665,4.124023544150127,194.0186158195138,163.6599313467741,True
flow0000003,8,57,58,9.685483777825748,13.123652073821923,7.892524484069887,108.09345082193613,345.0319768935442,True
flow0000003,8,57,642,6.497106121301934,2.3615651893180525,0.6398299483234338,108.09345082193613,24.210071556270123,False
flow0000003,8,73,92,39.294977597562074,8.895995783401704,5.758725041895493,736.0149452611804,172.78245696425438,True
flow0000003,8,167,194,8.711886346010525,6.752371797531388,4.877548666832186,358.6221353560686,123.8731629922986,False
flow0000003,8,123,133,49.114620432276276,0.23345266508324572,2.7659091969558984,352.7139645665884,280.94660787284374,False
flow0000003,8,126,142,45.00017651019613,11.571271241659367,4.277917449766886,168.84314235299826,400.4857313707471,False
flow0000003,8,126,1605,22.355371536166537,6.11841974016402,1.1783043975973813,168.84314235299826,26.406789526343346,False
flow0000003,8,142,158,39.616978463186776,8.561108962590772,0.6093848353258362,400.4857313707471,18.310174614191055,True
flow0000003,8,127,130,68.71777985627486,0.3524714209353848,2.554498955125297,312.421005576849,396.30311169475317,False
flow0000003,8,172,1686,1.6068902174781277,7.062125405426442,1.6059221664267105,538.4917070642114,136.95682010054588,True
flow0000003,8,188,1686,77.85616138842708,7.781549226259506,7.737643977056609,162.49358432739973,136.95682010054588,False
flow0000003,9,0,53,10.7298696265925,6.625931448681549,3.3076922935142936,1557.4131814166903,379.8844101279974,True
flow0000003,9,0,666,9.301260602676669,2.1356185723809618,6.085538349103678,1557.4131814166903,3459.4102832451463,True
flow0000003,9,1,666,2.31775249775638,8.848356546663009,2.286129616895271,1089.8514612540603,3459.4102832451463,True
flow0000003,9,4,908,4.643540579956378,4.982259092805996,2.6873117085409017,1521.0063640251756,1618.2687688320875,True
flow0000003,9,30,38,4.965350787400883,13.958145171155973,0.6857079161894495,71.21817664057016,69.96170341968536,False
flow0000003,9,53,60,9.528479322172757,14.579502453003075,1.568374761652138,379.8844101279974,77.62856091558933,True
flow0000003,9,71,72,5.705369716455759,13.782778560717105,5.379718260344205,134.97203427553177,55.1639526411891,True
flow0000003,9,5,132,22.38819121159997,1.9985391284943455,3.875166834007257,452.81843689084053,1218.4427234306931,True
flow0000003,9,5,1547,4.921808141409058,5.934748347353023,0.9109591086732179,452.81843689084053,227.9827160835266,False
flow0000003,9,5,1585,0.3272313890479333,1.6152341711336595,0.3169253268987469,452.81843689084053,1253.7422830611467,True
flow0000003,9,5,1689,32.61195299241544,13.07606684360998,4.689377451484533,452.81843689084053,52.73794589936733,False
flow0000003,9,132,1547,57.78738215403283,4.297620181396625,2.3939497382820765,1218.4427234306931,227.9827160835266,True
flow0000003,9,132,1585,5.544708374816337,0.5971222371963067,1.4443619264029488,1218.4427234306931,1253.7422830611467,True
flow0000003,9,132,1689,10.59389920333539,12.405587704140164,2.816653718755078,1218.4427234306931,52.73794589936733,False
flow0000003,9,1547,1585,4.887090121551275,4.388441287802511,1.5631898152208996,227.9827160835266,1253.7422830611467,False
flow0000003,9,1585,1689,5.513421383272969,12.918500854802625,2.5860790821808006,1253.7422830611467,52.73794589936733,False
flow0000003,9,20,63,51.42336987516834,5.599002506215993,2.3441425836445866,699.0823467746377,80.52301799505949,True
flow0000003,9,20,86,21.34967010400409,0.7113101013701091,2.215909379306111,699.0823467746377,91.09818563610315,False
flow0000003,9,127,135,46.03654206024251,2.6064372710234642,2.678918676879605,1052.711225643754,177.67427949607372,True
flow0000003,9,127,136,69.6632138199541,1.5853907641126737,1.1956875110362992,1052.711225643754,574.7593641802669,True
flow0000003,9,127,138,1.4418771893499973,2.2511004814199143,1.335558305996398,1052.711225643754,557.8156844526529,True
flow0000003,9,127,1643,4.9959104922886866,7.445291852160204,2.0957623695145187,1052.711225643754,508.05244893580675,False
flow0000003,9,135,136,10.130918701544227,2.5314638337879005,3.9386376849028033,177.67427949607372,574.7593641802669,True
flow0000003,9,135,138,33.52954206214004,2.5858152799815266,5.08129131302269,177.67427949607372,557.8156844526529,True
flow0000003,9,135,1643,17.198739253998365,7.161034903063258,4.714194596915449,177.67427949607372,508.05244893580675,True
flow0000003,9,136,138,23.852000052561603,3.5324283601467954,2.124217912309579,574.7593641802669,557.8156844526529,True
flow0000003,9,136,1643,74.2029032647154,8.765394159829492,2.3824216379965484,574.7593641802669,508.05244893580675,True
flow0000003,9,138,1643,5.202661331572423,5.24120750548796,3.4872275653478635,557.8156844526529,508.05244893580675,False
flow0000003,9,18,19,11.551188324343688,10.959433980253523,2.447055853024672,73.17318546772003,108.46397560834885,True
flow0000003,9,18,249,6.604546433430061,13.955114801845811,2.056011648446345,73.17318546772003,57.22023119032383,True
flow0000003,9,19,249,6.1635437621456095,3.245653090544041,4.423624812027054,108.46397560834885,57.22023119032383,True
flow0000003,9,70,75,58.79261425176274,0.3986534251346044,4.071017102607058,140.5268832743168,546.8946795389056,False
flow0000003,9,118,128,76.83903706972303,0.21583413638121499,2.508074704151955,643.2897623367608,57.78565116226673,False
flow0000003,9,27,323,5.277703826819264,0.3464614219579804,0.4577555774731721,293.7331435531378,26.656938150525093,False
flow0000003,9,80,1043,5.262570846050088,0.6470175933460577,0.15775425886256253,29.302679888904095,29.8964434415102,False
flow0000003,9,88,103,5.233278550647198,3.258674697648627,1.2395268466514258,535.8738307505846,238.12016650289297,False
flow0000003,9,89,1315,8.21026412224726,0.7779288949786373,0.8667774044292311,703.8176547288895,36.151261776685715,False
flow0000003,9,107,108,38.70072818069603,7.0609027572374625,2.203977625651578,516.6566845923662,176.4776765331626,True
flow0000003,9,107,111,12.613651442653229,3.578301546029314,7.271736778698553,516.6566845923662,113.033676661551,True
flow0000003,9,107,114,13.244372369700795,4.416830592412869,7.86666353807057,516.6566845923662,642.0054219961166,True
flow0000003,9,108,114,21.05785947506941,7.086127941329969,3.9020214906168906,176.4776765331626,642.0054219961166,False
flow0000003,9,111,114,1.0040877972246907,5.105465093518969,0.9583122947089511,113.033676661551,642.0054219961166,True
flow0000003,9,110,1435,29.569403865505222,7.335122839215678,2.157489214368512,434.6786415502429,20.134297780692577,True
flow0000004,0,0,12,21.910708541930365,11.079352576008812,7.600669165002911,1661.0269154459238,147.49361174553633,True
flow0000004,0,0,17,25.315024445256192,8.28340069279085,6.081611276593258,1661.0269154459238,74.33316595852375,True
flow0000004,0,12,17,5.673709146974707,2.9800923135220487,4.2887533872226475,147.49361174553633,74.33316595852375,True
flow0000004,0,12,228,13.373515360002312,10.75794482103059,6.636361245535351,147.49361174553633,477.00032234191895,True
flow0000004,0,17,327,50.17067647580545,10.025452335278851,0.875552670469921,74.33316595852375,33.91250766068697,False
flow0000004,0,13,24,56.91870999744795,0.9330493421680036,2.290569755356674,302.50218111276627,354.75671015679836,False
flow0000004,0,54,57,2.392027462798815,4.826393691142769,2.05724686875921,100.08488903194666,154.76048769801855,True
flow0000004,0,54,831,5.858484648866318,4.032344846881147,2.0541880151122647,100.08488903194666,474.2165310382843,False
flow0000004,0,57,831,4.389632858677521,4.363684148943207,1.283519537924152,154.76048769801855,474.2165310382843,False
flow0000004,0,64,75,2.7333080141211665,3.508662364611208,2.6777311721822827,154.60396524518728,254.16642379760742,True
flow0000004,0,64,879,13.062329221430014,12.510032134101307,7.4706140806333625,154.60396524518728,38.4057794213295,True
flow0000004,0,66,75,13.798137653198982,14.343162958526612,6.487262358109877,118.45350027829409,254.16642379760742,True
flow0000004,0,98,127,73.45053571986936,0.4350641317217863,2.3557357116162247,524.0213346257806,51.62621233612299,False
flow0000004,0,103,1100,51.24681864375251,10.404358010335152,6.731384244722714,228.73188561946154,53.2896730825305,False
flow0000004,0,6,474,5.15488014160652,1.0328165565868794,0.5576615906033485,489.1857746243477,23.751970946788788,False
flow0000004,0,10,15,2.650204047199224,5.285720885835097,2.6363105248278,232.10211700946093,168.7823161482811,True
flow0000004,0,10,18,10.740622220892478,10.988068621171685,1.7645142976047845,232.10211700946093,96.16786397248507,True
flow0000004,0,15,18,6.2829399401473545,5.746197562676501,2.735496124036237,168.7823161482811,96.16786397248507,True
flow0000004,0,15,53,19.401805118555036,14.739699759248014,3.7549630653165003,168.7823161482811,134.3023183271289,False
flow0000004,0,26,40,11.661478439218985,3.427445173713878,1.963169681404343,587.4958934485912,67.05832962691784,True
flow0000004,0,26,41,33.41086757531447,3.7946036693076515,2.2350744870534207,587.4958934485912,81.3662932664156,True
flow0000004,0,40,41,13.700383097541472,2.452559452420498,2.528418546856534,67.05832962691784,81.3662932664156,True
flow0000004,0,30,48,70.22934128714411,3.5418399373382674,4.353707326772238,429.64096616208553,189.55480372160673,False
flow0000004,0,32,34,7.825480137071343,9.417913411777155,4.014386269850789,173.98081385344267,34.84510916471481,True
flow0000004,0,34,59,47.07944982321123,0.8902893159202856,0.28020754405255377,34.84510916471481,107.23361597210169,False
flow0000004,0,34,902,23.777042539831562,1.5602308519741546,0.5108785195860075,34.84510916471481,27.234778322279453,False
flow0000004,0,59,902,6.519787304924184,0.6710192314472777,0.2802006444459853,107.23361597210169,27.234778322279453,False
flow0000004,0,135,1554,5.487353999471206,7.532766768777503,0.9937207721359196,95.21074278652668,16.052153907716274,True
flow0000004,0,168,1773,3.2593990641839636,9.42126087903837,2.9568198637695935,133.70059227198362,203.08238530904055,False
flow0000004,0,1607,1611,21.551657577507704,3.743113033210625,4.404110179157956,29.230390451848507,132.4033590182662,True
flow0000004,0,76,80,8.244609944808133,9.516140349464596,2.806179097044835,74.14638996124268,41.72251085937023,True
flow0000004,0,88,1068,5.237972294998514,5.121509251600637,0.40037801829211617,149.12236233055592,62.97061248123646,False
flow0000004,0,45,570,5.265880174068262,3.4122882927498397,0.4374003734666997,100.88246416300535,28.541567638516426,False
flow0000004,0,167,1771,58.85503965427281,4.490490959897555,1.1427140433535732,300.0866785570979,26.759481012821198,False
flow0000004,0,186,1940,2.9343678831096582,7.785705266120343,0.6077260730632253,115.01623222231865,77.0754003226757,True
flow0000004,0,93,118,67.0915882947022,1.1868409664134487,1.3836817342458234,216.96250464767218,63.41565652191639,False
flow0000004,0,115,119,10.284997483585801,6.182243838229742,0.6966128694715484,382.7790255397558,240.17691822350025,True
flow0000004,0,163,181,46.09485535558475,3.006653818716958,2.34714659466793,98.55358723551035,596.2574573457241,False
flow0000004,0,163,1952,69.47046543642415,7.185345519966587,0.9948428291768082,98.55358723551035,33.01493610441685,False
flow0000004,0,181,1952,23.489032778668623,8.231065994441007,0.8836123573247733,596.2574573457241,33.01493610441685,True
flow0000004,0,188,1981,63.03039385870005,6.7085817535215035,1.7760048409399856,488.6273571178317,29.275133594870567,True
flow0000004,0,184,195,2.933336970004225,5.4317618343948535,2.8918556215680598,865.9301985129714,298.04887245595455,True
flow0000004,1,2,62,6.605744087998338,4.499052959743319,3.2650843176009654,469.06580293923616,47.88640986382961,True
flow0000004,1,62,64,12.45083956903142,10.467323893233962,6.308708570169012,47.88640986382961,97.09250565618277,True
flow0000004,1,67,71,11.021342533934003,4.667984560518862,1.2344219159569505,152.86741829663515,174.85004215687513,True
flow0000004,1,67,551,7.963584018249471,12.343918285464834,1.4835374841786164,152.86741829663515,66.04913868755102,True
flow0000004,1,80,81,16.790692027174796,5.836116764180012,2.6890634519142815,77.25309959053993,84.86422699689865,True
flow0000004,1,44,358,4.751430494330287,14.423664929426323,2.660357209120538,104.91843189299107,103.62406248599291,True
flow0000004,1,85,86,9.692304616075084,4.290449934946873,3.618338626362396,100.40860042721033,54.95600051432848,True
flow0000004,1,4,990,6.689575276129281,6.753622341949475,6.0213625234255606,2467.120886452496,1380.4680179208517,True
flow0000004,1,5,990,4.965739641453362,10.83339394814322,3.859360862395673,55.47667755931616,1380.4680179208517,False
flow0000004,1,93,104,3.7974108088285807,0.7792407723642025,0.9406314267596597,291.8558339178562,378.76121263951063,False
flow0000004,1,101,1072,22.708654298787234,7.378898654547149,0.8861812122798834,83.71794017404318,1141.4635025262833,True
flow0000004,1,990,1072,5.338011731611126,11.041906228648434,4.202577029255638,1380.4680179208517,1141.4635025262833,False
flow0000004,1,6,12,14.900721271831358,3.54352217181243,5.332274033011062,5232.619096174836,28.07869016379118,True
flow0000004,1,6,13,38.058728297211296,2.0973497977051476,7.462702617356289,5232.619096174836,1813.7081738039851,True
flow0000004,1,6,131,66.54125800783292,5.608827878873756,4.737234631238633,5232.619096174836,227.67826867848635,True
flow0000004,1,6,1739,6.118963908148097,3.0969085688041944,4.47485786749944,5232.619096174836,2648.7727063968778,False
flow0000004,1,11,12,40.15953354196817,1.5920243137558698,2.3526283887914587,721.9416803345084,28.07869016379118,True
flow0000004,1,11,13,55.708930119727114,6.110094217570019,4.932925530354029,721.9416803345084,1813.7081738039851,True
flow0000004,1,11,131,11.212802673243276,2.7176358943256838,4.855517150396373,721.9416803345084,227.67826867848635,True
flow0000004,1,11,1651,7.908446145157658,6.590179882978321,7.297036573753601,721.9416803345084,2325.890373945236,True
flow0000004,1,11,1739,38.65999116019879,1.9397158321968564,4.562120567660022,721.9416803345084,2648.7727063968778,True
flow0000004,1,12,13,15.88748372697886,5.14095052465097,4.279345911991147,28.07869016379118,1813.7081738039851,True
flow0000004,1,12,131,16.138996278810108,2.4336565991872416,7.253526362906029,28.07869016379118,227.67826867848635,True
flow0000004,1,12,1739,18.386471433987783,0.44727202671312577,3.496464736067826,28.07869016379118,2648.7727063968778,False
flow0000004,1,13,1651,39.40150152891206,10.950370914588271,6.221821729738861,1813.7081738039851,2325.890373945236,True
flow0000004,1,13,1739,41.65035677404405,4.7113040402416,2.1329801340912655,1813.7081738039851,2648.7727063968778,True
flow0000004,1,113,121,30.511052447259928,10.671622280872853,1.3427579216503829,124.73220152407885,223.38371546566486,False
flow0000004,1,118,1517,1.2643675646205819,4.4594535561153945,1.0921003445675312,183.42481818050146,30.933181189000607,False
flow0000004,1,131,1739,28.396398043096863,2.7985715902658885,3.8374417607789457,227.67826867848635,2648.7727063968778,True
flow0000004,1,1651,1739,5.931956883274173,8.402748052413466,5.603488117167121,2325.890373945236,2648.7727063968778,False
flow0000004,1,7,9,21.64214886902014,9.296360731533705,4.466206001303504,2214.747686088085,122.02165327966213,True
flow0000004,1,7,10,15.490562838783786,12.248795780038453,7.5972978384985375,2214.747686088085,252.54611564427614,True
flow0000004,1,9,10,8.659176753627174,2.9790137412162596,3.0858235282762654,122.02165327966213,252.54611564427614,True
flow0000004,1,9,1399,2.218576166729006,2.734027708834921,1.9590290991117936,122.02165327966213,1717.8785199522972,True
flow0000004,1,10,1399,45.267842441913515,0.27274203059578683,0.9863155871826919,252.54611564427614,1717.8785199522972,True
flow0000004,1,120,1399,21.035582257765885,13.160540548120311,2.49484306924606,62.24596330523491,1717.8785199522972,True
flow0000004,1,14,162,21.579506724202872,6.95681027067537,3.6634629801416323,654.5644170120358,109.36775737255812,False
flow0000004,1,14,1961,1.073575267059739,0.5022287470309009,1.0081216064422611,654.5644170120358,1847.9952097907662,True
flow0000004,1,162,1961,5.482941088945268,7.434692798179156,3.8377935917008084,109.36775737255812,1847.9952097907662,False
flow0000004,1,74,77,23.23650961322607,10.752567938235943,4.447755574465697,158.55856678634882,174.28143583983183,True
flow0000004,1,1156,1158,21.47514480630106,6.38598881190967,3.073980402303777,26.003781750798225,44.37462279945612,True
flow0000004,1,152,1560,30.274382672858472,0.6826541981847029,4.123136851463424,700.078961648047,28.08617354929447,False
flow0000004,1,172,2451,5.400251796007075,0.5429331940336545,0.7920420458207281,429.72519913315773,27.58826630562544,False
flow0000004,1,84,88,33.047815887057986,0.11803333964302372,1.4367675600060463,148.3341799750924,11.155874446034431,True
flow0000004,1,135,166,13.576745922652272,0.4992616628758071,1.2915067914419682,209.39070614427328,93.3665562570095,False
flow0000004,1,165,177,51.174635975172976,4.394125232882993,2.480596700113483,126.50409834086895,110.8035199046135,False
flow0000004,1,165,2178,6.743321455347435,2.708169255352104,1.0175360286460278,126.50409834086895,25.580234192311764,False
flow0000004,1,177,2178,25.096696574412938,5.634842749754949,2.173972903142709,110.8035199046135,25.580234192311764,False
flow0000004,1,136,160,52.29016653297396,1.035741263461116,0.291043986177215,236.94871965050697,295.8766778036952,False
flow0000004,1,136,2257,30.74066471909719,0.4249393618773089,0.9703013887426368,236.94871965050697,24.624066159129143,False
flow0000004,1,160,2257,5.221104143079497,0.9172069263175442,0.7072127195885299,295.8766778036952,24.624066159129143,False
flow0000004,1,183,2419,5.444376510718861,11.159199200824341,0.9342579373953538,316.93896049261093,62.98350918292999,False
flow0000004,1,133,144,79.05965567762169,3.756534711557616,7.726224980198333,462.86066745221615,196.4287023022771,False
flow0000004,10,1,155,13.963282054051707,6.336993400226653,3.4051718804952773,575.3149079456925,92.52965132147074,True
flow0000004,10,138,142,17.07639292242182,11.542101083528957,5.89360372808679,152.25884856283665,406.66681852191687,True
flow0000004,10,138,1297,5.070399643736179,0.3436702708938113,0.6978157244862218,152.25884856283665,57.74234136939049,False
flow0000004,10,139,142,7.719471113215809,11.28906289621247,4.52883977037044,115.9313208013773,406.66681852191687,True
flow0000004,10,139,1297,15.138481273564391,5.087977550340482,0.34666676222924253,115.9313208013773,57.74234136939049,False
flow0000004,10,142,1297,21.81875333282631,11.227436217741795,3.516351809616817,406.66681852191687,57.74234136939049,False
flow0000004,10,147,1467,9.604030867237311,9.202497815749087,7.144547990322025,38.480935618281364,195.79958898574114,False
flow0000004,10,90,907,3.764970394150065,12.199386458612862,0.6298260253578732,100.38806028664112,37.305668979883194,True
flow0000004,10,136,152,57.613013700575415,8.856448362065073,3.5146645531342466,498.9407563060522,60.30767397582531,True
flow0000004,10,8,210,55.2402179766019,12.954859632089539,4.015052725203482,414.04547978937626,28.72483989596367,True
flow0000004,10,11,16,71.10371296070073,2.0264564875221738,4.695350625717453,977.546577244997,187.85169342160225,True
flow0000004,10,15,16,4.490704740238382,1.4644587126825592,4.4515661193002884,538.6542786881328,187.85169342160225,True
flow0000004,10,15,18,59.681085742309776,9.742548732358031,7.536803131614898,538.6542786881328,205.9824190288782,True
flow0000004,10,15,39,25.904941317955245,10.910315861775565,5.245679861647021,538.6542786881328,36.03136247396469,True
flow0000004,10,16,18,21.3348578536748,8.914039142885734,1.7264519899627055,187.85169342160225,205.9824190288782,True
flow0000004,10,28,32,14.930808937914446,9.359108538460465,7.460619407636631,190.71239413321018,74.22632298618555,True
flow0000004,10,28,33,16.677028015845593,12.80931969459111,4.059923292941192,190.71239413321018,73.45342739671469,True
flow0000004,10,28,399,2.344104726874052,11.787635362160861,2.292274261863084,190.71239413321018,30.388937138020992,True
flow0000004,10,31,65,6.848593148435574,10.116412668242535,5.576162829511847,238.8457656055689,93.7103308737278,False
flow0000004,10,48,49,6.7692911801417575,12.974755737073243,5.453784837108106,388.1208279058337,200.2686575204134,True
flow0000004,10,48,52,13.226840435494722,3.209304910625163,5.059376018437116,388.1208279058337,151.72734113037586,True
flow0000004,10,49,52,10.287070833581238,12.12573121663915,7.782565684125655,200.2686575204134,151.72734113037586,True
flow0000004,10,68,94,42.4674535011423,2.0881363612735915,2.8402180516177964,298.9274971410632,36.941990688443184,False
flow0000004,10,68,824,6.734776209625635,0.9685355552216794,1.566857924039684,298.9274971410632,22.96808870136738,False
flow0000004,10,94,824,18.478208268839623,1.5030015455984242,1.6000585343490124,36.941990688443184,22.96808870136738,False
flow0000004,10,168,175,9.122029295902387,11.446159371970806,5.171067891949305,208.6625538393855,28.860502541065216,True
flow0000004,10,19,348,47.290861914117535,6.0684287935756,0.8058602848228382,193.25814297050238,18.132475651800632,True
flow0000004,10,19,442,7.208586524461906,7.9016050250491014,4.5049314958604985,193.25814297050238,28.998234897851944,False
flow0000004,10,157,178,18.9182197324477,0.8704965175434023,0.42057402453913095,297.61274860054255,416.5558795630932,False
flow0000004,10,157,1509,37.76837420171992,13.399077492936462,2.1695257735290476,297.61274860054255,10.265149526298046,True
flow0000004,10,162,166,16.2629469417932,6.321507857936731,3.8357887551497942,111.07245737314224,127.11203206330538,True
flow0000004,10,21,27,8.320059117333445,7.63614125023344,2.3467916433741,83.67797391861677,95.50754427909851,True
flow0000004,10,40,43,27.243154699766208,1.9918561341212808,1.422979574816963,211.74713039398193,3.3471446335315704,True
flow0000004,10,66,732,6.080118731001997,7.184338877918965,5.493710441449225,416.2538165822625,34.63508686423302,True
flow0000004,10,62,84,63.35648079455793,1.430327770217318,3.214897653293058,67.61132989823818,335.2317785397172,False
flow0000004,10,62,806,39.39716819400896,0.9529576022564747,3.153736666830151,67.61132989823818,28.157826334238052,False
flow0000004,10,84,806,5.2223851689487875,0.7934651899645229,0.3925900471020874,335.2317785397172,28.157826334238052,False
flow0000004,10,81,798,8.71552352385526,6.8197305033015985,1.1191997404590783,81.696054674685,158.4450372979045,True
flow0000004,10,118,1476,7.997349519373989,14.808572868021695,3.4443486304951048,842.5040127336979,28.930722132325172,True
flow0000004,10,118,1481,10.495193270912393,8.664126686509311,7.984794815036771,842.5040127336979,54.72384497523308,True
flow0000004,10,113,1529,38.612780561672324,5.181870096437963,2.051018169591398,451.0330061465502,23.03974139690399,False
flow0000004,10,114,127,79.26859061088817,0.44551556338802223,0.9295814442453412,202.41888127475977,331.55104919523,False
flow0000004,10,156,163,8.837664208457902,6.041285510039893,3.3680263657611165,206.71088895201683,415.7425371184945,True
flow0000004,10,158,188,36.713068652244026,3.4192428099188463,0.8490226292363715,741.796060487628,282.0865216255188,True
flow0000004,11,24,33,58.43403579733895,4.729929264352893,3.5071635619257893,105.63703151792288,123.1142807006836,False
flow0000004,11,24,368,58.62370899883792,5.474399748388023,1.7832305036235265,105.63703151792288,31.104033410549164,False
flow0000004,11,33,368,5.07275287299758,3.7690469306666943,5.07103538811701,123.1142807006836,31.104033410549164,True
flow0000004,11,48,368,34.08788647980908,1.8045211952154427,3.4184955714394025,39.525793090462685,31.104033410549164,False
flow0000004,11,1,2,6.7076856416846535,13.566055638887473,0.7025836542170693,911.2307324036956,84.52268239855766,True
flow0000004,11,1,43,38.368009244950926,2.1362702902175874,2.829496273543397,911.2307324036956,901.0076138824224,True
flow0000004,11,1,51,65.07022269336055,11.205647787378544,3.3626358731856127,911.2307324036956,81.76723098009825,False
flow0000004,11,2,43,31.78117941018651,11.68494528785528,4.412271827398529,84.52268239855766,901.0076138824224,True
flow0000004,11,41,74,17.32478085462229,10.188852146490836,4.2544410205727425,184.37127563357353,48.41186372935772,False
flow0000004,11,43,51,5.4172332262112475,9.250041980416306,2.2961101085771016,901.0076138824224,81.76723098009825,True
flow0000004,11,3,721,6.468066990406219,8.226933119138018,6.441244078233056,502.70586877316236,425.30022978782654,True
flow0000004,11,75,721,58.94474511637292,9.401754558010332,6.865331802717125,71.52469159662724,425.30022978782654,False
flow0000004,11,105,107,55.81672679776845,7.107245586476143,1.2933533161664552,770.9887175038457,40.48689763993025,True
flow0000004,11,53,524,5.521425849485346,0.8323072135299232,0.461176841286189,160.04894819110632,27.24863141030073,False
flow0000004,11,52,525,5.209935158801536,0.5113161807118913,0.25099200041025427,158.79741159826517,26.74785765260458,False
flow0000004,11,91,944,50.39654067978702,12.118854416245693,3.0694258816257913,780.2921258658171,58.17018907517195,True
flow0000004,11,78,89,20.719521056869507,8.882700577152436,6.010000386151264,876.0988583862782,132.7084407657385,True
flow0000004,11,90,917,19.995765812713845,9.231611478502474,1.8385561344502421,36.421950310468674,38.22123359888792,True
flow0000004,2,79,796,8.027644360078504,5.723404494474202,6.133907962976972,386.9548040404916,26.78702737390995,False
flow0000004,2,124,796,41.210684191871245,10.941447068178958,6.065706079680911,75.55301566421986,26.78702737390995,False
flow0000004,2,136,143,15.572927484539562,5.07116680389467,2.133706769435628,206.93317033350468,82.48216716200113,False
flow0000004,2,12,222,5.602154672003974,2.2232535604421626,1.6069164797911673,279.09318809211254,39.44251688569784,False
flow0000004,2,3,5,3.039481308412971,10.812270650194732,3.039460886901167,204.77387602627277,37.794182889163494,True
flow0000004,2,3,10,5.028911210037181,1.0676629073827137,2.196705616682941,204.77387602627277,43.42482468485832,False
flow0000004,2,4,26,45.262425896587864,4.921608974693565,5.013907817881423,519.097663871944,75.52483244985342,False
flow0000004,2,34,37,48.291579946516514,3.9568782652731547,4.7602025098961125,120.1962568089366,38.97056299448013,False
flow0000004,2,28,29,8.720503255685092,3.1110488152885574,1.6528061628452753,223.55233780294657,186.5869406312704,True
flow0000004,2,38,428,5.214924569931866,0.798391158571495,0.12334017075157261,98.79402297735214,23.16919405758381,False
flow0000004,2,40,399,5.61022347699602,1.9976634345153503,1.9559343992094582,404.313903413713,21.078682526946068,False
flow0000004,2,45,57,10.008675439034926,1.702137166719188,2.917215250944986,113.37124133855104,442.6222335100174,False
flow0000004,2,107,108,3.42975722282602,5.406423102333984,1.6715107632359933,75.20032462477684,138.52490112185478,True
flow0000004,2,9,20,71.62276578710727,1.0154248686233913,3.415932510684508,62.01380764693022,758.6475399285555,False
flow0000004,2,20,27,47.08292772844799,5.023853379402711,1.8399770981177477,758.6475399285555,200.8062143996358,True
flow0000004,2,43,46,19.03008614729112,6.036451521629661,7.503329213641218,285.3887661918998,103.34652754664421,True
flow0000004,2,112,1164,2.120120584245355,11.922729161444286,2.095094652307451,651.9234606474638,9.25118175148964,True
flow0000004,2,87,110,17.769784976361176,2.4810576388070533,0.33431204152876576,350.96929436922073,187.17003665864468,True
flow0000004,2,149,153,11.65299521617675,1.0311315611251883,1.8984582006915152,200.0594323799014,10.97960875928402,True
flow0000004,2,32,800,5.9645064492891295,11.734147364762846,5.465429408746815,602.2438102066517,21.3961840569973,True
flow0000004,2,131,800,24.41422706988253,12.436656290497512,3.2916001279135023,60.84061121195555,21.3961840569973,False
flow0000004,2,61,63,28.295665595081914,11.338310382075804,6.700751504465794,544.1497348472476,240.77545884996653,True
flow0000004,2,52,55,9.44336582028812,13.057938452701823,1.4796057503990994,756.8052703142166,70.0760295689106,True
flow0000004,2,115,148,70.5288081721272,4.9499303192515764,2.7159539668312176,297.1091079339385,290.6350305452943,False
flow0000004,2,115,1049,5.25762066487866,1.305203540777481,0.9771344305826629,297.1091079339385,20.570902109146118,False
flow0000004,2,148,1287,45.62882344841788,2.474200166429877,1.3429971404977639,290.6350305452943,26.169220834970474,True
flow0000004,2,58,511,5.252145073388911,1.3745794034884506,0.8911104238357497,448.90507916361094,25.766849644482136,False
flow0000004,2,71,687,6.553955879453423,1.1718861417915796,3.7854607561053935,657.8964405357838,23.687324605882168,False
flow0000004,2,73,134,71.37861253179322,6.275902139298332,4.182790675459261,596.5346728637815,45.01663238555193,False
flow0000004,3,94,101,12.14246994386571,1.8369424471875024,4.980101586514091,203.81006136536598,165.69853692501783,False
flow0000004,3,95,964,40.91248119968832,3.961129780204268,1.4787270893680244,320.2558491304517,19.866952754557133,True
flow0000004,3,9,13,9.594808832955128,9.063940701717376,0.2929912267005245,141.82618948817253,126.66539718955755,True
flow0000004,3,7,11,53.78449919648956,5.17085484391735,1.5180614957372822,843.0488926544785,47.24360327422619,True
flow0000004,3,16,165,6.804391029407018,6.889935217110517,1.984280643015068,111.5733915194869,24.94714081287384,False
flow0000004,3,73,96,73.66376505569903,3.1578361957905883,2.571453620066375,525.6782645732164,93.55046505481005,False
flow0000004,3,15,27,43.60360619924008,1.5064365498199384,4.424268976048734,586.7414777353406,155.20776185393333,False
flow0000004,3,42,54,61.11575040726663,2.694968638430467,0.8201972261916667,134.74768244475126,481.5198734253645,False
flow0000004,3,42,365,5.233712787174531,2.648817544810415,1.0143219884565011,134.74768244475126,20.20101410150528,False
flow0000004,3,54,365,40.55922204185862,3.4241601838868534,2.334630707554008,481.5198734253645,20.20101410150528,False
flow0000004,3,61,506,5.618006480260746,4.110400818163404,1.1701575869673135,154.46511939167976,25.4128849953413,False
flow0000004,3,35,274,5.800296882174429,10.2608595972896,5.800175669888779,54.190588131546974,30.06872908771038,True
flow0000004,3,44,52,2.649061596568729,7.892018239350411,2.6481970974917504,446.9844592437148,269.10620695352554,True
flow0000004,3,82,88,61.610255107156185,2.9689526265665096,3.385229246657803,162.36811170727015,445.6168468147516,False
flow0000004,3,67,1002,4.346241540022083,2.486323198491041,2.4984663316673656,363.65408343076706,21.65588589757681,True
flow0000004,3,137,138,7.634894322263779,5.207342171308997,7.633725664711151,160.20658407360315,147.16400971263647,True
flow0000004,3,125,126,9.124701555736971,13.623402805703702,7.674650208540899,105.30917996913195,38.5043420791626,True
flow0000004,3,129,1450,4.433670988261769,4.337658148434053,3.9999522717912934,199.11393373459578,42.395570278167725,False
flow0000004,4,0,215,5.0692581212592405,8.562077505547492,1.0551526522049253,5474.203794196248,195.9448057487607,False
flow0000004,4,0,234,0.851725294200957,1.223869515257653,0.8422071720526637,5474.203794196248,2021.9683754220605,True
flow0000004,4,37,42,28.08010469036403,14.505429291132195,7.5312377643959625,312.05111821740866,100.96940402686596,False
flow0000004,4,37,512,17.156562462045905,14.006423129156163,4.735408935074333,312.05111821740866,22.775263093411922,False
flow0000004,4,42,512,5.133959957259524,9.033431106346221,1.3459331312632845,100.96940402686596,22.775263093411922,True
flow0000004,4,86,90,7.249383980434164,12.038143069887914,7.237422710718626,371.7809514179826,67.76227888464928,True
flow0000004,4,140,1506,3.1958860987011084,8.048576063872721,1.2488342879464631,113.36662513762712,24.2135751247406,True
flow0000004,4,215,234,5.1388653056644475,9.716635064445754,2.3204289059335745,195.9448057487607,2021.9683754220605,False
flow0000004,4,1,2,6.043633544595823,6.777779654382077,5.396847888970372,2663.8855567872524,1696.1024115681648,True
flow0000004,4,74,76,10.307984434923414,2.0594990259379182,3.6895668416121854,211.59204114973545,126.62590775638819,True
flow0000004,4,117,137,1.4311030342681061,5.3925517236795395,1.4294679844937115,994.9295704364777,296.2873254865408,True
flow0000004,4,134,1439,5.189993854525214,0.16931590322435822,0.2672943622849825,217.28541906177998,27.480786971747875,False
flow0000004,4,6,178,5.605440742529686,1.1741929686741694,0.23708905416351347,102.86518005281687,27.433177083730698,False
flow0000004,4,9,15,5.49157280820987,1.0503135508749657,1.576089096143241,169.51986554265022,541.659401923418,False
flow0000004,4,12,163,75.94933771070268,2.3390522822492126,0.2742171553466044,731.7106831371784,34.150236405432224,False
flow0000004,4,84,93,43.72731095919559,0.9273760246988233,2.7678430316535336,454.5680436939001,263.27907951176167,False
flow0000004,4,43,54,6.0298934376529605,5.551210926379215,3.023816443582284,393.2806352004409,130.94721399992704,False
flow0000004,4,43,693,7.474518205197039,4.394569624653266,5.446166727410306,393.2806352004409,44.937336295843124,False
flow0000004,4,69,843,9.479638148911459,3.751133606018524,7.909541770513348,535.816030241549,65.23834630846977,False
flow0000004,4,51,701,4.590910785768262,8.38897941629314,2.902627829476347,87.04167798906565,47.16988058388233,True
flow0000004,4,53,721,25.444815264918347,8.414978124957557,0.7893264619192883,180.41731137782335,28.429311506450176,True
flow0000004,4,63,88,25.100967496670922,9.104856464536885,5.703936994392959,391.45189552754164,137.5118901655078,False
flow0000004,4,108,1271,5.197769895654006,0.7689869044325631,0.14372985670112065,320.98209123313427,18.754422061145306,False
flow0000004,4,81,872,35.483457005271305,11.45677681811421,7.209494673015481,115.81476440280676,24.551139794290066,False
flow0000004,4,81,985,1.9208796155711167,8.52864823037199,1.270697525906154,115.81476440280676,38.24607368558645,True
flow0000004,4,872,985,5.719865560453408,6.290268444677375,0.8842516723158916,24.551139794290066,38.24607368558645,False
flow0000004,4,96,127,54.231468745561955,2.918560646865746,1.3645863869297559,179.17309830337763,501.3619863316417,False
flow0000004,4,97,135,63.547023220738325,1.4816935503137385,2.8167525061256957,421.1513733714819,147.8017194494605,False
flow0000004,4,135,136,5.654857350486451,2.626220211414939,2.0378440022089372,147.8017194494605,148.66585486382246,False
flow0000004,4,98,103,12.230311384640197,5.573218239942394,4.305706808116575,290.19348933547735,302.4088711217046,False
flow0000004,4,120,1400,6.104687474648025,10.884840451132597,1.9121985992143988,234.80200178176165,34.117753371596336,True
flow0000004,5,27,29,5.412755528731842,8.244290263932763,5.335984145464455,441.9101571813226,306.85612362623215,True
flow0000004,5,27,34,4.364471068111352,5.692082400550751,4.262725783771361,441.9101571813226,156.5127978771925,True
flow0000004,5,27,36,6.416376487319488,5.165410148015919,6.376705891725233,441.9101571813226,159.9245892688632,True
flow0000004,5,28,36,7.803154199867565,4.958423443012027,7.5708334066656935,368.55131389945745,159.9245892688632,True
flow0000004,5,29,36,1.5411846977021602,3.0826027091994415,1.540546999441335,306.85612362623215,159.9245892688632,True
flow0000004,5,30,43,12.008244897076352,3.5232178378604244,1.2585047505581572,263.8338306695223,74.04384735971689,False
flow0000004,5,30,48,2.25220584774551,3.55284936451195,2.15777908631647,263.8338306695223,330.75888595730066,False
flow0000004,5,43,48,10.053822208173603,3.9653713523727894,3.12274249939598,74.04384735971689,330.75888595730066,True
flow0000004,5,67,1124,23.20146622034915,13.700686339045696,4.308218585989614,831.5892105698586,11.747567921876907,True
flow0000004,5,73,978,10.03597395301515,9.723116805951362,2.8494647731024285,717.0842539593577,49.3783815652132,True
flow0000004,5,16,172,6.713049448960824,3.895408477619709,4.2505144800084995,560.2088990733027,29.152527540922165,False
flow0000004,5,62,687,5.663631204911461,2.6809995210771436,2.8160526793640415,172.2689470499754,61.55236352980137,False
flow0000004,5,102,105,4.700368533745822,2.486099958997637,0.6777551825474838,252.15584521740675,205.55584455281496,True
flow0000004,5,102,1314,11.621996786709806,6.8990081507064,0.9442706487959572,252.15584521740675,53.279323257505894,False
flow0000004,5,105,1314,17.130240181316363,4.774020536996232,2.9407165388753485,205.55584455281496,53.279323257505894,False
flow0000004,5,4,84,48.33867202323562,5.363093631664666,6.647874166952074,816.4757010564208,106.74319200962782,False
flow0000004,5,59,721,14.398941043781353,14.307548277538446,2.609107335181531,125.80205885320902,511.9463837221265,True
flow0000004,5,78,787,38.119822415829745,2.1192733279494247,2.320214578717035,100.7025355398655,49.70272970944643,False
flow0000004,5,142,161,58.36965617985352,6.23527814770494,3.6684752422046527,677.583788216114,39.68088234961033,True
flow0000004,5,39,46,18.110558205330992,8.832150800112805,2.1478760623070254,821.3140307590365,114.63249101489782,True
flow0000004,5,17,38,70.32422207876452,0.36539909184872826,2.0998131659410975,573.5355340912938,143.6913923472166,False
flow0000004,5,19,35,43.59183939512169,0.6039002443755833,3.0966675709616838,475.5956129729748,281.96137208491564,False
flow0000004,5,26,403,1.734099877865262,4.809807229433311,1.3637328120269923,42.57390592992306,26.91313661634922,False
flow0000004,5,31,37,3.6520172275268292,0.6238721598363893,3.0907361583202904,648.8970015272498,71.87881632894278,True
flow0000004,5,111,1285,6.588789165453604,0.6395055035726238,2.5950685847174406,709.3524383082986,22.576227501034737,False
flow0000004,5,112,113,5.091709164336276,2.635616659993486,0.8306906763758913,52.597506910562515,285.53127913177013,True
flow0000004,5,119,1370,5.1947071992353635,1.7027328305014673,0.16916982186104496,151.67336481064558,30.705962292850018,False
flow0000004,5,92,98,55.737367623719585,2.751294939296181,3.3747250009776675,369.05957335978746,31.261829063296318,False
flow0000004,5,79,1056,1.1449778519678313,7.600336475210414,1.1103791484782417,80.86137933284044,34.890649013221264,True
flow0000004,5,79,1101,33.27890505566106,12.412770275880648,3.5814647221230405,80.86137933284044,48.66264892369509,False
flow0000004,5,69,1120,18.72866111969071,12.09762331350613,4.562583779432932,791.4763439148664,35.74475082755089,True
flow0000004,5,96,106,73.57694499022152,0.9258715667029298,3.4099611842290614,592.3710061013699,42.91975072771311,False
flow0000004,5,96,1181,5.1859300260513725,0.8312694387316932,0.3178236471830233,592.3710061013699,28.7619396597147,False
flow0000004,5,106,1181,50.80189625854584,1.6691383762683398,3.4073484962224634,42.91975072771311,28.7619396597147,False
flow0000004,5,108,115,11.647910209089371,0.19836327022208755,0.09628746674187222,343.2158207818866,423.3875810354948,True
flow0000004,5,134,1654,4.954734255946866,4.283320181291538,4.261701014192943,475.8147123456001,19.2559926584363,False
flow0000004,6,92,1120,11.957690355088314,1.9451499956845368,7.8675489573003325,156.37952207773924,32.942486226558685,False
flow0000004,6,94,1381,10.311343551076106,0.7281274722154807,3.0067969354018422,203.1854079887271,30.07350603491068,True
flow0000004,6,4,144,8.269452574504953,9.602149430612776,5.395214574054536,231.92346400022507,91.29658478498459,True
flow0000004,6,4,1557,8.82368274374724,9.338806091132636,2.7506239970185096,231.92346400022507,24.31691473722458,True
flow0000004,6,73,869,1.9254858897461988,3.5549798212002925,1.520373339735544,210.84589561074972,58.21477212011814,False
flow0000004,6,6,21,31.20215630239956,6.956653381718478,1.3691280128127876,788.2287178486586,65.15363705903292,True
flow0000004,6,9,319,19.799978228640125,13.3913928697129,2.0231254977428677,75.90506995469332,41.80929058790207,False
flow0000004,6,37,437,1.5532254230234726,2.8615827263549694,1.1364130357882745,309.2749660536647,23.880150191485882,False
flow0000004,6,14,213,5.402160757504048,7.332832434180434,0.8622294288383117,117.63267496228218,84.90737726539373,False
flow0000004,6,115,143,40.76605882598914,0.4345275720632523,3.009533831504368,639.8946912363172,60.727081432938576,False
flow0000004,6,121,1406,37.0415193875472,13.753129501458067,7.806854808936314,275.6493908986449,39.27373459935188,False
flow0000004,6,1143,1144,13.250472864857091,5.934718167773979,1.456564696388824,32.639474645256996,67.6079864576459,True
flow0000004,6,103,1222,6.30273396269007,8.807587235870749,2.770914220520627,208.50141467899084,285.6333387121558,False
flow0000004,6,23,25,6.760491388091243,4.983803714979806,2.493958891287127,239.60481076687574,206.30039779096842,True
flow0000004,6,41,44,6.743696840123577,14.391619408864857,3.724459009583535,573.7888652905822,98.86503930389881,False
flow0000004,6,64,65,26.195743589255283,6.352894336339479,7.401009548819722,192.45690438896418,696.8934411108494,False
flow0000004,6,46,49,49.55654917744806,5.916303668334996,7.42370170523398,80.22892259061337,592.0883745253086,False
flow0000004,6,58,59,1.228791963152235,2.6625475295199768,1.216299267651053,157.76783769577742,112.8188780322671,True
flow0000004,6,139,146,5.805894962709848,2.154678335879871,2.3967346545832555,401.71800220012665,171.0554669946432,False
flow0000004,6,60,661,6.843585328064575,10.174698256432638,2.561765557524589,134.20646239072084,51.962023846805096,True
flow0000004,6,66,832,18.35612767138697,13.882917279446966,1.9026877469623142,726.405659481883,263.9893955141306,True
flow0000004,6,110,111,9.61119385566238,4.461004958059267,6.049141689237579,246.14353217929602,155.98909401148558,True
flow0000004,6,110,1323,0.8833162148569894,4.379372799921608,0.801529013556931,246.14353217929602,620.043178267777,True
flow0000004,6,111,1323,10.006315759276427,0.3189535776637643,5.592610213189912,155.98909401148558,620.043178267777,True
flow0000004,6,80,1015,17.91586353169364,3.2177414725904603,1.9210499224153104,195.0965962484479,23.856743723154068,True
flow0000004,6,104,1161,62.62231196216412,11.19935436672662,7.070377215694838,233.1848701313138,38.8438168913126,False
flow0000004,6,1161,1164,4.564360634955383,10.115977609759662,3.0397783691354188,38.8438168913126,32.414165914058685,True
flow0000004,6,107,1301,23.361318614565423,0.8359046670628314,1.2908479277098126,113.57728354632854,13.251959547400475,True
flow0000004,6,113,1337,3.8425206493669424,2.568583514847313,3.228668977127657,179.39394707977772,179.19586787372828,True
flow0000004,6,125,1507,60.8655357328169,1.3984324099649728,2.334555565462289,105.6534308642149,26.317940048873425,False
flow0000004,7,0,1,3.448957802662827,4.131087143322447,3.44298241823856,1658.4808335155249,479.4548349529505,True
flow0000004,7,0,567,5.159446142330973,2.88141179193993,5.158082181459535,1658.4808335155249,1620.1284157559276,True
flow0000004,7,111,1103,4.83841318756549,5.868278458288412,1.2936058224307403,135.5790144726634,21.581526406109333,True
flow0000004,7,562,605,6.0944569327582325,5.024229101675681,2.9908524823430893,56.63267785310745,34.898928731679916,True
flow0000004,7,2,3,27.473102819332755,6.453656136091606,2.09010214671506,1919.7765591144562,219.58085613697767,True
flow0000004,7,2,4,3.0366371625468336,3.6023041774431523,1.4392304526763766,1919.7765591144562,438.6244765147567,True
flow0000004,7,2,5,7.772856635160371,6.222910586733795,2.324616590630894,1919.7765591144562,174.00867728888988,False
flow0000004,7,3,4,7.102889820233164,2.8650654432267397,2.5196106750621863,219.58085613697767,438.6244765147567,True
flow0000004,7,3,5,35.00356965729077,2.476451268609038,7.36415296279876,219.58085613697767,174.00867728888988,False
flow0000004,7,4,5,10.451876969886033,3.0565875735347863,2.8312723176754413,438.6244765147567,174.00867728888988,False
flow0000004,7,15,18,3.333346043962443,6.51642740856534,2.263499191738942,139.82627749443054,94.06509217619896,True
flow0000004,7,50,53,10.700713588981673,10.13720907122105,0.21980280637189345,178.26724737882614,78.06739543378353,True
flow0000004,7,37,45,59.681604802385486,0.5956470246909653,5.78698058202135,570.3495289161801,145.084961630404,False
flow0000004,7,40,44,52.91155526491814,2.4845406798499194,4.829404401280667,336.7009809836745,382.2053305208683,False
flow0000004,7,77,805,2.1351478997005993,9.129786556789643,1.245151544116666,75.08679480850697,23.865660205483437,True
flow0000004,7,88,805,42.34526684152355,5.037367579579317,1.9802744075057368,295.41252694278955,23.865660205483437,False
flow0000004,7,49,62,5.33375545331631,1.4868099832981898,1.1892763592257627,641.0605657249689,195.15853552520275,False
flow0000004,7,68,81,50.45968487372306,1.8919639592772195,2.429100397663286,144.9012125506997,75.29411052167416,False
flow0000004,7,105,107,21.513569473487777,4.135373892064612,2.2826585814393665,87.19597078114748,87.93415336310863,False
flow0000004,7,105,1019,3.864447533426643,0.5639095963157806,0.8265132292098049,87.19597078114748,43.518450774252415,False
flow0000004,7,107,1019,6.7505368634355865,4.696341518088977,2.00439303911952,87.93415336310863,43.518450774252415,False
flow0000004,7,74,739,17.8604343345722,7.4221502035461,7.149484966125359,805.2929136678576,2019.86718403548,True
flow0000004,8,1,459,6.092658797631928,8.493298317315023,2.0169264012869332,756.6188047230244,590.3045271411538,True
flow0000004,8,58,459,28.444611210331097,1.7468931257987241,3.8690164988050535,87.12352113425732,590.3045271411538,False
flow0000004,8,129,138,64.92098837397167,3.448077449377253,3.3520097140649785,499.63849315047264,52.93968842923641,True
flow0000004,8,2,524,19.14970819515023,6.591817903430653,4.153109214345821,659.5584629252553,43.45364460349083,True
flow0000004,8,130,134,46.58499273170318,0.2735041481463888,1.3410124949660955,91.16251543164253,588.7514225840569,False
flow0000004,8,5,1067,4.951429578849322,13.852768662046389,4.943367009332963,1014.720242805779,939.3984293788671,True
flow0000004,8,6,96,6.25187027630863,2.817118020087469,2.2457404945685266,445.685152374208,1221.0889404565096,True
flow0000004,8,6,99,19.814296835433964,4.900647785386874,2.8704119806029755,445.685152374208,66.30040077865124,True
flow0000004,8,6,1033,3.8227770511590546,5.688971666376407,3.817924253075755,445.685152374208,1195.0969545021653,True
flow0000004,8,67,98,60.518836550823984,2.645869343284563,4.801751024777948,596.7050484791398,104.00159380584955,False
flow0000004,8,96,99,14.603119380088131,3.6601039191653304,2.3628284063764826,1221.0889404565096,66.30040077865124,True
flow0000004,8,96,1033,15.965175089497409,3.2899950224277226,4.186412907956872,1221.0889404565096,1195.0969545021653,True
flow0000004,8,99,1033,20.054591924617757,2.3856904907329732,2.5358384231683373,66.30040077865124,1195.0969545021653,True
flow0000004,8,123,124,36.94050736940439,5.588047229949696,6.331152652523709,57.30701060593128,132.33011261373758,True
flow0000004,8,152,154,6.465857731399211,13.445130533726907,5.375415325483768,98.60438034683466,61.24584858864546,True
flow0000004,8,22,319,69.84653990166213,13.327507007464385,4.454406518688655,312.2920335456729,62.8879728615284,True
flow0000004,8,66,95,5.900791874286307,4.972571006781341,1.0297288397780358,466.53439074009657,145.81534427404404,False
flow0000004,8,19,21,2.433662126967699,9.686747261939987,1.959462303239797,302.65822076797485,50.67673071473837,True
flow0000004,8,45,59,35.94014942624368,3.696765332364235,4.405494226391523,78.49237594008446,65.74119015038013,False
flow0000004,8,106,111,56.8760161177806,8.177149827625307,7.8365434120984965,447.51675713807344,692.2958556264639,True
flow0000004,8,110,111,4.543210510625444,0.9189477036485784,1.116601972614247,1110.436527915299,692.2958556264639,True
flow0000004,8,110,112,3.2333192456906565,6.53540015598795,3.217589595754629,1110.436527915299,241.5486736893654,True
flow0000004,8,110,1263,5.80237030177589,7.190281329949756,4.604906134727183,1110.436527915299,1040.3394927978516,False
flow0000004,8,111,1263,24.862616088786137,7.378939892307114,4.853522919751035,692.2958556264639,1040.3394927978516,True
flow0000004,8,112,1263,8.46834483131353,4.492922202020237,7.9290140139913055,241.5486736893654,1040.3394927978516,False
flow0000004,8,120,1263,5.219178658092792,12.737252212334749,5.014350971541932,64.52468381822109,1040.3394927978516,True
flow0000004,8,68,72,6.406401992066377,3.2579143168921187,6.3838908919480275,329.13969276845455,81.19321102648973,True
flow0000004,8,68,93,53.82427582573586,0.2712782952331441,1.1021807656362748,329.13969276845455,372.92469242215157,False
flow0000004,8,86,915,5.195838906078637,0.7856920918827839,0.020932514891005387,157.36164646595716,25.146176494657993,False
flow0000004,8,43,427,2.6223298244418554,7.980732407156382,1.430071529421044,103.21771138161421,22.81315951794386,True
flow0000004,8,43,747,33.11271920104366,7.815937732581348,2.7243982133074507,103.21771138161421,43.52450090646744,False
flow0000004,9,0,36,20.638415839144947,6.3162086206602135,3.211110588581936,955.0111070051789,88.6272764801979,True
flow0000004,9,86,1181,7.6848407166922055,14.662677697769933,6.617086483581116,365.1766229197383,869.0819598585367,True
flow0000004,9,96,1181,10.28647283520193,3.622084619013876,4.241321664191106,165.98084887862206,869.0819598585367,False
flow0000004,9,164,167,1.1991272823009949,2.3487522779658594,1.18744442510762,132.4557452648878,213.64688597619534,True
flow0000004,9,869,941,4.8685383059604765,8.335034738955956,0.35967697995591114,114.42979254573584,288.4819391146302,False
flow0000004,9,6,61,4.5733881594238674,7.252680444863711,3.5526476536484597,160.08732096850872,429.5941531807184,True
flow0000004,9,28,76,78.2711431255705,0.8055752898642882,7.182862164884838,353.4253976121545,298.9276577979326,False
flow0000004,9,28,979,58.06640655215922,1.9278232650430123,6.0057659463866,353.4253976121545,17.805897414684296,False
flow0000004,9,76,979,5.268261315108751,1.6525219301615472,1.026236925813909,298.9276577979326,17.805897414684296,False
flow0000004,9,8,10,36.43082379259299,4.002790726946013,3.207270767888547,818.0215025395155,90.35156317055225,True
flow0000004,9,10,18,72.64389264101546,9.880656583571339,5.831349903045263,90.35156317055225,107.38392817229033,False
flow0000004,9,104,1280,1.8249061455976439,9.97673205241773,1.4407292893760355,135.05435421317816,41.012988187372684,True
flow0000004,9,120,143,74.06056320878106,0.9883187895172272,1.1206886349678784,557.5789171457291,144.3286258429289,False
flow0000004,9,15,17,5.099878591073513,4.116507179058521,1.553255850093007,125.3447549790144,228.03016598522663,False
flow0000004,9,15,320,14.078867228825699,1.7906525986793609,1.1698125158593464,125.3447549790144,35.035227842628956,False
flow0000004,9,154,1839,5.196954451858626,0.42343240604989424,0.3182104101314714,414.7897121310234,29.348219648003578,False
flow0000004,9,35,45,53.47445879824976,8.314265164383796,6.713967184339081,185.3271240592003,134.43670699745417,False
flow0000004,9,41,42,3.720461511633035,3.1737879834528546,1.4288474635984845,282.8718376159668,42.62995582818985,True
flow0000004,9,41,524,5.217472317715726,4.429357707024574,5.203598924105309,282.8718376159668,1058.6928170472383,True
flow0000004,9,42,524,6.240131936311825,6.907964932856487,5.597045008278687,42.62995582818985,1058.6928170472383,True
flow0000004,9,67,1027,7.7104733898546565,13.713541210646383,1.743028829305799,113.0916362926364,57.17405469715595,False
flow0000004,9,140,1681,6.71755362299762,6.796109286001715,2.168586023330155,105.24023346602917,29.108421117067337,False
flow0000004,9,659,664,6.167272947550187,2.915459761161218,4.850600236769973,34.61375047266483,32.09395781159401,True
flow0000004,9,49,106,56.71876243515202,2.7774136589370495,1.4748032672365516,231.98285365104675,189.5398333221674,False
flow0000004,9,49,679,13.947175971618865,8.47840548658589,1.5690339802681186,231.98285365104675,38.805920384824276,False
flow0000004,9,64,91,62.933228469262055,0.4822533433561455,0.8977878538910613,576.2433758229017,119.26986511051655,False
flow0000004,9,52,772,3.9940771650911207,10.22788059758671,1.09072979549475,88.75131556391716,40.34072529524565,True
flow0000004,9,52,776,6.022021320581758,10.263341842437756,5.8441356545657195,88.75131556391716,30.799588330090046,True
flow0000004,9,73,89,69.8859174354844,1.7076360421173487,1.0145151033769682,330.45746871829033,234.22352142632008,False
flow0000004,9,73,910,5.641457857501067,0.9071464245206279,0.6132810521067423,330.45746871829033,19.683680221438408,False
flow0000004,9,89,910,48.87126723965345,1.6820067653257407,2.561758351992927,234.22352142632008,19.683680221438408,False
flow0000004,9,772,776,5.324894948739868,9.220750845230983,4.308448665875787,40.34072529524565,30.799588330090046,True
flow0000004,9,100,1201,5.3897994192415215,7.182923348709207,0.9530320853407619,162.76634304225445,62.128770619630814,False
flow0000004,9,103,1241,7.491521472251154,3.9967225291886077,5.57810394169421,430.1984262391925,295.72588930279016,False
flow0000004,9,147,2011,41.66783637546319,12.717891873321493,7.672004298703712,53.678827449679375,25.462404742836952,False
flow0000004,9,165,2011,5.272368070007899,0.9768986548719308,0.33753564212647924,70.18016568571329,25.462404742836952,False
flow0000004,9,135,1709,9.978792086041542,10.386318990965801,3.7546750551551575,523.4920529723167,19.25599256902933,True
flow0000004,9,136,1685,50.952582949765144,3.8654938893212947,2.4193729734829037,262.26702150702477,24.376147463917732,False
flow0000004,9,151,1832,15.777713204032647,14.48353239165488,6.851716082059096,109.77617816627026,143.60843354463577,True
flow0000004,9,150,2027,2.2985085244986756,4.163697241791721,2.1300112668091957,903.6119685173035,85.79555534571409,True
flow0000004,9,152,153,71.48143450093177,13.894011830618503,2.3993722117080543,649.6364565938711,25.047773867845535,True
flow0000004,9,157,160,10.15247423754678,14.183445906812768,5.520484897721176,153.6423839405179,92.30927879363298,True
flow0000005,0,0,1,47.49461653371611,2.4070392431960377,2.4608909628620843,2805.3063567504287,54.76030817627907,True
flow0000005,0,0,88,41.29422611633003,2.4009865207165815,2.872345718407948,2805.3063567504287,55.49944745749235,True
flow0000005,0,1,88,8.206001742308835,3.5354212612620826,5.520321866565736,54.76030817627907,55.49944745749235,True
flow0000005,0,59,909,12.142547149653398,0.9960722740503287,2.2361290686458504,178.94842605292797,22.39773179590702,False
flow0000005,0,2,127,11.207948188685808,7.00638572362008,6.927614261734706,303.4519757553935,134.09786900877953,True
flow0000005,0,102,103,5.39377334942345,8.332061675588085,2.0617478533810365,93.13121764361858,94.33323457092047,True
flow0000005,0,8,10,15.33603089157149,9.814013167240683,2.0019188140942523,174.08256047964096,88.48540358245373,True
flow0000005,0,8,11,3.588224079078136,6.953785117455845,3.5574078607315838,174.08256047964096,311.2202623486519,True
flow0000005,0,10,11,21.371486862001667,13.557795180396374,5.510293623793622,88.48540358245373,311.2202623486519,True
flow0000005,0,148,1510,6.278405061146029,9.638006181948674,0.5622449109502128,91.39881084859371,21.693782314658165,True
flow0000005,0,95,1089,2.784151231692028,13.490073429064834,0.9865212647552303,113.15373619645834,25.60841739177704,True
flow0000005,0,15,16,3.0452636640369053,9.421263496827969,3.027385401567427,122.08263992518187,99.84270393103361,True
flow0000005,0,18,573,6.401438352203078,4.1195365139758,2.8870403908971802,507.8679067417979,47.1162208840251,False
flow0000005,0,24,410,12.01894000912608,7.28232565954926,1.562747051869053,319.09570836275816,41.298963487148285,True
flow0000005,0,125,153,76.77024152599833,0.7343329354093566,1.464567591930593,197.94328390061855,302.42813847213984,False
flow0000005,0,125,1585,52.90556044251953,0.9362852110935278,0.9540211568994764,197.94328390061855,25.511287793517113,False
flow0000005,0,153,1585,5.212501221305688,0.6938072885381357,0.8628648674473516,302.42813847213984,25.511287793517113,False
flow0000005,0,48,66,45.007722482061766,3.2000151495217817,2.9988818351018622,383.2952507659793,287.5230681747198,False
flow0000005,0,20,816,7.909696268250607,14.50572563736574,7.845665190885866,461.83603397011757,45.45817306637764,True
flow0000005,0,21,26,17.60581500127302,6.0096132425564,5.41929370357228,86.43613165616989,280.64725981652737,False
flow0000005,0,26,33,19.75294184055371,11.903629272504071,5.102376548339349,280.64725981652737,522.0109047442675,True
flow0000005,0,28,42,9.009708024694067,12.621758543197464,6.587708874646629,142.87200421094894,172.42610247433186,False
flow0000005,0,38,39,5.265744518599372,0.9629355847854146,1.665703562565943,112.25043088197708,68.18105013668537,True
flow0000005,0,32,504,5.158445728354253,1.9537440603837541,0.07502971083940971,31.045436948537827,28.41068172454834,False
flow0000005,0,46,58,6.981357086728028,4.0015794346160485,6.952317895783773,664.2536419928074,76.80694203078747,False
flow0000005,0,37,62,5.635297557796131,0.960578148930078,0.521570699990479,461.45977906882763,45.56087603420019,True
flow0000005,0,77,81,74.61876981736515,4.737890375755452,1.7009075542078367,534.4933157488704,405.3982479274273,True
flow0000005,0,135,152,4.206741581579475,3.3749727361883597,2.4938749375315608,375.74733632057905,36.09616882354021,True
flow0000005,0,135,1592,31.522013359248362,3.4223228173139266,2.9853876570403552,375.74733632057905,22.916499003767967,False
flow0000005,0,152,1592,1.5628386134776893,0.618690278452918,1.1540589273731618,36.09616882354021,22.916499003767967,False
flow0000005,0,89,91,51.596788241240056,0.4076592406506501,1.2962043356469592,125.36752458661795,561.4671214446425,False
flow0000005,0,92,107,10.385001867448054,6.356562876420827,3.8446668759026488,915.4391497448087,54.29679396003485,True
flow0000005,0,156,1669,53.72786146901389,2.167389314497028,1.4541438961413846,307.7677081152797,21.991380780935287,False
flow0000005,1,0,1,2.13690623768946,0.8431706467207907,2.136790687512855,1497.6104240715504,99.70242109894753,True
flow0000005,1,0,57,15.106467447843087,2.808557379121134,3.414805534260413,1497.6104240715504,94.66140250116587,True
flow0000005,1,0,547,0.7879679447992078,0.9471315387738598,0.7070922899606713,1497.6104240715504,1937.460494093597,True
flow0000005,1,0,604,4.736917863336799,1.1814141859976222,0.6875561419504546,1497.6104240715504,675.3810067549348,False
flow0000005,1,1,57,11.762163726059576,2.548073035918956,3.2597097335565075,99.70242109894753,94.66140250116587,True
flow0000005,1,1,547,1.6040450896172587,0.8491975329159892,1.5290170845772806,99.70242109894753,1937.460494093597,True
flow0000005,1,1,604,61.30364979739731,0.3399111123157028,0.9142708077278191,99.70242109894753,675.3810067549348,False
flow0000005,1,57,547,15.403182187903758,1.8730582622091838,3.8324644025792622,94.66140250116587,1937.460494093597,True
flow0000005,1,57,604,19.830976479132012,2.556206252685023,4.971899510316888,94.66140250116587,675.3810067549348,False
flow0000005,1,75,80,57.76101991611201,12.439745813991982,3.0321058225302004,826.5801980346441,55.16952606290579,True
flow0000005,1,547,604,4.484653470975409,1.055250229543716,1.2027397870337135,1937.460494093597,675.3810067549348,False
flow0000005,1,14,15,10.67221009879421,14.55617566834466,7.307089519221916,148.97555354237556,134.17987222224474,True
flow0000005,1,38,74,8.45338852995316,5.156695141308293,3.0416112980857366,268.79937233030796,137.72302629053593,False
flow0000005,1,88,1020,77.89578910284666,14.174317168364409,2.293629067141376,807.406367406249,25.624340660870075,True
flow0000005,1,149,1494,3.4367733341626585,3.2213832724140037,3.1226557961226944,461.4608883410692,22.994998581707478,False
flow0000005,1,167,1744,41.87836215962273,4.2863688133853115,1.6561592636153593,918.4382220357656,34.15708285570145,True
flow0000005,1,67,710,1.9157199571575436,1.9099847982161855,0.9504090049489305,234.83607432246208,23.395936265587807,False
flow0000005,1,113,146,45.03626485811422,1.9501327445590084,2.9743247629022553,42.3920671120286,552.1239071041346,False
flow0000005,1,30,681,6.066596817287451,3.16975533648965,3.6984392260854264,559.7584370151162,19.459168203175068,True
flow0000005,1,30,751,16.983233952560667,7.183760676134918,3.1211777347600282,559.7584370151162,29.29025974869728,False
flow0000005,1,99,751,14.53300689143149,10.151146523516807,2.8681565212394706,84.72840464860201,29.29025974869728,False
flow0000005,1,681,751,5.491492328412024,5.126985315120019,0.21829395101715718,19.459168203175068,29.29025974869728,False
flow0000005,1,1029,1031,20.095578564922974,8.95368791326104,6.167042475261956,131.32665461301804,41.327146247029305,True
flow0000005,1,98,970,1.757371371664152,9.391919425514,1.4180851793787959,262.3791144117713,33.9413275718689,False
flow0000005,1,121,122,3.5317149785289805,2.9450987463528495,3.472133192338355,252.18960178643465,47.21335010975599,True
flow0000005,1,121,126,3.5702677304364876,4.661586814435597,2.426280463126711,252.18960178643465,434.3948887512088,True
flow0000005,1,122,126,19.767465678359077,3.6302153745335692,3.875799297747254,47.21335010975599,434.3948887512088,True
flow0000005,1,139,1402,1.4391683390614092,6.100361253999986,0.3007327496428062,73.34929130226374,25.83229250460863,False
flow0000005,1,162,164,11.928041133467962,5.037482682423192,2.9593057621342,669.727113686502,137.91473811119795,True
flow0000005,1,44,54,69.55182262456066,0.4086629322980692,0.77826967819622,177.98907502740622,533.7885722666979,False
flow0000005,1,123,160,49.83216214405774,3.964614525765439,6.148604492540932,242.9043461382389,92.27886539697647,False
flow0000005,1,90,104,22.06711621425616,12.315762983627906,4.418176018059642,63.7896845638752,43.89311531186104,False
flow0000005,1,104,1089,7.2191464185049785,14.335593553530504,3.4812539340741457,43.89311531186104,168.50414476543665,False
flow0000005,1,59,581,34.505191590937585,3.9429673829686562,4.354378114407611,626.4207662045956,23.52475220710039,True
flow0000005,1,79,581,56.62374602725418,1.179177939132031,4.179035631952117,82.53726003319025,23.52475220710039,False
flow0000005,1,124,125,7.089142313495587,3.046474708295373,6.084488082928056,191.02591562271118,77.30484910309315,True
flow0000005,1,124,131,32.03570972946349,6.050453212850792,4.458718334736439,191.02591562271118,56.33507935702801,False
flow0000005,1,92,93,7.233176040706651,7.788297507122942,4.945791092519657,149.03366962075233,56.39208275079727,True
flow0000005,1,118,1406,77.62929169552464,10.202631758023474,2.687257637709891,604.7796865403652,33.889737829566,True
flow0000005,1,105,1124,3.6057862706538564,5.524748009775945,3.0714134884043216,251.84312345832586,27.172838419675827,True
flow0000005,1,111,1212,7.818211555724221,13.706335920289197,3.93266203875275,129.48852214217186,24.282521426677704,False
flow0000005,1,147,150,55.49735201971337,12.070709191591442,3.2039355618003786,715.4688904806972,35.7248475626111,True
flow0000005,1,129,1347,20.898190148516328,4.1689763719429695,1.079269065889008,184.57365425676107,22.2978957593441,False
flow0000005,1,136,137,4.189613342150309,5.330569561263168,4.064921640975829,1100.9998442977667,140.2845382541418,True
flow0000005,1,136,1385,2.6194614352949626,6.052772203118082,2.3751493415210048,1100.9998442977667,1411.2149087041616,True
flow0000005,1,137,1385,4.276701263969691,4.135545719425961,3.8328817846816277,140.2845382541418,1411.2149087041616,True
flow0000005,1,138,1460,4.454638155945648,10.747906796284234,4.425305706849187,149.50053047388792,350.58682581037283,True
flow0000005,1,141,1732,12.604746720818,5.315139545846229,2.980646928733117,756.7159437835217,29.01893474906683,True
flow0000005,1,158,1301,12.599226809262229,4.740795320406595,4.951496421502251,199.1403637751937,67.61260315775871,False
flow0000005,10,1,2,2.26006407899996,9.36305208126216,1.6585011064340356,469.24859473854303,466.5442576408386,True
flow0000005,10,1,70,13.687050897687746,7.28885793023715,3.91230123319837,469.24859473854303,74.0045176371932,True
flow0000005,10,67,671,14.280974420517596,6.5604024590828205,1.3816524311535006,71.55765114724636,26.78288746625185,True
flow0000005,10,70,71,4.338582600262277,2.384862338545237,4.0297309255393055,74.0045176371932,62.00489129126072,True
flow0000005,10,77,78,42.77172276110638,12.265183390317015,6.76616359066981,262.58993422985077,53.89585633575916,False
flow0000005,10,77,795,3.324635503653029,6.895759744068147,2.759793796030952,262.58993422985077,182.77946493774652,True
flow0000005,10,21,29,40.62384610842117,0.0529792593652736,1.314945449259684,823.5301712825894,103.20608837157488,True
flow0000005,10,21,30,23.89995246780935,5.614648639068361,4.330860499954551,823.5301712825894,154.99614636600018,True
flow0000005,10,29,30,10.066178398722363,5.631386164795091,4.310844893336641,103.20608837157488,154.99614636600018,True
flow0000005,10,22,41,62.65193185321481,0.46880805159215955,2.728567201248706,267.3494397178292,524.8499524667859,False
flow0000005,10,54,83,63.220669175430785,1.1660377314302242,2.4263723752989974,599.4092264771461,101.04854003340006,False
flow0000005,10,24,333,5.64307510143153,2.434581534569716,0.2642658226651586,61.85043873637915,74.69795754551888,False
flow0000005,10,31,397,6.699628361645177,6.964813986954848,6.4701281058506295,104.47927833348513,69.55646608769894,True
flow0000005,10,48,524,10.680069638906867,1.1271330514527134,3.579492591551418,148.24660416692495,2083.113581292331,True
flow0000005,10,89,997,38.80914057669158,2.526645056347353,1.8025868263070246,251.1071642562747,35.32868683338165,True
flow0000005,10,53,578,37.41630754672431,10.085103011599797,0.9798776050237391,840.1799124032259,40.1947126686573,True
flow0000005,10,99,1072,8.392982353250465,5.16377290371237,2.847282448088167,824.7747050598264,13.747956790030003,True
flow0000005,10,80,92,36.824779273403855,3.2243995783207824,2.895543080804757,747.2181014567614,128.01167395710945,True
flow0000005,10,80,93,25.496303205479222,3.4773987853151613,1.8639202243042439,747.2181014567614,66.70484174787998,True
flow0000005,10,80,94,3.50216489100832,3.7278551965061784,3.283556207887146,747.2181014567614,748.0456154793501,True
flow0000005,10,91,95,6.293229150746468,3.4946194390674155,1.6063613703298372,273.086762227118,314.047525934875,True
flow0000005,10,92,93,12.23486653133293,6.699075142975382,5.133741076436457,128.01167395710945,66.70484174787998,True
flow0000005,10,92,94,6.25685437744175,2.0864899130236383,3.60388144716254,128.01167395710945,748.0456154793501,True
flow0000005,10,93,94,27.13852420456381,6.9480553947353965,6.447897756470686,66.70484174787998,748.0456154793501,True
flow0000005,11,1031,1111,6.000164537596715,0.9646684431279143,0.577277593241005,43.18359283357859,83.80662970244884,False
flow0000005,11,2,3,15.583073873377657,2.3897643346838304,2.6402365598253486,1543.4752687364817,117.58427143096924,True
flow0000005,11,2,4,6.628628894631254,4.72046517617621,6.628626505737955,1543.4752687364817,745.68266248703,True
flow0000005,11,2,5,43.75804295759869,8.412903251590738,2.6573542125089737,1543.4752687364817,162.85519238561392,True
flow0000005,11,2,135,23.886120889474547,3.0124581223081437,1.5484215053569361,1543.4752687364817,36.40539041906595,True
flow0000005,11,2,1222,2.6299012827696577,3.776467148892791,2.5771044727061545,1543.4752687364817,1896.2401870265603,True
flow0000005,11,3,4,17.11710264728073,2.677837381408603,7.317959206425672,117.58427143096924,745.68266248703,True
flow0000005,11,3,5,20.380402397325675,9.155520155793731,3.1498581193035884,117.58427143096924,162.85519238561392,True
flow0000005,11,3,135,2.289151789056308,0.6227288761231885,2.275535913741781,117.58427143096924,36.40539041906595,True
flow0000005,11,3,1222,16.611103644098467,1.39503091896221,6.437111075225861,117.58427143096924,1896.2401870265603,True
flow0000005,11,4,135,35.928224137144156,2.266137972259275,6.902556348242978,745.68266248703,36.40539041906595,True
flow0000005,11,4,155,36.80456923221509,5.674816217125574,6.9476750520236745,745.68266248703,52.060109719634056,False
flow0000005,11,4,1222,2.2369563273116335,2.091359403903483,2.236208234268489,745.68266248703,1896.2401870265603,True
flow0000005,11,5,135,15.937489462060093,9.445034741382484,1.8916661430128212,162.85519238561392,36.40539041906595,True
flow0000005,11,5,1222,44.395649682266544,9.987330336603943,5.230838885771344,162.85519238561392,1896.2401870265603,True
flow0000005,11,112,121,77.03776505578041,7.796961275024541,5.970030714130846,54.200937777757645,547.9075244143605,False
flow0000005,11,112,138,43.816334580679886,1.6722787449547798,1.2811661111609483,54.200937777757645,46.990111500024796,False
flow0000005,11,112,1197,71.46912902954863,6.529441431149274,1.9769613256106826,54.200937777757645,64.28695525228977,False
flow0000005,11,121,122,6.9023858440404915,11.381174736514605,6.894024486441701,547.9075244143605,63.759431302547455,True
flow0000005,11,121,126,13.81041083502908,5.454096844312767,2.7616467554261472,547.9075244143605,81.9661063477397,True
flow0000005,11,121,1057,8.395288762197032,6.9959925992548095,6.511635388739248,547.9075244143605,257.64986741542816,True
flow0000005,11,121,1134,28.922931527506037,9.656394207674348,3.9366940325244695,547.9075244143605,505.2775711864233,True
flow0000005,11,126,1134,23.70412046502478,14.107673399151366,2.0852391328411586,81.9661063477397,505.2775711864233,True
flow0000005,11,135,1222,24.66543276410646,0.7811122992540164,3.63321714758463,36.40539041906595,1896.2401870265603,True
flow0000005,11,138,1197,4.940591290617499,6.777111359567678,1.67732699942387,46.990111500024796,64.28695525228977,False
flow0000005,11,153,155,7.196313112911164,13.317291045271181,3.5466923800900365,98.82905242592096,52.060109719634056,True
flow0000005,11,62,70,5.888310166783793,0.7778108823574181,2.257659810106419,384.3619249612093,28.77101644128561,False
flow0000005,11,11,15,16.87189837479734,8.617856543129498,1.7070734884837269,161.80714896321297,183.87909917533398,True
flow0000005,11,14,408,21.34249635033964,6.724310905263942,7.4422935198376905,176.92510779947042,32.523715510964394,False
flow0000005,11,21,23,22.02948362956028,4.295679754281965,1.9131389903409546,476.23857671022415,48.069682247936726,False
flow0000005,11,28,529,29.108895606279003,9.951007606361836,6.854497869480875,119.83655857294798,37.78988289833069,False
flow0000005,11,96,98,2.4208696482758243,5.836991097752079,1.6229394646668822,162.32432255893946,110.5530541241169,True
flow0000005,11,35,439,5.077219913339229,4.973246107853146,0.26002246915585564,422.4807723760605,212.22242687642574,False
flow0000005,11,99,100,9.542316733204922,4.646292675758202,1.2701809521503793,94.3899177312851,26.140241011977196,True
flow0000005,11,25,273,6.80967526100405,2.248968992074242,2.805564604459679,205.70838721096516,23.222377337515354,False
flow0000005,11,69,739,27.19454927687226,9.896121085603998,3.5233427632683525,444.40926103293896,6.93185805529356,True
flow0000005,11,34,429,78.60388627761512,6.576524706396317,1.2615796929008045,365.4535270407796,19.334492206573486,True
flow0000005,11,34,449,70.35328837988381,7.590415550804864,3.740690076519544,365.4535270407796,19.7526266425848,True
flow0000005,11,78,879,5.178317144311798,0.7363002069005908,0.642154966315809,680.141153536737,22.379102006554604,False
flow0000005,11,37,45,12.75791275594373,1.1299993953792626,2.130980430921759,227.99880015850067,71.67086419463158,True
flow0000005,11,43,44,3.354605318787351,4.708234232680949,3.2162354114125904,351.49697829037905,514.3172999173403,True
flow0000005,11,46,504,3.3450823443530737,1.2903372617535989,2.9323144885478496,146.1624621450901,30.560586251318455,True
flow0000005,11,54,64,79.86046288451847,5.178467437751828,4.142336310914462,26.789097502827644,244.24409616738558,False
flow0000005,11,56,60,46.2887895737962,2.033477613911076,2.1767119350185213,451.0411301776767,259.1633388400078,False
flow0000005,11,61,735,79.3495309511387,5.475403421859147,1.1828409230626702,636.7397388145328,20.56548884510994,True
flow0000005,11,85,87,10.097828812810043,10.54283075766132,7.279924756844651,323.97606843709946,199.61024760454893,False
flow0000005,11,85,95,13.739434506497965,2.1931060795889015,6.60622157880892,323.97606843709946,121.85335101187229,True
flow0000005,11,87,88,8.653659344102056,9.464436649033598,4.434725742132944,199.61024760454893,168.12884301692247,True
flow0000005,2,1,2,58.61381209719977,8.654316431779078,2.6453083062775726,1074.9675648510456,700.5881664454937,True
flow0000005,2,2,67,47.14030654531124,7.734697155964265,5.574972273861088,700.5881664454937,393.7559303790331,True
flow0000005,2,2,68,53.798260166211286,12.21015487024475,1.9551081248529756,700.5881664454937,405.77848602086306,True
flow0000005,2,67,68,7.859122360994439,4.914823511078818,4.13629955786362,393.7559303790331,405.77848602086306,True
flow0000005,2,67,81,19.345289561629013,3.712834259198562,6.43440048810653,393.7559303790331,103.32391758263111,True
flow0000005,2,68,74,47.30841344320435,5.817287217844909,6.504528992529469,405.77848602086306,136.448403082788,True
flow0000005,2,73,768,23.70503782792892,11.223138072286872,2.473519243167701,319.99280374497175,83.95964889973402,True
flow0000005,2,74,81,7.36413743476933,7.354731198735122,2.545796680529368,136.448403082788,103.32391758263111,False
flow0000005,2,93,892,19.866723039984006,14.378949511529838,3.3769045480714652,259.3200156316161,138.7825339064002,True
flow0000005,2,7,16,5.425531499000153,1.1839667261239348,1.8870955886328686,449.2340469509363,210.21153213083744,False
flow0000005,2,19,206,21.8825565166718,5.838918617334391,5.139627620979328,759.8930251151323,25.638033777475357,True
flow0000005,2,50,416,70.1500782131365,4.547210203924158,0.7365387718632322,800.6977483928204,83.91156248748302,True
flow0000005,2,52,530,4.725839344901603,3.8287786108481345,2.372737332747537,222.15892822295427,38.553861781954765,True
flow0000005,2,54,491,6.304010755625867,1.4052576435485575,0.2517088336682053,275.0771180316806,32.85921015590429,False
flow0000005,3,12,190,4.74248192392901,10.654940439953352,1.7768615374681629,161.17166534811258,33.08308582007885,True
flow0000005,3,109,993,9.419022486004266,9.823536907717239,5.6884444822349005,47.40267267078161,44.07336166501045,False
flow0000005,3,8,11,5.864920390326405,0.672793148116056,1.068530614254684,611.0478853583336,34.3327120244503,True
flow0000005,3,27,36,2.3552657237054353,3.152312074134166,2.2227519145675987,218.70510084182024,121.6492185369134,False
flow0000005,3,25,278,24.655445399097264,5.167074414222603,0.6647807990502168,821.7549346089363,59.469335325062275,True
flow0000005,3,121,122,3.18964614408203,7.639049005537679,2.12463997526166,68.1300970390439,77.21806968003511,True
flow0000005,3,128,129,4.744993024776579,5.1648725495818955,1.6493708855340081,139.29158727824688,65.85758615285158,True
flow0000005,3,139,141,27.66510799526823,12.564359383108687,4.5330898116148814,268.22009985148907,535.131981857121,True
flow0000005,3,139,142,24.5206286118524,4.564164041251776,5.493105671160354,268.22009985148907,117.47026234865189,True
flow0000005,3,141,142,10.544936615705076,13.116880691250222,5.810323909963033,535.131981857121,117.47026234865189,True
flow0000005,3,47,559,54.213139643974046,3.046237252286183,2.100436248026199,462.4503362327814,22.42400509864092,False
flow0000005,3,51,80,56.063270141633815,11.054250036292295,5.581350397640798,808.7243039906025,65.38372229039669,True
flow0000005,3,49,61,50.262403069111215,10.090712017291128,3.3390554218006896,95.31392180919647,276.11306443065405,False
flow0000005,3,57,70,53.750544432187866,14.777729766789836,6.244587570102275,678.5725801363587,75.23901753127575,False
flow0000005,3,57,571,51.379745798908374,10.290852244935436,6.053406878541469,678.5725801363587,97.05381229519844,False
flow0000005,3,62,69,3.444597848405095,2.265171186631236,1.916376043313557,46.763529516756535,163.96198948472738,False
flow0000005,3,64,67,20.291378211232832,6.423841621513834,1.2583639510342777,161.57308268547058,260.8540263324976,True
flow0000005,3,78,681,15.813362551227213,11.674517372648374,1.8476373659855614,98.54180425405502,44.362202778458595,True
flow0000005,3,93,94,32.15255793147433,10.391341742723128,4.839928736398983,78.5274059921503,138.97599540650845,True
flow0000005,3,77,741,19.724103815245318,4.482274642353563,1.9641843314612968,127.75738544762135,78.64841928333044,False
flow0000005,3,96,100,74.23281391023116,7.122350794152223,7.7205400526707395,58.42638786137104,106.77026158571243,False
flow0000005,3,97,872,14.383763745807661,9.355685683716374,3.7731726325365313,149.6422425583005,80.63065744936466,True
flow0000005,3,98,100,12.081183738192216,10.53570102406309,1.8605213678398504,505.7226192727685,106.77026158571243,True
flow0000005,3,102,887,6.510424058137731,11.666042678800972,6.484672873007498,80.98048235476017,35.925952933728695,True
flow0000005,3,75,644,5.164423359590921,2.161430092870888,0.5771013952281794,253.64734356105328,97.99947083741426,False
flow0000005,3,75,756,76.68761165321061,0.7857046242464806,0.5858741969569115,253.64734356105328,29.379906222224236,False
flow0000005,3,89,117,54.90072101228808,0.8012290615933625,2.0732368297157016,33.543892934918404,653.1082775220275,False
flow0000005,3,88,130,57.09384530141729,2.3207063394596923,3.6680451322275256,397.18651301413774,269.63166446983814,False
flow0000005,4,1,56,2.6422559658214166,7.801758446953073,2.6380028284206443,1548.6492404416203,113.90099506825209,True
flow0000005,4,1,80,46.576038147861865,5.923834338883611,7.84589992161011,1548.6492404416203,213.89655489474535,False
flow0000005,4,2,64,14.328796748242192,7.443561850103065,7.295490262362579,233.54902821034193,92.58331096917391,True
flow0000005,4,2,765,22.741874491119,10.52800700233728,5.477419676021345,233.54902821034193,8.260620594024658,True
flow0000005,4,61,865,39.650815083039305,2.806817677706991,1.6098004348184942,292.8892272338271,41.16664397716522,False
flow0000005,4,64,765,9.561078138437725,7.996429804185783,1.0688885443897442,92.58331096917391,8.260620594024658,True
flow0000005,4,80,1165,6.540655533171201,3.7170025325930913,6.516412414789867,213.89655489474535,995.1900536492467,True
flow0000005,4,85,1212,22.046082893274292,5.097693796627045,0.6941588635508712,44.098360903561115,25.050480477511883,False
flow0000005,4,99,110,74.19715047400464,1.080354062390237,2.913777308368597,515.0946566164494,154.26656034588814,False
flow0000005,4,113,1483,0.6925453042831083,6.094086155608459,0.48823574736475206,170.8755349740386,32.62291507422924,False
flow0000005,4,4,1127,8.070725931362002,6.702086872552024,5.781359273936187,1786.5600205510855,73.85293214768171,False
flow0000005,4,68,81,45.97852755106458,4.337234081114441,4.6403052051047595,65.4098355397582,195.06156381219625,False
flow0000005,4,77,1059,3.5631875558551798,14.718099820018312,1.605387677261715,107.61401371657848,44.42000264674425,True
flow0000005,4,79,1130,3.532294356721269,10.293469417239438,3.531876390630015,256.3824083581567,1143.3277521207929,True
flow0000005,4,79,1244,39.61999112952303,12.988870171300903,1.2714796863578144,256.3824083581567,43.7050664126873,False
flow0000005,4,1018,1130,6.01858268333557,4.954484639816391,5.9417256504262745,3002.6915512681007,1143.3277521207929,False
flow0000005,4,87,1296,6.347209433110648,5.870424299597994,0.4552104611039899,43.98483161628246,51.97524009644985,False
flow0000005,4,98,1395,5.492689937151147,4.639682385625584,5.091877225634155,438.22529827803373,30.2126717120409,True
flow0000005,4,112,1485,34.511183834511186,7.7855485567686,1.6976520002920263,272.3296359628439,6.830588653683662,True
flow0000005,4,19,312,26.371809149002406,11.551475571369725,4.278343374652146,81.76627428084612,74.01614085584879,False
flow0000005,4,21,380,8.574969542487084,2.5983451216942908,6.681063976937363,545.8775244653225,43.297918513417244,False
flow0000005,4,41,380,18.76288654715816,3.900660876440254,1.845372064288426,121.1710546463728,43.297918513417244,False
flow0000005,4,23,38,55.776894728745035,0.5608024562365935,0.8512012736684982,570.302242770791,69.8406908288598,False
flow0000005,4,52,71,58.70759904407688,5.5750224169403415,7.216166527070754,575.2146021649241,78.58600199967623,False
flow0000005,4,29,48,63.57695539566812,7.110679198772457,7.34562231815794,58.958051308989525,267.92871364206076,False
flow0000005,4,43,47,5.327903086436327,1.5763036499746135,2.8592283254264186,848.3980156928301,76.65678959339857,False
flow0000005,4,129,1618,0.9016857103883976,4.6582421183260045,0.8481278658519182,51.01700260490179,68.1084407940507,False
flow0000005,4,57,616,4.060775502822036,2.764890192201796,0.25427973688141986,31.4016315639019,22.564444310963154,True
flow0000005,4,75,616,22.183368824483892,13.119478764459132,7.920685735851934,211.36418463289738,22.564444310963154,False
flow0000005,4,793,822,7.1572729982879295,5.650459853369908,4.679726220907373,77.80068648606539,191.5723861157894,True
flow0000005,4,123,146,15.019586776274176,1.2803486590935174,1.831621039829715,922.1749989613891,189.12568253278732,True
flow0000005,4,90,106,41.125406444007915,0.20758320591645874,1.8724646190070127,397.0869975090027,272.7918771132827,False
flow0000005,4,90,1341,19.13666804560336,0.20170586693310857,1.8635151079951118,397.0869975090027,22.58657757937908,False
flow0000005,4,106,1341,5.178266824518902,0.15400533938927297,0.04756949496612222,272.7918771132827,22.58657757937908,False
flow0000005,4,122,136,5.316855115465841,0.9501478975818842,1.2871564283942893,314.4226708635688,375.3136025890708,False
flow0000005,4,133,1649,2.9348673920473543,6.380582608028399,2.9327103359307496,351.5834383815527,815.6001048311591,True
flow0000005,4,135,1577,20.65774267952657,9.822839760189268,3.9361276031836665,78.23267397284508,84.05407170951366,False
flow0000005,5,0,1,3.1202545361146994,9.768045455855606,3.0503406499243777,1639.450465299189,445.68579291552305,True
flow0000005,5,0,496,7.759414039703433,9.298128212471214,7.75426598022494,1639.450465299189,1588.8312245979905,True
flow0000005,5,1,41,16.960745614893494,7.541854390191568,6.084497396618109,445.68579291552305,68.25668315589428,True
flow0000005,5,41,496,15.921658458673154,8.266522569901243,6.9218570394325525,68.25668315589428,1588.8312245979905,True
flow0000005,5,141,1450,5.388981163702825,2.915446725158723,0.929926930710819,68.75140678137541,24.870711348950863,False
flow0000005,5,48,79,50.3457237256448,3.9740273942874524,2.443354454883589,241.24709590524435,320.70598924160004,False
flow0000005,5,48,837,26.441327762655693,1.4345364915438716,3.397297872490465,241.24709590524435,25.618767142295837,False
flow0000005,5,79,837,6.028032457751502,2.5533470888260896,2.5086938090551443,320.70598924160004,25.618767142295837,False
flow0000005,5,103,1304,5.592742378458882,14.331458799646901,1.5850887150243458,263.0905540138483,49.807502292096615,False
flow0000005,5,25,349,3.057952286237861,10.229217723470754,2.7731293928139036,174.1849423646927,198.32829816639423,True
flow0000005,5,73,85,5.558272784617499,1.50746890154962,2.0070550440322186,434.995029643178,171.95685870945454,False
flow0000005,5,11,280,9.184512792911478,4.581680216203254,7.371405117023544,571.7801968976855,28.054486840963364,False
flow0000005,5,24,28,5.851238188802745,9.465900144256906,1.7578528992258533,44.5427683070302,410.2367308959365,False
flow0000005,5,28,59,40.66554594310755,0.8696698052984371,3.8622426166129533,410.2367308959365,248.32162327319384,False
flow0000005,5,62,980,75.28065520273083,2.093015266345639,1.0970437213775268,666.1811083331704,32.290286771953106,True
flow0000005,5,82,713,36.8252472425899,6.538796186504972,6.726675972860797,67.28889164328575,30.39658061414957,False
flow0000005,5,110,1354,3.6533450846812228,11.679189405324596,1.037772206091439,278.3749057725072,64.11673948168755,True
flow0000005,5,137,1632,53.695660371957956,12.860377641735662,4.985227759099246,104.92941828817129,83.36588544398546,False
flow0000005,5,168,169,6.97538056804586,14.523309660734803,6.975123159789329,149.38302114605904,80.23035641014576,True
flow0000005,5,30,36,60.18056689373376,8.782248983066687,3.7582828666699886,1065.0834631621838,120.96787916868925,True
flow0000005,5,36,368,4.722293381621996,5.55463089082486,2.463134524745664,120.96787916868925,281.90325201302767,False
flow0000005,5,139,154,78.68003638513382,1.2486996492799713,1.6947409657417078,455.6550981029868,196.0347707644105,False
flow0000005,5,58,680,5.692173039577899,10.922257723297637,5.007129611634933,136.86621739715338,44.927146166563034,True
flow0000005,5,78,80,5.462547191573444,4.144837411571469,1.6124267149349016,161.49474296718836,477.2006385028362,False
flow0000005,5,46,51,13.117157670767028,6.0635200908198765,1.3510376312887928,145.61821840703487,315.6200676560402,False
flow0000005,5,46,619,26.709183186019064,6.276484260362758,6.85301402666587,145.61821840703487,167.24241797626019,False
flow0000005,5,51,561,3.385507953959055,13.047308798955251,0.28983970127182296,315.6200676560402,19.231152780354023,False
flow0000005,5,140,1427,21.75778819298458,10.219135759352811,3.6850640843803246,171.57932721078396,74.81196633726358,False
flow0000005,5,161,1688,1.3275554880663487,1.0258982347141212,1.3181287139002396,137.9526339173317,22.416361808776855,False
flow0000005,5,65,104,50.53106940484876,6.930658758010645,7.813376031030735,279.14939469844103,316.7711317613721,False
flow0000005,5,156,1449,31.93860500992532,1.258672021975136,0.7726401911914196,269.04665756225586,26.888296753168106,False
flow0000005,5,83,92,52.842742143619276,2.2135346322983773,2.063903767349546,78.2471638917923,582.9324123263359,False
flow0000005,5,83,1313,29.585000215750583,2.6904934748929366,1.2813304958074028,78.2471638917923,48.47730662673712,False
flow0000005,5,92,1313,5.569463855571646,2.076687131970964,1.9434309062408517,582.9324123263359,48.47730662673712,False
flow0000005,5,119,1366,5.438750735988796,11.712768930110752,4.155178623442412,49.27504187077284,151.97621638327837,True
flow0000005,5,96,1109,3.403363378996331,13.124532942877343,2.9453679913076916,242.73333778977394,31.538727462291718,True
flow0000005,5,101,127,70.64963433453701,1.7925190861231004,3.267445279499561,213.47890055924654,162.042330250144,False
flow0000005,5,101,1230,5.439596835290605,3.2851341737676503,1.475208371441708,213.47890055924654,37.862332344055176,False
flow0000005,5,125,1345,36.191365296137704,8.655059140581674,5.503592708081201,648.5744029581547,27.77965834736824,False
flow0000005,6,1,133,37.78848764935193,4.440838589434269,3.0379157292423873,1329.4828684926033,166.77030438929796,True
flow0000005,6,132,1220,43.51964198251497,2.291714155064623,5.217706256309224,354.6665807068348,23.400076247751713,True
flow0000005,6,134,136,23.487936176006304,11.19083971563687,5.923743584318482,176.8115785419941,73.47763036936522,True
flow0000005,6,12,212,6.857058526627305,7.495161109249178,1.535355184851267,56.0202846005559,59.50579823553562,False
flow0000005,6,59,420,16.156007366870014,2.7532219491976715,4.720192018994255,232.1059399470687,25.109713450074196,False
flow0000005,6,59,634,62.48620313944786,3.4702413935166603,1.842859140524033,232.1059399470687,25.788982912898064,False
flow0000005,6,107,116,48.67705075843009,0.8769159645379091,3.1559610468221004,96.4931690916419,437.0798073410988,False
flow0000005,6,9,178,5.71840681735962,5.002032780962128,1.326248215691065,137.16604544967413,16.6376371383667,True
flow0000005,6,36,53,36.980109649010984,0.44944897445719323,1.1043028876308512,1120.9601226225495,351.28408912569284,True
flow0000005,6,31,34,21.56760143419605,13.45921222072105,7.414035962488577,141.06253093481064,49.92262529581785,True
flow0000005,6,32,42,64.9441442402953,0.6167048851992325,0.890893963070464,258.2152910903096,253.11631298065186,False
flow0000005,6,64,775,38.95242964461599,2.0250718428879035,0.6533676911422623,473.945999391377,39.59601287543774,False
flow0000005,6,92,120,41.24390586284657,1.2383193503788226,2.621221867891299,168.51752050966024,427.71047650277615,False
flow0000005,6,92,876,5.567442150467387,0.38915849788630075,0.19034961034614353,168.51752050966024,25.745513200759888,False
flow0000005,6,120,876,20.63249070710199,1.0636579996978184,3.0201414708944307,427.71047650277615,25.745513200759888,False
flow0000005,6,103,889,5.4212782908679005,2.2481757116932433,0.599690251953553,201.11113955825567,27.110898919403553,False
flow0000005,6,103,948,46.494517950514805,2.905196841987635,1.394949522868802,201.11113955825567,17.832170583307743,True
flow0000005,6,125,1032,9.95420462165344,7.618707472011204,7.620846348670758,173.8340044245124,241.10792915523052,False
flow0000005,6,115,122,5.185729712077617,0.2529910998462921,0.5825921326326199,334.2697209343314,501.4798163473606,False
flow0000005,6,76,102,73.34257756380877,0.8144978574894326,1.933128943003173,195.86869503557682,523.3583001643419,False
flow0000005,6,102,110,12.433654574362336,12.685157694994444,5.635556751657257,523.3583001643419,102.8981404453516,True
flow0000005,6,111,975,1.6345056184150377,10.903064969559166,1.2643981812377676,121.77453135699034,36.697415463626385,False
flow0000005,6,111,1002,6.322583296394574,7.248037384988964,0.8894424541963062,121.77453135699034,21.97959741204977,True
flow0000005,7,1,353,4.4309113981305,2.5749298765533624,3.221368088053818,5039.386625260115,3867.3988624215126,True
flow0000005,7,1,501,7.8019954157148605,3.445590281723209,2.3923872929501377,5039.386625260115,358.00910852849483,False
flow0000005,7,68,70,6.2921936805238285,12.964490742796457,6.2706849241136124,622.6905208155513,120.98507573455572,True
flow0000005,7,68,981,3.583174422210095,7.458383574228294,3.55757574269375,622.6905208155513,23.09149144589901,True
flow0000005,7,70,981,7.077048976472045,14.292626164891223,6.96420294289033,120.98507573455572,23.09149144589901,True
flow0000005,7,94,95,8.313429641808721,3.6865860660860728,0.3399892888730521,155.22941510379314,92.58474387973547,True
flow0000005,7,108,117,19.94984128588202,7.059890268613289,4.024979373608128,391.4681325852871,107.14476618915796,True
flow0000005,7,108,120,22.662330102538263,13.647421227970826,4.878342260285983,391.4681325852871,38.10961425304413,True
flow0000005,7,117,120,4.280025787479053,14.341421736011702,4.253546472822414,107.14476618915796,38.10961425304413,True
flow0000005,7,353,501,4.504264375009873,5.520718802232452,1.1879549348200185,3867.3988624215126,358.00910852849483,False
flow0000005,7,3,925,76.88364970740524,7.456968958005752,1.6730681955799536,1044.48374389112,30.68526228517294,True
flow0000005,7,4,5,6.956419236542178,13.720281257042531,1.3211964622671284,706.6644956022501,682.2345353290439,True
flow0000005,7,6,7,18.47761507002088,12.707905955017491,1.8496603580546396,948.0208150818944,156.7683596611023,True
flow0000005,7,6,1549,2.9276541076786207,10.289146018397263,2.285033550963119,948.0208150818944,701.2859091162682,True
flow0000005,7,7,1549,16.903009696518254,4.03225899406218,1.790841930967176,156.7683596611023,701.2859091162682,True
flow0000005,7,49,50,11.831790301907182,14.266449963539884,6.647607144046952,155.79929548501968,87.15250109136105,True
flow0000005,7,49,804,10.98422974590402,13.108707341582475,4.921962061144027,155.79929548501968,80.08147686719894,True
flow0000005,7,135,136,10.027233494153373,13.740706964759273,3.2778101387071925,123.670624576509,54.31797069311142,True
flow0000005,7,135,1600,9.559229320045752,7.72810377770928,0.6929398842861264,123.670624576509,50.60858140140772,True
flow0000005,7,63,1219,7.347006629697218,9.197406169225198,4.553849486157331,205.01988039165735,32.9563397616148,False
flow0000005,7,89,91,5.398869535972882,14.175432037802503,5.11304316971096,379.6549619063735,117.76197004318237,True
flow0000005,7,89,1102,72.29713061358574,4.318957186868371,2.0619914158003176,379.6549619063735,24.834884956479073,True
flow0000005,7,28,598,60.41091744069421,14.18918290892215,6.114350341864181,299.1641093567014,201.98052529245615,False
flow0000005,7,109,1453,39.374246060599084,10.914836371134037,3.7587536242094006,469.407830953598,24.073772557079792,True
flow0000005,7,147,149,6.911397521697528,5.438434494241114,1.7155018905977244,112.32909073680639,65.55935160815716,False
flow0000005,7,39,852,39.286455745026466,8.737004617763338,2.286597254598784,155.20855570584536,28.04620712250471,False
flow0000005,7,132,1594,5.497324930623672,3.9393798696209625,0.43981577273579336,141.45295839756727,26.308386713266373,False
flow0000005,7,78,1048,5.137342957517708,1.6110396306850454,0.3578365173140717,433.09097366034985,27.33541102707386,False
flow0000005,7,140,1609,6.498988173288595,6.8600685159019035,5.2810089847026935,62.05170430243015,66.91343034803867,False
flow0000005,7,85,88,29.906424820773832,2.948837225336235,1.199600866838143,976.010984621942,195.9124822691083,True
flow0000005,7,85,92,11.277172937255596,7.3033842268420175,3.3146976938894595,976.010984621942,176.9653936177492,True
flow0000005,7,88,92,12.545231684130231,4.614048797165139,2.7482265820847633,195.9124822691083,176.9653936177492,True
flow0000005,7,88,1201,24.386931328806128,3.983722478956932,5.64864941408196,195.9124822691083,72.0523752272129,False
flow0000005,7,87,126,70.395669577483,0.1893153625176574,1.6602743459735616,512.5419040545821,185.32728391885757,False
flow0000005,7,103,123,29.800752482773554,0.9978340646874594,3.427129883682417,413.87080781906843,239.09337159991264,False
flow0000005,7,121,122,10.34297595878999,7.131428660259999,2.5866858534448403,116.7610595151782,64.347621537745,True
flow0000005,7,138,1601,1.857873304512499,7.972587309231811,1.2041633420422264,60.18140472471714,39.98309735953808,False
flow0000005,7,148,1724,38.11022174113831,9.15690249328799,2.6673089142020734,209.44261598587036,31.108173370361328,True
flow0000005,8,0,704,55.955427094574794,5.038806518055049,7.017773404438349,520.1673573330045,53.67612084746361,False
flow0000005,8,3,106,10.199532368053658,6.24287455149947,4.628845471970647,273.955036662519,50.43852573633194,True
flow0000005,8,4,129,31.697580139226538,1.4473943815084718,4.450154107345592,613.8803930357099,1013.2803391888738,True
flow0000005,8,4,140,12.2156643156493,6.224667167740594,5.409066479411853,613.8803930357099,87.93925000727177,False
flow0000005,8,4,1534,5.9327749909919305,3.0266577083194917,4.541947906621428,613.8803930357099,1130.1544583886862,False
flow0000005,8,6,135,32.37235937345075,2.693340893299718,1.3219135432128557,324.7037402689457,138.46168852597475,False
flow0000005,8,121,1326,2.783415411790631,5.364043584754779,1.9395666651516692,84.65611477196217,56.37361258268356,True
flow0000005,8,127,129,19.702138894434228,10.664159854540559,7.784464348077737,146.59572318196297,1013.2803391888738,False
flow0000005,8,127,132,13.346352546880793,7.789276452971452,1.1829317020195027,146.59572318196297,186.295712582767,False
flow0000005,8,128,134,14.855527044116922,2.3476460349695474,0.691716411502438,280.17992178350687,179.3853504806757,False
flow0000005,8,129,140,39.41468297985805,5.067119210166504,2.354561593937927,1013.2803391888738,87.93925000727177,True
flow0000005,8,129,1534,1.4773346736960244,1.8681520508984175,1.3633105332664501,1013.2803391888738,1130.1544583886862,True
flow0000005,8,130,138,5.419845230737627,6.16243575302019,5.405070467291436,308.950935728848,437.42723878473043,True
flow0000005,8,132,135,7.693254114231469,7.02764514621456,7.081072144283253,186.295712582767,138.46168852597475,True
flow0000005,8,140,1534,7.7408432973742975,3.2212888564664994,3.4442849020379445,87.93925000727177,1130.1544583886862,True
flow0000005,8,184,1983,1.6747061420051252,9.431697662338808,1.4343212235179386,94.12957914918661,41.06123448908329,False
flow0000005,8,5,186,43.37879560786307,0.5462374452256791,2.3935330540125412,739.4858135059476,140.04059916734695,False
flow0000005,8,35,72,42.299109838753154,0.7510080871223965,2.137173577476442,110.77358551323414,558.3589790612459,False
flow0000005,8,35,814,21.94640054498544,1.179300469793255,1.155453717404647,110.77358551323414,22.530687645077705,False
flow0000005,8,72,814,5.710792412255064,1.818872501811176,2.1346683121013,558.3589790612459,22.530687645077705,False
flow0000005,8,99,1042,31.1446167820838,5.612570095434537,1.6865728983675703,136.43868968635798,11.523692414164543,True
flow0000005,8,99,1146,6.135603988706825,13.47316587119131,2.479659469952032,136.43868968635798,66.00630561262369,False
flow0000005,8,111,143,4.79590251442676,9.415073721761258,4.7603176508836516,173.19438210129738,139.2019416242838,True
flow0000005,8,148,1650,10.450803841555071,3.9389051166273252,2.280942792972236,119.0184433311224,36.57687954604626,True
flow0000005,8,182,183,9.107725260757167,3.7217082276738798,1.5132260441492058,175.9568396061659,118.26147121191025,True
flow0000005,8,215,2138,29.277551849316264,0.4106928878551336,0.8267110193194549,113.08399333804846,27.775518357753754,False
flow0000005,8,196,218,65.82981419491706,10.72754737549773,5.168950110409824,721.8566613793373,35.08904775977135,True
flow0000005,8,214,2477,4.4883732520448865,5.041143824800162,1.2292089988935977,134.84385543316603,30.86917132139206,True
flow0000005,8,13,14,6.535329069092265,5.212670790356698,1.9029788864140202,879.1788063272834,194.24488093703985,True
flow0000005,8,13,2300,4.3856137231073795,7.7376922145871765,4.382887260482157,879.1788063272834,1728.6358357593417,True
flow0000005,8,14,2300,3.567751370763638,3.3016080598447965,3.1453172423686646,194.24488093703985,1728.6358357593417,True
flow0000005,8,102,118,14.286003531355874,12.913390438674762,5.127433429130531,808.8862364441156,65.68466398864985,True
flow0000005,8,41,45,9.382900404287675,4.170778385717958,5.314832842775805,321.6299924775958,566.640773229301,True
flow0000005,8,41,50,52.10992152783726,4.730484812060796,5.0795332278911856,321.6299924775958,197.36783395707607,True
flow0000005,8,41,54,12.057422417631685,3.5088263147461682,2.570447835345964,321.6299924775958,147.86732263863087,True
flow0000005,8,45,50,6.3095447141703715,6.967024958134641,5.605787477914379,566.640773229301,197.36783395707607,False
flow0000005,8,45,54,67.00896424876319,7.673723952858156,7.841508945500484,566.640773229301,147.86732263863087,False
flow0000005,8,65,833,33.343483633917366,6.41893032750362,2.1432689383304413,291.20252426713705,19.60661408305168,True
flow0000005,8,163,179,5.350830086565989,2.211652074272276,1.1470519910622554,158.87989104539156,46.295715130865574,False
flow0000005,8,173,1909,25.650872902661114,7.509822970663178,2.50139346778021,286.49397073686123,38.80942364037037,True
flow0000005,8,173,1950,5.631360380638507,13.764947616431172,2.1279545014547456,286.49397073686123,263.98254685103893,False
flow0000005,8,69,795,4.438186317853112,10.006454982579791,3.5599101588278836,100.92275096476078,35.680741146206856,False
flow0000005,8,89,95,10.76037291238422,5.508054982576101,6.4773059683960925,343.24559400230646,254.41864272207022,True
flow0000005,8,89,96,71.16170966648001,13.394161608077512,6.800990137319104,343.24559400230646,62.16539358347654,True
flow0000005,8,89,940,5.165232634007832,0.5415839624706658,0.44830994957892484,343.24559400230646,23.5976784825325,False
flow0000005,8,57,62,6.284015584402185,7.09066209888095,0.8219855414630005,81.06184843182564,61.90155164897442,False
flow0000005,8,67,71,26.667956812326892,6.670226464474655,1.411428909674679,706.0995592698455,73.77395545691252,True
flow0000005,8,74,76,4.684495354127374,6.929545309254216,1.4621127337655437,117.2349233776331,79.78467524051666,True
flow0000005,8,74,858,2.682912865239368,1.6777657408554987,0.6451028650612644,117.2349233776331,24.825968205928802,True
flow0000005,8,76,858,2.0747382013834876,8.471941136690004,1.149033561713817,79.78467524051666,24.825968205928802,True
flow0000005,8,78,82,4.617332335687393,4.149122655900658,2.9357440855916863,150.35049202293158,104.85107884556055,True
flow0000005,8,80,83,40.16005352995376,9.870323316089452,2.4247222290163757,340.9168744534254,89.57516428083181,True
flow0000005,8,86,939,4.113905465123604,1.220864161975982,2.503034080997527,153.95463206619024,46.237279035151005,True
flow0000005,8,109,934,14.10412683654188,3.1455247204742736,4.217119727036254,216.54755279421806,212.090744741261,False
flow0000005,9,2,123,35.543373374584775,5.516335841675435,2.4128815495723948,697.6228596270084,34.029540345072746,True
flow0000005,9,5,203,18.939760435116426,14.811378199899693,1.5653873851174565,169.5341920927167,37.85675885528326,False
flow0000005,9,82,97,63.31383591800201,1.2333829118251165,1.4645595558246207,55.85070529580116,681.591725744307,False
flow0000005,9,104,136,57.4401945993837,1.582151076096342,5.86882889781194,84.02365876734257,403.68479043245316,False
flow0000005,9,39,47,50.63390881728631,4.583931846021176,1.6657003435456084,348.0176778808236,73.0754194483161,False
flow0000005,9,41,69,51.26922888035235,3.8247824095441234,6.869827891468419,114.73360019922256,259.23419523984194,False
flow0000005,9,41,456,5.878997316576482,11.437268597382381,2.0236743905951036,114.73360019922256,172.68262073397636,False
flow0000005,9,69,456,10.941212681287139,10.191216520259829,7.33054598769116,259.23419523984194,172.68262073397636,False
flow0000005,9,17,273,10.28931587370647,8.780292816279493,5.739447779382336,169.28484321385622,29.04297833889723,False
flow0000005,9,28,38,25.89862968585003,7.600007860722575,1.839736489745045,85.0793458968401,335.0168200060725,False
flow0000005,9,28,355,3.788788553362876,3.528886134826548,2.14422515685811,85.0793458968401,21.046995975077152,False
flow0000005,9,38,355,6.372005486989714,4.282447730826689,3.6105079652584413,335.0168200060725,21.046995975077152,False
flow0000005,9,132,1258,4.7862437947504315,3.1531471861918177,1.4004052896230814,451.9203826710582,1834.415220655501,False
flow0000005,9,133,1258,9.09636010969969,5.9869161538181785,3.719584587584846,461.73141176998615,1834.415220655501,True
flow0000005,9,925,927,16.829612155607677,6.3030152586919,4.43404730139779,53.466735385358334,89.4689578562975,True
flow0000005,9,925,1024,5.201362954510944,7.145978228311385,0.5224598018701132,53.466735385358334,65.70743384212255,False
flow0000005,9,927,1024,37.05280914731412,12.923255844961197,7.176005540516471,89.4689578562975,65.70743384212255,False
flow0000005,9,26,34,31.381197062969672,4.5672435761297026,7.793734494950952,142.06232520192862,42.17583500593901,False
flow0000005,9,27,33,5.877996563979314,0.830706271395677,1.332660926892657,93.05367184430361,54.92081093788147,False
flow0000005,9,31,382,5.669258191328407,4.767092750418837,1.1866411688771081,153.68681025505066,48.00551265478134,False
flow0000005,9,34,63,30.788140267935702,5.937345909415717,6.918834787335251,42.17583500593901,72.84167093783617,False
flow0000005,9,42,63,54.85951889207454,14.09516529970343,5.520574284851061,222.35143738240004,72.84167093783617,False
flow0000005,9,62,560,6.93127190592859,6.54798281487945,1.1952626168383214,102.36424621939659,46.44666462391615,True
flow0000005,9,106,871,1.1222734909520165,3.913589984619462,1.116379788515423,491.83564503490925,902.3532485812902,True
flow0000005,9,134,1117,5.183822060810806,1.6819206567437677,0.2593953691456457,442.9553421884775,39.84058777987957,False
flow0000005,9,560,562,6.025106611234135,14.274268491211954,4.557294124813201,46.44666462391615,33.3338707908988,True
flow0000005,9,29,43,9.185419431702002,5.849360363441059,5.342675153782303,229.28918893635273,184.65518099814653,True
flow0000005,9,146,1420,4.782748284258633,9.243107991561631,4.778367115804694,80.06141395866871,250.21627973765135,False
flow0000005,9,71,77,68.7487200491469,0.42887630518419834,2.9397072963832738,152.42890401929617,524.0028599500656,False
flow0000005,9,78,753,73.32332792146323,13.711338921841653,4.652089250998851,769.463625818491,42.64014568924904,True
flow0000005,9,73,618,7.506806738154583,5.723165549015092,1.7191340098638481,93.89010030031204,28.092383533716202,False
flow0000005,9,86,722,2.9395936386827306,0.9922089465728097,2.235504045299164,231.91741410642862,21.773715496063232,True
flow0000005,9,90,98,64.57017151743582,6.495323457807445,7.167208956640771,156.67489385604858,251.45237558335066,False
flow0000005,9,96,131,66.07355080621785,0.35989622445573244,2.5829974704596257,158.2241882160306,558.5704346075654,False
flow0000005,9,131,145,5.991295566296235,9.21622787362502,2.879827920256907,558.5704346075654,107.56035394966602,True
flow0000005,9,108,111,5.900045163343506,8.7327110491969,5.89966232132485,101.03739377111197,504.7194714769721,True
flow0000005,9,109,1231,24.531271922961032,13.744032037635414,3.072198297240489,75.05494860559702,22.401871785521507,False
flow0000005,9,141,147,51.92430558623014,1.7102486549546412,2.745746903364208,312.7665338367224,347.0427198112011,False
flow0000005,9,141,1399,3.4298151430209827,0.8672533372029775,3.0917132317039706,312.7665338367224,23.975209780037403,False
flow0000005,9,141,1476,27.970414532556532,1.0660699426758085,3.1769586212559995,312.7665338367224,25.868118971586227,False
flow0000005,9,147,1431,66.73593348221803,9.77329164279053,0.911978176206744,347.0427198112011,41.743210934102535,True
flow0000005,9,147,1476,5.244137156040694,0.8095938632130012,0.5569760632510958,347.0427198112011,25.868118971586227,False
flow0000006,0,0,8,17.893691260982482,11.682107553911495,6.324039599497804,1475.6416599154472,362.1172059029341,True
flow0000006,0,8,10,13.569769256285424,14.292521690511471,5.502872307300897,362.1172059029341,282.1995750442147,True
flow0000006,0,8,163,13.66840499275036,1.6983606702099872,4.779518668701106,362.1172059029341,895.739378914237,True
flow0000006,0,16,163,47.11397348443537,8.668887600386656,1.8113074028086804,88.86707480996847,895.739378914237,False
flow0000006,0,107,109,10.493867636766632,13.498912809799068,4.562617687131706,179.44426325708628,37.4607579857111,True
flow0000006,0,125,127,15.374793479533276,13.631206634693166,5.256511020880271,141.4325749501586,118.98373059183359,True
flow0000006,0,129,1313,16.609789765150193,13.759877958377933,3.3568718908068207,65.82175972312689,24.471843510866165,True
flow0000006,0,19,282,55.66369601594195,7.3802697627888225,7.418587303287252,118.73310524970293,48.14244846999645,False
flow0000006,0,40,46,49.4410015271558,6.471075177507829,2.0350893407456603,634.6165777817369,158.78530876338482,True
flow0000006,0,40,50,49.192899732204445,10.746073699605198,2.574976221811878,634.6165777817369,280.7490017488599,True
flow0000006,0,46,49,22.9981779380195,2.29154241871307,1.1727226096532921,158.78530876338482,87.86186400055885,True
flow0000006,0,46,50,4.059334225923178,6.097631807574284,4.008191016052534,158.78530876338482,280.7490017488599,True
flow0000006,0,49,50,14.964931109637174,8.004681714671603,2.1192550015598837,87.86186400055885,280.7490017488599,True
flow0000006,0,14,15,10.745638019664543,10.87857486359807,3.2540295277832243,47.46270226687193,106.74239518493414,True
flow0000006,0,23,397,4.052218434541715,8.543424137804717,3.998969409223073,142.01169210672379,1812.6825939491391,True
flow0000006,0,39,477,5.284713801539458,4.0977034020175545,1.2332025457731302,140.97208781540394,28.24954255670309,False
flow0000006,0,78,893,75.32502703257592,7.315612896474513,1.1738061805660969,451.40910805761814,24.44159035384655,True
flow0000006,0,124,1309,49.003602026153395,0.6466994737717733,0.9136423074341226,543.3067786246538,32.09188790619373,False
flow0000006,0,56,62,3.0153685620633746,11.070587601265675,2.1560408494238135,163.65053816139698,235.17379615455866,False
flow0000006,0,55,66,44.67126726185655,10.857805242237808,7.360745460018272,100.55190645158291,356.5220770910382,False
flow0000006,0,67,490,13.590606368814791,8.876984186515182,2.1907063054329665,196.1369931474328,47.09408759325743,False
flow0000006,0,69,89,55.36422688554519,0.6948763712855993,1.7939498893674604,290.6503171250224,434.8660508468747,False
flow0000006,0,89,1031,79.1940157684194,0.7265037514393575,0.21968812615274652,434.8660508468747,21.5587565228343,True
flow0000006,0,72,794,5.554327484758089,14.394181805918354,4.0424867371886375,360.7089866101742,695.5936438441277,True
flow0000006,0,72,843,4.919780467783404,3.511666909075544,0.5375715826891023,360.7089866101742,868.4186167567968,False
flow0000006,0,91,93,14.692102098358195,1.2695846715174108,1.291724929631824,171.50942428410053,687.4317470565438,True
flow0000006,0,794,843,3.982924421605024,10.911596818015424,3.9818027239689315,695.5936438441277,868.4186167567968,False
flow0000006,0,90,1080,5.359422077049672,12.65009112509661,0.915896496670405,144.26541278511286,47.55425810813904,False
flow0000006,0,94,111,65.6337014886122,1.4790635513735448,0.19321659411165948,155.18626506626606,466.89456217736006,False
flow0000006,0,102,1134,5.204904139724663,1.5103610096363749,0.4461582599008465,157.72548438608646,24.92309782654047,False
flow0000006,0,114,1173,2.013990548880671,4.402101938373982,1.005634838165841,181.01091469079256,47.245673544704914,False
flow0000006,1,125,1180,33.34120182360218,8.512256146324672,4.354707756709986,61.492493860423565,1413.9076242670417,False
flow0000006,1,40,451,5.962365112062576,3.174000174763753,2.0003258527332197,302.33418886363506,70.84812866896391,False
flow0000006,1,88,876,9.169808510060806,1.9480970278740193,7.5319736220151325,128.8512885197997,312.037742421031,False
flow0000006,1,12,169,8.147789397148841,10.39754011168488,6.060690996360775,239.10849748551846,27.141788601875305,False
flow0000006,1,12,234,7.489165575543834,7.995917803325647,7.358757607641694,239.10849748551846,36.164318546652794,True
flow0000006,1,36,418,30.068672114081952,4.788870195397803,1.530783061701687,295.6687262058258,8.706301465630531,True
flow0000006,1,98,118,30.60476794883288,6.3812669528554915,6.994353520677598,151.9448466002941,109.30772726982832,False
flow0000006,1,71,682,60.71038241115608,0.671589738858976,3.1202400080271726,351.296031460166,24.146698772907257,False
flow0000006,1,24,403,34.804198535550235,4.8524472272543,2.612677503773737,376.3700829818845,7.366552270948887,True
flow0000006,1,50,51,8.995309264461236,2.000045752824744,1.116390519866052,953.7426910549402,709.9286780282855,True
flow0000006,1,27,42,13.791113884688064,3.0115946194765493,1.9326444378459213,705.365666307509,96.4691254645586,True
flow0000006,1,54,69,21.263025194609522,8.701602723446408,5.675648363243175,61.01974342018366,90.75918747484684,False
flow0000006,1,28,343,1.4376219112605593,7.980396658115498,1.3903386559637783,118.13886485993862,18.37004417181015,True
flow0000006,1,37,39,5.325534470911616,6.415681298276564,1.5751259397008823,161.20430836081505,290.5874208211899,False
flow0000006,1,63,74,25.26579338626001,0.6028758457215454,3.3097437205487816,638.072801835835,60.84714099019766,False
flow0000006,1,108,110,39.72620348795248,7.734699168183327,7.071312478729293,74.83043610304594,303.99876890331507,True
flow0000006,1,65,656,6.748058288034718,0.7149245745995844,2.557105371390455,733.0918323248625,24.79571519047022,False
flow0000006,1,76,78,65.87079563505942,12.311334685149994,4.364264266030264,940.0068426281214,102.59974522143602,True
flow0000006,1,103,106,5.1504768524383024,3.085225025549027,0.6057355388289833,481.42369727790356,320.2927920073271,False
flow0000006,1,106,107,5.271017044786492,2.739209748539958,0.7662581503220036,320.2927920073271,146.36993791162968,False
flow0000006,1,134,1434,20.707319871107554,8.578387931941263,4.2551290739925145,238.0120444446802,683.1578897610307,True
flow0000006,10,0,1,4.980857958008397,8.544364622946212,2.2396933011950244,1586.7950001731515,177.16092659533024,True
flow0000006,10,0,45,15.820754302558807,7.088828871827744,6.823266602380524,1586.7950001731515,110.44907782971859,True
flow0000006,10,0,494,2.350249126984774,4.665820373082852,2.3500643708162743,1586.7950001731515,1496.231511414051,True
flow0000006,10,1,494,6.9605514994890845,5.556233468614425,6.223736336908277,177.16092659533024,1496.231511414051,True
flow0000006,10,8,35,74.92054740135747,7.92607498721079,7.383102808979626,232.23220949620008,127.05725856870413,False
flow0000006,10,3,4,14.955752934487125,4.9174190337042285,5.756324009480111,4648.564330138266,396.57984721660614,True
flow0000006,10,3,107,29.444560308373777,4.318703245455348,4.28498928083049,4648.564330138266,89.48567786812782,True
flow0000006,10,4,107,16.83283463873369,7.816256411558778,6.323408792889247,396.57984721660614,89.48567786812782,True
flow0000006,10,5,1364,60.69766220113104,0.4966883775872826,7.99264991850852,840.0647799447179,28.830885902047157,False
flow0000006,10,132,138,3.666121545986317,9.857356405753393,1.5914083439230189,208.77146672457457,315.2610067203641,False
flow0000006,10,138,1387,9.300875602653417,7.6898557797163685,5.596801403753344,315.2610067203641,48.80802462995052,True
flow0000006,10,20,215,5.872611885199546,7.327367804455795,3.616028095671887,59.05661429464817,40.64310019463301,True
flow0000006,10,21,22,69.438657822914,0.8488528549262662,3.8694808214985077,102.67553789168596,628.6381835192442,False
flow0000006,10,24,642,31.856506830346305,1.5982441366903402,7.495494430517393,664.6733700931072,23.743054315447807,False
flow0000006,10,25,290,71.45761941359609,7.260638899141607,2.788404648621788,467.87764397263527,47.95041960477829,True
flow0000006,10,290,292,4.191982913473979,12.900953070883256,1.5183846853049494,47.95041960477829,41.023497842252254,True
flow0000006,10,27,273,37.51710008309916,14.827545165331431,7.71623848038011,756.0013250634074,54.404910169541836,True
flow0000006,10,29,581,4.95595124121558,5.8828017508866415,3.507887747146823,411.81802855432034,48.26378125697374,True
flow0000006,10,41,42,18.83208092230671,3.9327235909192804,1.0282119987760654,147.1837534159422,116.56473077833652,True
flow0000006,10,125,1267,4.6845464821003215,11.131997367654485,2.2088015443331726,143.64394272863865,67.12982285767794,True
flow0000006,10,48,72,63.924270081739,0.08572519355599352,2.783997593562625,443.80864710360765,252.24374132603407,False
flow0000006,10,94,926,75.49037262994464,0.18958865777090492,1.3472263143234375,693.0116055458784,25.583737589418888,False
flow0000006,10,51,649,59.50500312646123,4.579209863972414,1.2471289448457856,724.8340746760368,15.631949566304684,True
flow0000006,10,52,60,67.78467798648349,7.7311812464229694,5.444301534110638,622.037361137569,70.8944651260972,True
flow0000006,10,93,100,46.14539082522943,0.08178783737217668,2.3398042016191476,223.23276975005865,405.0213603526354,False
flow0000006,10,58,95,2.3688734218124683,0.6062144260683567,1.9600981746714183,685.4501493126154,68.11640379577875,False
flow0000006,10,78,84,53.096312254912384,0.9405350102256218,1.114480332061472,129.07627727091312,579.214262790978,False
flow0000006,10,101,115,41.266297709262666,3.5053918982763053,5.9681905685247365,375.2311195805669,171.06613340973854,False
flow0000006,10,120,121,3.0184688380125517,1.4692082439527627,3.016056576930123,63.7146881967783,189.81227583438158,False
flow0000006,10,69,98,62.75647738977207,2.7555667614463166,0.7926631304767796,54.382776975631714,597.4102707207203,False
flow0000006,10,88,122,42.28638014157809,1.068388389065174,2.442098441232781,609.4898303225636,145.08082131296396,False
flow0000006,10,105,1234,10.086885307917298,3.9872962015308584,1.4656858016617862,98.69721013307571,84.95052678138018,False
flow0000006,10,110,111,6.7201629005410695,7.674355484264624,3.7875362775551245,134.05392299592495,89.63328397274017,True
flow0000006,10,134,137,6.804222574102773,12.556058263521997,5.838298358755213,177.79258570075035,90.89166694134474,False
flow0000006,11,21,30,7.436019677115757,11.418600820550088,4.025120154370587,217.18494584411383,315.12678072601557,True
flow0000006,11,21,239,6.010626307350464,4.630518231409319,2.7244876594650473,217.18494584411383,40.021790236234665,False
flow0000006,11,3,130,4.466171241423764,8.443408391498144,4.301086630590116,965.3331035003066,133.67607159912586,True
flow0000006,11,4,232,75.78945839438167,2.503532959321442,1.9817546584045524,675.1889881044626,25.300629019737244,False
flow0000006,11,20,22,24.955889685693258,0.8691616277464843,3.0500817884243365,82.85078162699938,146.84157140552998,False
flow0000006,11,20,195,3.050385737226609,0.4177084250084269,2.990009639510325,82.85078162699938,28.784072935581207,False
flow0000006,11,22,195,5.515262091110865,0.94605213097005,0.2605218695868288,146.84157140552998,28.784072935581207,False
flow0000006,11,5,7,26.756703417529135,6.799856321921114,1.1056179145967637,190.45969862490892,47.11415074765682,True
flow0000006,11,39,365,38.579410665899495,3.3794321810486148,3.5744558274643103,243.28028475493193,25.869552314281464,True
flow0000006,11,92,871,5.1715982853884785,1.2155570869358945,0.3890915651397685,121.83169440180063,20.88983680307865,False
flow0000006,11,128,1089,14.03054447334191,1.6247534060333613,2.3048604393000596,264.48841874301434,24.873417928814888,False
flow0000006,11,32,657,74.90593226524913,2.304289822588734,1.3397447219128542,642.4474439546466,25.668447010219097,False
flow0000006,11,83,733,1.0454081569741347,0.9874387669484344,1.038360560695745,98.31092230975628,45.21837489306927,False
flow0000006,11,52,674,5.036692229506383,1.7771953638047415,0.21409767676960317,555.8312229588628,30.14866191893816,False
flow0000006,11,55,63,4.359727661900392,0.7862221878636915,0.18198927484842198,227.71441804617643,513.095064625144,False
flow0000006,11,65,556,1.7394257853382165,4.309738679921576,1.02785150689662,362.0068600028753,750.775909923017,True
flow0000006,11,556,626,15.275060396421253,5.964065487078289,4.4139182029069675,750.775909923017,35.15656079351902,False
flow0000006,11,54,57,22.218317351396497,10.57792183080083,5.4145873219837535,74.41293853521347,157.5581323504448,False
flow0000006,11,99,101,24.782013358112877,6.708548758457833,4.9649613659319725,738.6336206644773,193.03888455033302,True
flow0000006,11,118,133,45.17171113533782,5.626340564348979,5.257977227164543,519.7224775254726,165.4439314082265,False
flow0000006,11,119,1107,3.669835329183283,9.918202917328378,1.0991097584463954,183.92448142915964,59.89781949669123,True
flow0000006,11,124,1172,12.601020850893152,5.757620439513588,2.9916636442839923,241.81521969288588,33.39517409354448,True
flow0000006,12,0,1,2.704602911393719,9.760520578286382,2.704131300340387,1310.837508790195,179.47085671126842,True
flow0000006,12,0,373,2.2450508803184217,3.7256317905394654,2.244060263595283,1310.837508790195,1135.3160087764263,True
flow0000006,12,1,373,4.879667729613839,6.03529511536816,4.833337642798669,179.47085671126842,1135.3160087764263,True
flow0000006,12,2,846,46.73497675751317,3.1413739721578904,3.861341198922808,681.5942712202668,21.55397991091013,True
flow0000006,12,13,14,8.961924859270573,12.124254284993837,6.906768682704644,79.36590452492237,48.606918923556805,True
flow0000006,12,30,31,10.647568367379737,13.960515794411156,0.41303976564951916,144.61762419342995,91.39976371079683,True
flow0000006,12,30,254,13.404116765114805,12.124780095587347,5.5402913255894175,144.61762419342995,42.035395696759224,True
flow0000006,12,50,633,73.80126740204464,1.1261726952791673,2.939369004599901,279.161493614316,29.906793408095837,False
flow0000006,12,75,754,9.753152434560763,12.64956661198038,2.381323261433133,126.39088631421328,39.33153427392244,True
flow0000006,12,5,135,3.846784739458632,14.88451296229521,1.4766843529427158,76.32193119078875,43.63198044896126,True
flow0000006,12,71,74,66.08862979233693,1.6384690127816366,6.572562759464854,162.84006587415934,500.69513712078333,False
flow0000006,12,71,679,5.349403108925626,1.388625886389193,0.3815319951438733,162.84006587415934,22.95296210050583,False
flow0000006,12,74,679,42.93393923599739,2.622703463307589,6.446236218964704,500.69513712078333,22.95296210050583,False
flow0000006,12,17,307,5.968023661709062,8.511757551900715,2.125741618739756,380.3695877417922,28.22056269645691,True
flow0000006,12,45,428,8.588097150666549,0.29373891120718754,1.3779053308468912,819.0270309597254,19.00664085894823,False
flow0000006,12,96,947,5.902828576121509,3.5431391783428023,1.4796736261692343,84.17317472398281,54.482613153755665,True
flow0000006,12,99,1011,5.716783654184196,3.7760965060157385,4.280850332899141,341.0651194676757,22.8868825212121,True
flow0000006,12,21,52,76.39493994733218,1.0793510742205872,1.9735304036235932,360.83987517654896,65.55441462993622,False
flow0000006,12,24,224,74.98845336186109,4.822337556886976,0.9240323153362145,699.1739108934999,33.07560230046511,True
flow0000006,12,29,263,3.26968700431663,10.810289210628717,1.2565199376810567,155.30138824880123,25.762073054909706,True
flow0000006,12,76,80,4.533273084198375,8.68748985616012,3.5894922261573616,208.68006781488657,30.562656246125698,True
flow0000006,12,88,872,3.284143979774934,14.165646943033723,3.282271496680268,121.94251681119204,56.359759248793125,False
flow0000006,12,108,113,45.04153718995621,0.5912130062106706,1.4519858325289665,600.9254017844796,137.26858827471733,False
flow0000006,12,113,114,9.701492039921298,13.498893961161446,3.9615719803620517,137.26858827471733,48.73430174589157,True
flow0000006,2,1,2,3.257261162696571,4.828661664199167,3.1665446060442863,3164.920476511121,225.75016868114471,True
flow0000006,2,79,815,5.573769828616976,2.9722531380040285,1.3798343145074246,275.1350833699107,34.760399490594864,False
flow0000006,2,17,272,12.947186289405243,5.191944873158333,4.220137639018822,130.88718379288912,56.97342558950186,False
flow0000006,2,29,399,6.217384560087086,7.290253868305645,1.7919566206500621,131.54097671061754,63.80003421008587,False
flow0000006,2,11,270,5.51268380169625,10.569754370715527,5.283648630638478,508.4568936377764,21.090305626392365,True
flow0000006,2,19,221,1.6325886850724034,8.274317302449901,1.2785732579767204,108.92080298811197,31.299725651741028,False
flow0000006,2,19,278,26.315410583629443,3.6090869467355526,2.6049692505290576,108.92080298811197,20.776944257318974,False
flow0000006,2,32,389,1.2246961938540646,14.363566167877122,1.1947985986924552,313.137855425477,73.57937657088041,True
flow0000006,2,33,389,45.96413697324822,5.950995942124477,7.819916356268132,518.6975196823478,73.57937657088041,True
flow0000006,2,221,278,5.5353125490334705,4.760568699070646,1.527371068486333,31.299725651741028,20.776944257318974,False
flow0000006,2,46,78,77.56693289295166,1.2254091449673594,2.8000226738048375,169.91634261608124,281.79959213733673,False
flow0000006,2,59,81,41.222085779719286,12.440962854347056,6.604924561121371,336.5376115888357,101.59278375655413,False
flow0000006,2,59,838,25.1212601420025,5.540038856863708,4.527116500238805,336.5376115888357,22.50107115507126,False
flow0000006,2,78,870,67.51217045385766,0.5070119653693033,1.348733649363608,281.79959213733673,27.58269292116165,False
flow0000006,2,81,838,2.7062889111189308,9.678984112466352,1.036297639385773,101.59278375655413,22.50107115507126,True
flow0000006,2,81,877,18.168989908818443,12.62434830664672,5.246747026647399,101.59278375655413,57.53422939777374,False
flow0000006,2,25,289,5.284361450496275,7.556719245312806,0.4834550827047392,156.75498651713133,99.36135357618332,False
flow0000006,2,49,58,59.275080990844806,4.463347212541769,3.1855122537663227,727.7358593568206,61.27482853829861,True
flow0000006,2,27,66,45.60749221906422,8.712765323559344,7.453584515699468,538.2406037673354,138.6491006463766,False
flow0000006,2,36,48,46.59791681481603,1.3839366176237478,1.7827482066607496,233.9322932958603,154.30111314356327,False
flow0000006,2,36,493,5.344806036031719,0.47886609362847216,0.18631112390938748,233.9322932958603,21.77578531205654,False
flow0000006,2,42,470,36.474692736882915,2.47215910594624,1.0426584603345619,234.36411740630865,24.193511992692947,False
flow0000006,2,96,982,59.220541743083935,3.7091783420252256,1.2527685740535155,498.7415570169687,27.603392891585827,False
flow0000006,2,96,1496,14.10773076785787,2.4225792345524195,3.651750983939828,498.7415570169687,27.96149756014347,False
flow0000006,2,97,998,32.39152706480919,2.1419660733732093,0.15570254202699782,277.91553116589785,20.802420660853386,False
flow0000006,3,0,54,19.523523412118653,1.4930127757227802,2.5138101531280865,1544.667582333088,67.13730588555336,True
flow0000006,3,37,54,27.93048827072326,2.385811943291567,1.836931354268378,766.2965642735362,67.13730588555336,True
flow0000006,3,1,65,26.75495819672983,12.306648536680756,7.5020211855143195,327.52288147062063,673.3267961665988,True
flow0000006,3,1,716,3.961707477951662,1.4018706935432672,2.5431354383512237,327.52288147062063,525.683193422854,True
flow0000006,3,39,42,7.115196662731075,10.638587554743001,1.2013728892009212,98.20169241726398,51.54006939381361,True
flow0000006,3,5,187,4.961442529838294,0.5273406507278169,0.7720825656975792,514.0071257352829,22.907582372426987,False
flow0000006,3,60,663,1.4483382257842206,14.279228560100476,1.26490661391493,76.43227764219046,24.947937577962875,True
flow0000006,3,60,691,23.5890180062786,14.179730171816493,7.10585284420212,76.43227764219046,27.861024744808674,False
flow0000006,3,663,691,5.806612124734276,11.335767785140183,0.6993779436644152,24.947937577962875,27.861024744808674,False
flow0000006,3,73,76,18.96135244227092,10.156835808405202,3.32225878763958,810.1732790917158,18.948044545948505,True
flow0000006,3,124,131,50.69012100546816,0.43297610794446423,1.490057813456497,154.71431101113558,565.9431964159012,False
flow0000006,3,53,59,57.34449531476162,1.7663235892951998,3.2835247969750614,381.73369623720646,317.1028067469597,False
flow0000006,3,103,130,10.15713113810356,4.637796564635906,7.2178176804252345,749.4872809052467,40.563327349722385,True
flow0000006,3,23,314,5.219547140674116,0.5135558983352199,0.07427483904877864,162.59278398752213,21.876258090138435,False
flow0000006,3,38,41,11.107484391974872,11.406259836038977,2.993981278574129,113.83762222528458,69.57111545652151,True
flow0000006,3,28,44,48.96028471454349,1.2144635931633647,3.0909746424209033,166.03705793619156,561.3317754492164,False
flow0000006,3,28,384,5.417641006567824,0.2685680650574436,0.05044737635275876,166.03705793619156,27.090835705399513,False
flow0000006,3,44,384,24.276923091725006,1.13079446120268,3.6718387598749365,561.3317754492164,27.090835705399513,False
flow0000006,3,43,58,5.151925740178798,0.5451454609397041,0.23450793546795656,494.6595773398876,174.61231369525194,False
flow0000006,3,34,35,20.377581752106146,1.1647951844171878,1.1954408041781,576.6056085079908,1411.1309890449047,True
flow0000006,3,34,57,6.661599473017318,14.491978693843645,6.152247818713982,576.6056085079908,214.33204386383295,False
flow0000006,3,35,57,8.120876057817432,14.95858903637112,0.4649928125503104,1411.1309890449047,214.33204386383295,False
flow0000006,3,55,582,3.0192234461856566,6.535760253948574,2.666002820527924,589.6238253116608,1414.1299059912562,True
flow0000006,3,80,101,68.0233334153678,1.5120005946047088,3.3540994379081512,622.8865296840668,68.9773523658514,False
flow0000006,3,63,77,67.56862707798378,3.1948679981748573,3.2604621594815604,56.621531173586845,276.17516465485096,False
flow0000006,3,77,922,36.2600900970121,2.7386023733616565,1.7230199575574903,276.17516465485096,12.751185566186905,True
flow0000006,3,77,967,5.733965124158727,5.652235650121797,2.65596947406222,276.17516465485096,37.42970812320709,False
flow0000006,3,922,967,41.43890322659716,5.722302476754228,3.0661740024635327,12.751185566186905,37.42970812320709,False
flow0000006,3,116,1367,50.895371049657854,1.5148309985982826,1.025489043876053,204.7093862965703,24.11580890417099,False
flow0000006,3,105,143,77.42244627286199,4.00718020145572,3.2140221139214535,143.82721533626318,169.68705432116985,False
flow0000006,3,143,1521,2.00546001474619,7.7826412031003835,1.9843222688498736,169.68705432116985,31.961001880466938,True
flow0000006,3,125,1325,5.23232713730205,0.8048732907694048,0.21273455982871645,145.15454438328743,28.2770891264081,False
flow0000006,3,127,128,7.552231345619697,14.336168123303764,3.8349040169039403,113.7562559992075,67.1188360825181,True
flow0000006,3,150,152,11.766183881485128,4.834640898523753,3.4030059477157053,363.6674539670348,57.520536072552204,True
flow0000006,3,150,1554,4.971985827808278,4.487638426800864,1.1499554390608684,363.6674539670348,113.31662528961897,False
flow0000006,3,150,1591,6.156313287066905,10.437101408952207,6.104896543503686,363.6674539670348,1286.304363720119,True
flow0000006,3,151,1554,56.911020256707005,12.784234761218729,3.630817866227659,284.39820271730423,113.31662528961897,False
flow0000006,3,152,1554,48.49738661571615,9.218734576606192,5.3111959151495185,57.520536072552204,113.31662528961897,False
flow0000006,3,1554,1591,7.642648804811049,10.147491415274326,5.23732175565212,113.31662528961897,1286.304363720119,False
flow0000006,3,140,1575,5.534909413393425,1.4437398043863778,0.770024877104826,454.46168145537376,23.46551924198866,False
flow0000006,3,146,1627,5.418641683273149,1.4348408436370932,0.6261266245791935,273.6825980320573,24.58903633058071,False
flow0000006,3,149,1626,9.723998057113347,0.6128404878907527,0.6019598845615949,243.56403304636478,25.290279023349285,False
flow0000006,4,0,244,2.272274168268896,5.176127247172687,2.036537267289767,530.8636923059821,549.9313191026449,True
flow0000006,4,18,324,1.8521815586178945,6.820724110273654,1.4471152268643572,119.8427689447999,168.08394008129835,True
flow0000006,4,59,1126,13.756943979572078,10.936278395904756,6.617897800308551,97.08406525850296,266.8543941900134,False
flow0000006,4,15,226,5.158288044663508,1.038708091862251,0.3259442590229255,490.079206161201,25.657300174236298,False
flow0000006,4,24,500,5.013781025102027,13.260595534823393,0.1975716266866011,167.08605552464724,61.8077656775713,False
flow0000006,4,42,53,45.416336435672896,6.929660524047186,2.409558802844035,629.0311519354582,87.7277944907546,False
flow0000006,4,52,62,10.484808192503515,11.00900184560823,4.773559376032881,405.12087231874466,43.199515998363495,True
flow0000006,4,57,73,8.753451344678647,7.841686863650721,7.017482863322418,597.9053108990192,155.27400165051222,False
flow0000006,4,75,1335,54.48732915577814,1.3633333509584817,2.5011890226292604,722.4857710450888,21.78119859099388,False
flow0000006,4,80,925,29.821320306000512,1.1160881737312627,2.126828482784469,382.01202842593193,33.866967894136906,False
flow0000006,4,110,127,26.401728145653514,4.802352562396019,5.6812482876644,50.464002057909966,231.5729999691248,False
flow0000006,4,226,500,63.04835809825181,13.936000045506011,5.662484306870934,25.657300174236298,61.8077656775713,False
flow0000006,4,826,925,10.13430373517727,4.0881741253780675,7.4129597758676615,454.23397920280695,33.866967894136906,False
flow0000006,4,7,22,4.2459545651809,2.847171836683376,4.220235768447732,833.1636643409729,101.22082572430372,True
flow0000006,4,87,94,58.90023822936985,0.45363507284019144,2.02292582013643,215.92210709303617,415.41787235438824,False
flow0000006,4,87,1301,10.54893335551213,0.7655506598842202,2.049583091419352,215.92210709303617,21.684865906834602,False
flow0000006,4,94,1301,29.468279975932887,0.43035923011015254,0.588292509912202,415.41787235438824,21.684865906834602,False
flow0000006,4,107,1399,49.96992222129698,5.159819733037627,0.5662056697982407,296.7709064334631,20.132864616811275,True
flow0000006,4,1399,1401,62.694480685194684,7.279390982166266,5.691901836394084,20.132864616811275,17.79634414613247,True
flow0000006,4,32,871,45.95225730699126,5.44728253198313,0.9634929527167791,217.96341483294964,26.387523107230663,True
flow0000006,4,44,45,13.312248817800318,8.70806781780452,2.145497442670294,172.67036143690348,82.69155263900757,True
flow0000006,4,95,101,52.518034749210194,1.0682886807602516,1.6637317801634723,421.49785482883453,278.9060919582844,False
flow0000006,4,101,105,8.994451386975491,13.036471185645647,0.1321595477787627,278.9060919582844,100.93628424406052,True
flow0000006,4,63,1014,21.76514316946511,11.467241481048012,7.387881562900166,54.06591214239597,40.96760839223862,True
flow0000006,4,69,1073,79.84367490991102,0.6741244095243597,1.5484356349478505,760.4678468331695,23.729361079633236,False
flow0000006,4,92,100,5.237422310639983,1.1456214082001823,0.7728458551885748,600.4306817278266,159.51585119962692,False
flow0000006,4,122,123,30.777025879093934,9.899742925404254,1.241434588402036,867.6395151391625,68.36623246967793,True
flow0000006,5,0,63,5.775824139303305,2.4622878885089756,2.3775457203356702,1347.4436828419566,623.5796397402883,True
flow0000006,5,122,140,78.82004775291539,0.1873017860950785,0.25771531018932214,225.7748520746827,496.1822784021497,False
flow0000006,5,127,1195,8.083325630293297,3.061078279016309,2.7633507193770392,317.2855950444937,45.23557136952877,False
flow0000006,5,2,83,5.57549921719608,0.7854582298649985,3.2069632289231538,840.835128813982,879.5184409543872,True
flow0000006,5,2,967,30.171903063700675,2.041850759810726,2.71676635954143,840.835128813982,1466.0895466059446,True
flow0000006,5,3,96,7.270051508825248,13.181057794160072,6.04316708347992,248.79962480813265,76.96330451965332,True
flow0000006,5,58,60,5.2679460041300095,6.009469775925343,5.0905545832668215,115.18262524157763,59.04419402778149,True
flow0000006,5,58,597,3.057184322536679,3.897642588494628,3.0391504498391213,115.18262524157763,87.55885204672813,True
flow0000006,5,60,597,1.3018310004317482,4.319770363840555,1.2201235982746128,59.04419402778149,87.55885204672813,True
flow0000006,5,83,967,34.614396060316245,1.63675736305922,0.6578739160697639,879.5184409543872,1466.0895466059446,True
flow0000006,5,96,1082,47.842376030034416,3.870365290338542,3.327415998118822,76.96330451965332,204.8321493268013,False
flow0000006,5,5,9,13.353213025297377,14.698067540804923,4.947468063712779,171.66945023089647,172.98244965821505,True
flow0000006,5,5,164,24.8945060135104,12.468074104705842,6.561356165073021,171.66945023089647,253.42935474961996,True
flow0000006,5,10,164,5.2371524921111705,13.746286697832625,4.505327313537538,744.2644182518125,253.42935474961996,True
flow0000006,5,18,164,16.840958340932783,0.27478361731009965,4.612422595482442,94.90900448709726,253.42935474961996,False
flow0000006,5,6,14,53.41351956969843,4.002840600110347,2.185036746969083,314.7833222821355,99.43857919424772,True
flow0000006,5,32,41,3.0163260160780383,3.919319113498958,2.9263173259897695,731.3672251477838,119.89197160303593,True
flow0000006,5,49,65,11.551845823131696,0.06393700955367727,0.26686954074440955,548.2498757168651,196.77486683428288,True
flow0000006,5,78,88,5.246989777250251,0.4376743318251353,0.9795970861289335,336.8070228472352,24.53935655206442,False
flow0000006,5,16,22,13.172865555736962,2.757476977502071,2.5080483288167525,711.6387946605682,386.2360409423709,True
flow0000006,5,23,309,8.394847101862613,3.4875295606030576,1.935597382662098,90.80138414353132,24.47948693484068,True
flow0000006,5,100,1124,1.0073493338990498,3.9010083990004047,0.5387159631490746,149.18207183480263,160.8138803616166,True
flow0000006,5,103,107,3.789277136116364,11.35900335023929,0.268390720814266,107.64697377383709,126.9050360172987,False
flow0000006,5,24,356,6.575312685804936,6.3276735774920105,0.4405888934560282,118.42499742656946,45.16805851459503,False
flow0000006,5,25,33,78.162143631182,3.6944086062642247,4.8965523979859285,48.084012158215046,544.9089410305023,False
flow0000006,5,25,460,54.413865871354055,2.389034986077047,3.0653725744166613,48.084012158215046,26.835273876786232,False
flow0000006,5,33,460,5.715221640924742,1.6231549821256386,2.0204730926261947,544.9089410305023,26.835273876786232,False
flow0000006,5,124,1444,5.2023171218928645,0.3120020980707071,0.2697203636034057,288.82253389805555,27.32028443366289,False
flow0000006,5,35,48,75.31937309081881,2.514006630110449,5.100318854685234,617.4948898628354,51.81887771189213,False
flow0000006,5,44,47,2.5919000548113753,5.387788192839988,2.5514234364149826,985.0626513436437,90.04982502758503,True
flow0000006,5,44,71,54.645081328060584,3.56831009516926,1.0747959731173764,985.0626513436437,122.26017862558365,True
flow0000006,5,71,610,23.83278945862864,4.664352534027953,5.348458287132963,122.26017862558365,30.36218725144863,False
flow0000006,5,50,55,6.217855311189424,4.674072523066288,2.17284780937353,744.0217611938715,81.68379475921392,True
flow0000006,5,56,117,42.39548915369368,7.787074625678431,4.6218333140386,463.15890161693096,109.9753735139966,False
flow0000006,5,64,612,46.73441182384846,13.327816348375048,2.636200188757828,520.3625731393695,20.96085335314274,True
flow0000006,5,67,79,41.66874784798421,1.8016175554276703,3.2192295606150525,221.55863884091377,458.84746915847063,False
flow0000006,5,67,927,21.209940838839454,0.8880570968578119,2.8721407195496518,221.55863884091377,23.094834432005882,False
flow0000006,5,79,927,5.360968934379232,0.92120192722913,0.9611060286540692,458.84746915847063,23.094834432005882,False
flow0000006,5,68,87,4.801656678519143,6.828181187004473,4.430655812834373,324.0878435969353,173.4136402308941,False
flow0000006,5,70,72,5.590107467761953,5.53392023126728,2.123850182846834,54.81062453985214,170.17222541570663,False
flow0000006,5,114,115,15.210286236051779,5.691834253456525,7.2233735033377755,534.2702330350876,329.169145822525,True
flow0000006,5,114,116,3.6078023191505024,2.2754570087032757,3.607744681763269,534.2702330350876,329.8667262867093,True
flow0000006,5,114,121,77.1719449569123,5.935146868262844,7.025907308213572,534.2702330350876,53.38743921369314,False
flow0000006,5,114,1265,3.9122894771478824,3.143010744708022,3.8501070428629065,534.2702330350876,1603.166421867907,True
flow0000006,5,115,116,8.941868127144238,3.561427577822429,2.4052471748931077,329.169145822525,329.8667262867093,True
flow0000006,5,115,1265,16.703263477646626,4.1231402959205905,5.094024777508729,329.169145822525,1603.166421867907,True
flow0000006,5,116,121,76.94896952923622,3.6720705267749287,2.1018623194725357,329.8667262867093,53.38743921369314,False
flow0000006,5,116,1265,3.538468650233596,1.5957009908026956,1.862265236722373,329.8667262867093,1603.166421867907,True
flow0000006,5,121,1265,74.01309680487947,3.7496215860170077,6.718890618544186,53.38743921369314,1603.166421867907,False
flow0000006,6,98,100,9.193234034018928,8.125245874153178,3.9919019987688165,445.2405851483345,165.794868811965,True
flow0000006,6,98,106,6.174056117458403,3.113272151012396,3.8687542285133096,445.2405851483345,48.02000230550766,False
flow0000006,6,98,1018,0.7140070567009943,2.572444892814004,0.6505852145686248,445.2405851483345,1324.0216425806284,True
flow0000006,6,106,1018,5.622259991888427,3.4036813992105546,3.290120665188059,48.02000230550766,1324.0216425806284,False
flow0000006,6,7,27,56.47264417086466,0.16589063533182472,1.5376877489789045,320.98655144125223,384.4780005887151,False
flow0000006,6,19,26,4.307242861366021,0.29395730185746155,0.49399951421526594,341.3582573533058,412.0699313431978,True
flow0000006,6,54,56,21.93416245495046,4.065453359427646,1.9923579236696136,714.2821573391557,44.38911271840334,True
flow0000006,6,15,32,76.83533783529148,2.292968077544788,5.801793404723795,155.03690898418427,57.43025304377079,False
flow0000006,6,15,193,8.331534031944786,11.881480474364617,4.996725614747779,155.03690898418427,193.4224657639861,False
flow0000006,6,48,506,14.349826698295125,11.393904496581808,0.7597076269041981,39.99281061440706,57.26210740208626,False
flow0000006,6,22,46,70.82130832499747,3.04720028913969,4.337235530420218,363.90630259364843,259.5719206035137,False
flow0000006,6,46,511,4.9263892750662714,7.526299343356191,3.276304158288417,259.5719206035137,18.837858259677887,True
flow0000006,6,79,752,2.5475734793374842,12.719354480272154,0.9790103195198905,101.04583303630352,29.478309005498886,True
flow0000006,6,69,80,47.75137544400844,2.485345180485098,1.7544388196454448,160.85560016334057,223.3427955582738,False
flow0000006,6,80,97,47.11742117713643,5.625278892462962,2.050142208691421,223.3427955582738,245.14867347478867,False
flow0000006,6,80,810,5.293254966792354,1.2791687756190817,0.6390199270329415,223.3427955582738,30.07764559239149,False
flow0000006,6,97,810,22.84622644474886,4.353431487799188,3.6290429972761062,245.14867347478867,30.07764559239149,False
flow0000006,6,25,280,4.617184085468934,11.631194190224052,0.6592508929372789,71.0197776183486,39.58375281095505,False
flow0000006,6,85,831,62.141689103469844,0.5131371683067271,0.5019161196833124,172.1356744468212,24.745398864150047,False
flow0000006,6,78,81,12.22283681817449,9.267416201208036,5.455349750606105,107.29842199385166,72.68610481917858,False
flow0000006,6,68,799,9.203597077746759,14.61940886212023,6.812730664032728,148.3273329883814,63.47074977308512,False
flow0000006,6,74,77,7.367409411972656,9.838167027873967,0.6061090522522202,136.68756497651339,149.83602514117956,False
flow0000006,6,109,1124,9.955410983110902,13.655682541045902,5.566755505307139,243.45273011922836,47.89261964708567,True
flow0000006,7,2,4,13.74494190863927,8.022476156138179,2.8723586556237892,1424.1413950398564,784.9622902497649,True
flow0000006,7,2,944,4.526280066974609,4.497817031817617,4.469250738246612,1424.1413950398564,1637.8749101161957,True
flow0000006,7,2,1054,4.796991416656004,12.85390441612867,2.704730163867343,1424.1413950398564,1758.7319693490863,False
flow0000006,7,4,5,5.050139199121581,3.015631161358368,4.391064017453328,784.9622902497649,437.82467437535524,True
flow0000006,7,4,7,67.27616128878134,7.823317116488579,0.4060627472369672,784.9622902497649,393.53285375237465,True
flow0000006,7,4,944,14.851241352640761,6.509874764040224,5.071261186334581,784.9622902497649,1637.8749101161957,True
flow0000006,7,4,1054,26.946539232450647,4.951867937123069,2.721226146287935,784.9622902497649,1758.7319693490863,True
flow0000006,7,5,7,0.9215831604927177,10.674672952347503,0.8380809803052605,437.82467437535524,393.53285375237465,True
flow0000006,7,5,944,9.529571824380815,8.975292795345666,7.449061698274983,437.82467437535524,1637.8749101161957,False
flow0000006,7,5,1054,9.176110182404496,2.0107817036262112,6.646030664100627,437.82467437535524,1758.7319693490863,True
flow0000006,7,7,944,9.157745875031203,7.710381812433335,7.512648153060052,393.53285375237465,1637.8749101161957,False
flow0000006,7,7,1054,8.951041933288854,12.6813632828523,7.039550292144926,393.53285375237465,1758.7319693490863,True
flow0000006,7,107,944,49.391599854975674,12.622063604037224,1.2319075516702553,120.70594779402018,1637.8749101161957,False
flow0000006,7,114,118,6.329284568927319,3.304626718829933,1.8856119979849344,140.85887533426285,278.9474917650223,True
flow0000006,7,944,1054,2.632786849243533,10.39647160886223,2.5603701838950363,1637.8749101161957,1758.7319693490863,False
flow0000006,7,35,380,57.77332099268022,2.9002989185060066,1.3550928222533134,376.76735316962004,25.59058401733637,False
flow0000006,7,60,72,79.5603940563242,14.506723988486455,2.8281251459840777,501.3869827389717,96.37947988510132,True
flow0000006,7,60,650,55.28849301981085,5.259423578077683,5.131356990150915,501.3869827389717,42.56642298400402,True
flow0000006,7,124,139,24.152835843015268,0.18858238936551036,3.6413155535275683,209.91329699009657,401.04526191949844,False
flow0000006,7,140,141,33.17533873183368,7.190305682481841,4.716027685832749,90.20889396965504,74.60799422860146,True
flow0000006,7,140,142,8.444734209053406,0.2902357785585029,1.0097082456995268,90.20889396965504,205.79627984017134,True
flow0000006,7,141,142,5.664962057999602,7.128739604671243,5.171997131126872,74.60799422860146,205.79627984017134,True
flow0000006,7,11,24,5.159863046667434,1.6405286709942062,0.7080153899965381,355.5737083926797,145.0605982095003,False
flow0000006,7,155,1505,7.258855649761356,4.359066764044498,4.7331655115774875,129.34314600378275,230.39009316265583,False
flow0000006,7,158,1505,5.682334700637082,2.616028713306977,2.4404064193970876,449.591355279088,230.39009316265583,False
flow0000006,7,88,95,52.67557147949634,2.458040908145751,1.2670036767102524,108.47910171747208,567.9396055713296,False
flow0000006,7,15,19,11.285360184799115,2.246789372706173,1.5263275773904956,688.308151230216,111.29935973882675,False
flow0000006,7,151,153,16.9162614741785,5.62859914700585,6.807003628109087,103.88169442117214,136.05494820326567,True
flow0000006,7,36,70,53.44606693879361,7.489687753806176,5.907560461536469,470.13168393820524,215.46368596702814,False
flow0000006,7,41,63,20.48687815035075,2.079314174965789,3.808942048861935,245.6134611070156,337.53183525800705,False
flow0000006,7,46,48,6.840475943729469,3.4305379095291033,2.2001731547038905,88.83586523681879,75.4034999832511,True
flow0000006,7,81,731,6.4113674402978384,3.5240953029734317,1.7595573440808283,207.39382074773312,32.33088980615139,False
flow0000006,7,147,152,46.28245590265773,7.019081192339691,3.95038325841392,289.161052249372,363.82716611772776,False
flow0000006,7,106,111,11.174485002900196,1.8964116108148945,1.21943922398136,119.86474183946848,247.63757311552763,True
flow0000006,7,106,1089,2.822125297339463,14.627684576248342,2.7520451413033435,119.86474183946848,46.838525637984276,True
flow0000006,7,143,144,14.204263454703984,12.54934453717489,2.1804648517205583,372.54270078986883,189.73871245980263,True
flow0000006,7,145,149,9.379810131854343,0.3575096498127809,0.8764511694527758,193.9259496331215,52.97981481999159,True
flow0000006,8,1,3,38.043836128945586,3.9880842238405605,2.824109276692465,1612.4588317349553,309.52622535824776,True
flow0000006,8,1,28,17.386651447714787,8.808265389057835,2.3311143885718413,1612.4588317349553,990.7751241922379,True
flow0000006,8,3,28,66.55426868763834,12.246726176763405,7.48402880455596,309.52622535824776,990.7751241922379,False
flow0000006,8,28,38,20.137813211122232,4.001566798687841,3.105287604372573,990.7751241922379,199.01521099358797,False
flow0000006,8,32,45,45.33124319292022,14.165577135723678,7.764364660727752,127.81932803988457,53.41912557929754,True
flow0000006,8,62,761,2.5807571980725714,11.241796513948486,1.4954006098830634,77.58636464178562,48.48893003165722,True
flow0000006,8,64,826,3.856931977304392,13.190739525179758,2.881415745128667,245.61218792200089,24.389840848743916,True
flow0000006,8,64,873,73.06631316630539,4.733419126042388,2.935659617505303,245.61218792200089,21.668305918574333,False
flow0000006,8,134,1835,59.04728169207061,1.3802408722149597,0.7287900641881498,252.30185692757368,22.99085858464241,False
flow0000006,8,179,1964,6.02075624201726,3.394727723736009,0.5582548151948695,107.51576792448759,48.784458309412,False
flow0000006,8,117,128,45.050491754733635,4.729318906847102,4.2991193824405745,438.76794853806496,283.019286185503,False
flow0000006,8,145,146,2.3521092227197613,5.637048103846923,2.1636853794534012,207.62135673314333,161.9155841693282,True
flow0000006,8,60,1005,40.42461135120292,4.304879491818652,3.265250536047595,142.1056350544095,27.445596992969513,True
flow0000006,8,81,95,6.279790597931166,2.541575515986009,2.424594378649982,295.48178999871016,112.91664406657219,False
flow0000006,8,95,1434,15.126714458373298,1.7617486693112092,0.21913604186632718,112.91664406657219,29.976376250386238,False
flow0000006,8,114,1318,1.5217278933425844,5.376647955234803,1.4594324386637954,124.85624120384455,119.73608610033989,False
flow0000006,8,118,147,41.82745561747112,4.495089729683199,2.555895306712051,345.8440458923578,173.4386402592063,True
flow0000006,8,96,100,3.25003316867611,4.311906948091014,3.179998546599975,280.52783346921206,283.90969202667475,True
flow0000006,8,110,1329,5.620608844292206,8.244920176770378,1.484921711251109,147.67067394405603,73.42922428250313,True
flow0000006,8,111,1378,6.693699601011501,6.998921917025883,3.707594315536511,229.520388238132,64.60923326015472,False
flow0000006,8,133,160,20.5377041939507,5.718795853879919,7.484751335967026,153.84906273335218,104.09601648896933,False
flow0000006,8,133,1853,5.592906908890213,13.727212376260791,2.4024829758902744,153.84906273335218,25.21448604762554,False
flow0000006,8,160,1853,2.9036183137668345,11.609748729687519,1.2792068689148772,104.09601648896933,25.21448604762554,True
flow0000006,8,168,173,12.559339779215497,11.824148917461466,4.5003935677121,94.79244858771563,85.20386184751987,False
flow0000006,8,174,1930,4.430834852978091,11.567721568309775,2.6464697748551025,87.30759027600288,6.280931629240513,True
flow0000006,8,119,1482,69.62330059395542,2.2518011905561974,2.2471187856070185,372.8159363567829,29.709191173315048,False
flow0000006,8,85,108,14.520515651520121,5.081696631708835,3.2927626616042693,853.4600506350398,51.144545048475266,True
flow0000006,8,89,90,58.76320487202144,6.2745858385428885,4.912916258625127,829.32289391011,116.61281701922417,True
flow0000006,8,89,1098,1.081970365184826,1.0742401957407135,1.0806447301804207,829.32289391011,1336.7252083420753,True
flow0000006,8,99,104,2.7473810902805043,1.8801702107314155,2.4652560583430545,73.19436240941286,71.16913390904665,False
flow0000006,8,103,1455,15.97183153296263,2.5321348388168334,4.06776467812357,136.30461758375168,46.19651611149311,False
flow0000006,8,115,116,5.771481942933177,9.541022511289173,4.047371428419504,106.95385067164898,169.02322881668806,True
flow0000006,8,141,1494,15.135171898174303,1.2038284918042133,0.8099532070277564,115.92622381448746,27.492410078644753,False
flow0000006,8,124,1510,1.0866493499271457,12.309441955928433,0.8856446094459094,163.60659148544073,257.17361734062433,True
flow0000006,9,25,257,37.46231564543285,6.834308870639917,0.9919529445125479,208.96444851905107,27.43938720226288,True
flow0000006,9,35,336,5.23385930701025,8.910332111321328,5.182927647675759,475.63987063616514,829.6356242001057,True
flow0000006,9,4,37,62.62620597659123,3.2358683879352093,0.10481844822847186,468.70388232916594,161.6049294397235,False
flow0000006,9,4,327,38.47944482197676,1.8113645254610056,0.9467882734208796,468.70388232916594,27.333977609872818,False
flow0000006,9,37,327,5.264214061427145,3.509924425266044,0.9348903176904746,161.6049294397235,27.333977609872818,False
flow0000006,9,68,69,9.186244155211016,8.013066140694326,3.1389574461160388,129.46813859790564,123.02463461458683,True
flow0000006,9,74,656,22.387228567828366,12.42923726298596,2.603761080225469,339.37793247401714,39.90061756968498,True
flow0000006,9,88,857,5.185922771797911,0.4812602597002097,0.1712604030443031,346.7943205088377,30.547529868781567,False
flow0000006,9,18,21,6.7835714048064535,2.312041750767392,3.3338174854173515,202.03243393450975,439.9957620501518,False
flow0000006,9,40,369,4.806930901353361,10.683856513831577,2.276053952645006,138.50897823274136,72.63101176172495,True
flow0000006,9,70,82,49.20396618201981,1.438177715883319,5.288868798982699,394.4055855125189,295.92285441607237,False
flow0000006,9,31,294,46.702820096158796,2.439234462681955,2.184063275730904,166.78622709959745,23.529528856277466,True
flow0000006,9,97,101,54.493392322095694,1.94022090676583,3.2018360547499762,360.3258891925216,320.92110881209373,False
flow0000006,9,97,939,31.60560825308482,1.603930579554425,2.892283313543455,360.3258891925216,30.324927367269993,False
flow0000006,9,101,939,5.18159553921373,0.3366853204051653,0.11798856126263231,320.92110881209373,30.324927367269993,False
flow0000006,9,62,99,49.57187779712536,1.5631324488702238,5.740510948543085,594.6570508554578,99.78649384528399,False
flow0000006,9,36,54,41.70138527960386,1.4311611795377481,1.6272751386809525,164.86736503243446,101.61555372923613,False
flow0000006,9,36,323,5.263612304697528,2.3519932264466274,0.7068125511558953,164.86736503243446,47.87669662386179,False
flow0000006,9,63,92,31.53960648618628,11.712568222428184,5.8033840582589,115.04107210040092,118.08711498975754,False
flow0000006,9,44,48,68.4199209349822,4.9256867436479785,1.7158580855407897,923.0122193321586,175.4703957363963,True
flow0000006,9,48,49,4.265978235818762,7.937776977613199,3.324873068067242,175.4703957363963,69.60280218720436,True
flow0000006,9,46,64,60.62700365958193,2.237157525464343,6.066936945872824,131.765489064157,516.6509578078985,False
flow0000006,9,79,721,1.083440167606388,5.816478428791768,1.0535371737157142,137.32224852591753,69.61187891662121,True
flow0000006,9,94,835,5.593568092287575,6.489939332527894,3.6897200888431105,262.49742778390646,18.22546511888504,True
flow0000006,9,87,107,72.88507262673293,0.45699834738833894,1.098197681345873,318.6938174813986,160.15419766306877,False
flow0000006,9,98,103,45.230996770119724,1.6740905830952766,2.1378793019351057,296.12204986810684,391.0613079145551,False
flow0000006,9,105,110,4.399781693044219,9.668604259835226,4.385382422397892,846.3907838314772,59.07524424791336,True
flow0000006,9,108,118,43.87176334371376,1.3209934729459112,2.5978470844301134,86.9300587400794,266.3596755862236,False
flow0000006,9,108,1072,18.526063703594463,2.025464371181466,0.9892360488034467,86.9300587400794,40.991651587188244,False
flow0000006,9,118,1072,5.718310055021199,0.7474009878650105,1.645784074067618,266.3596755862236,40.991651587188244,False
flow0000006,9,112,115,51.33115981342664,9.634342837837899,2.757633158056927,875.9351724088192,94.54452953487635,True
flow0000006,9,112,116,5.9319676081021155,8.40867895952153,5.9046264659309005,875.9351724088192,173.84355770796537,True
flow0000006,9,113,122,4.964139567882984,13.56848195306604,1.7936962325093975,464.9653530046344,157.51864568144083,False
flow0000006,9,243,258,5.283983522771585,4.92058907759523,0.4506593743022366,111.43900260329247,24.38649744540453,False
flow0000007,0,2,3,23.081107450569274,10.633445420175539,2.65841031756876,2129.5897064507008,430.4700652062893,True
flow0000007,0,2,57,23.752353913415394,4.722510341627172,7.201883034748428,2129.5897064507008,784.5282321944833,True
flow0000007,0,3,70,68.1700766469341,4.301772922768069,4.924246404782835,430.4700652062893,38.23572374880314,False
flow0000007,0,4,67,17.42104616028383,3.015068289710809,4.494463787103022,203.2467109411955,456.30570063740015,True
flow0000007,0,4,924,17.42077305359399,10.953523837509707,2.969067522825711,203.2467109411955,827.753546833992,True
flow0000007,0,26,29,5.790716152876376,8.20651285489047,0.42807593249051384,90.82479029148817,451.33092199265957,True
flow0000007,0,57,926,22.329588165105555,7.820693157770823,1.619553485561103,784.5282321944833,12.373017720878124,True
flow0000007,0,64,74,9.418272422176978,1.3466522667166225,1.0203465383361054,228.89987093955278,265.4636935964227,True
flow0000007,0,67,75,9.514171199039092,2.3166279203669657,2.6324106156848015,456.30570063740015,56.990782558918,True
flow0000007,0,67,924,7.099364423618573,8.784456271093564,7.074668333447343,456.30570063740015,827.753546833992,True
flow0000007,0,75,924,28.361413609873132,9.514337166346655,2.7674334801864804,56.990782558918,827.753546833992,False
flow0000007,0,138,1996,5.965785065554887,2.7197300828100825,2.4376847081399844,118.57371905446053,37.75899299234152,False
flow0000007,0,143,145,8.42585002085867,14.034617101499254,1.4169118769081677,82.54697349667549,25.444571495056152,True
flow0000007,0,158,174,56.747884091710866,3.1176027638472905,1.1598922624632424,74.41437181830406,496.9453038945794,False
flow0000007,0,174,182,3.2088758337042456,8.680837222749838,3.20887556707605,496.9453038945794,36.370997346937656,True
flow0000007,0,5,1522,5.8823779452805605,2.4307995883373192,4.113074923811353,1080.3850042298436,865.1224277019501,True
flow0000007,0,84,1302,4.748536704066518,11.073074837228164,2.8174737474664395,141.25057623535395,295.11492320895195,True
flow0000007,0,98,103,6.211096493986063,2.7835800156519848,2.1823131886576075,104.41909115761518,249.40883307158947,False
flow0000007,0,101,1413,4.775166304891013,2.297168722476047,2.176959539310251,544.7417405545712,89.14381327480078,False
flow0000007,0,101,2035,42.41238426706166,1.3675008278069598,2.7908884539217773,544.7417405545712,249.23798122256994,True
flow0000007,0,113,117,4.486686976249975,14.689238828719745,4.482518462594478,97.65744935721159,48.00137221068144,True
flow0000007,0,113,122,10.360342426327765,13.1088080335307,7.640645161862249,97.65744935721159,98.14420989900827,True
flow0000007,0,114,124,3.399080058354553,12.818757815614353,3.3052287979971804,154.20366441458464,68.07771039754152,True
flow0000007,0,114,1736,1.8736392329518128,2.6470230309952605,1.873197522779439,154.20366441458464,118.41162350028753,True
flow0000007,0,115,120,7.972403879199985,6.426326735120531,7.296415724028545,144.05539064109325,138.2575568407774,True
flow0000007,0,116,117,3.886769667551648,4.834556599945056,0.4218743888953294,109.6608959659934,48.00137221068144,True
flow0000007,0,116,122,7.353815889696666,4.989787782258197,5.683927763106374,109.6608959659934,98.14420989900827,True
flow0000007,0,117,122,10.313336966612427,2.88853011001205,5.07087789863577,48.00137221068144,98.14420989900827,True
flow0000007,0,124,1736,1.6584108004400702,14.488340279199061,1.5643689452687184,68.07771039754152,118.41162350028753,True
flow0000007,0,1413,2035,60.83060865757154,2.792612905491049,7.271937379542137,89.14381327480078,249.23798122256994,False
flow0000007,0,6,110,66.3278854539813,12.701784395447255,6.010170675253257,560.0913857743144,120.77999034523964,True
flow0000007,0,183,190,56.79671185029053,0.6746129964731846,3.0206609363083845,72.93959672749043,613.8262630999088,False
flow0000007,0,539,675,6.305623616650611,1.841503143348659,0.9220970536550679,42.71928209811449,71.4659350886941,False
flow0000007,0,25,53,58.643607929176255,0.5449258009865682,1.3865889519458865,682.7932653054595,70.0381332039833,False
flow0000007,0,32,714,6.517218091358021,1.4829725656693604,1.3226491481399496,420.0428230315447,27.140515476465225,False
flow0000007,0,42,46,70.10496689358642,4.654823534518568,6.775018002711274,302.66093046218157,52.35006485134363,True
flow0000007,0,54,93,43.52210861024757,3.659985981246711,4.194907687330663,163.3443431481719,520.3394869416952,False
flow0000007,0,170,199,78.55560999103155,2.951094801663174,5.576451714238215,605.222980812192,47.978602677583694,False
flow0000007,0,109,1690,35.70814169629385,3.689688909003984,2.3784766977129435,82.9085813164711,34.86103254556656,True
flow0000007,0,99,105,49.431036317300844,6.2947992461333735,5.089688031716832,40.63912024348974,144.66555397212505,False
flow0000007,0,99,1382,4.263675233564748,2.821419855916299,1.2706236310682488,40.63912024348974,18.197918578982353,True
flow0000007,0,99,1463,6.210088534343786,14.349026430055394,2.7299961726133875,40.63912024348974,333.98342507332563,False
flow0000007,0,105,1382,76.69154152094085,4.773041128675924,6.375136808877242,144.66555397212505,18.197918578982353,False
flow0000007,0,105,1463,10.050329090520727,12.982363510592194,6.830129377686789,144.66555397212505,333.98342507332563,True
flow0000007,0,171,196,50.79632014602295,3.597779038952119,3.4612864980673135,372.315801858902,134.74003906548023,False
flow0000007,0,165,167,77.0342366187722,0.5494913053507344,1.8039243765488506,105.18227380514145,554.7796787247062,False
flow0000007,0,169,2306,26.517625075806503,11.97286081852165,2.261881437820094,825.9154180362821,30.679052338004112,True
flow0000007,0,172,200,68.35055268217431,3.0994163180779117,4.043605522954275,654.8066085353494,44.84370996057987,False
flow0000007,0,175,189,79.73933404851839,4.087169670543059,4.8921404800126576,621.629896491766,29.410159289836884,False
flow0000007,1,52,520,6.912811890003353,6.27431157055884,1.1700910744238515,47.7286142334342,46.96670510619879,False
flow0000007,1,57,603,3.6791439526812044,10.38179469891913,3.61089097033434,175.52230496704578,29.54454868286848,False
flow0000007,1,59,71,8.305228443354443,6.922915003960184,5.24483147594598,390.7098931670189,73.82204217463732,False
flow0000007,1,109,1100,38.25607532276829,9.212055115866306,7.435812032039429,79.92925450950861,17.516579166054726,False
flow0000007,1,61,85,54.25486089449614,10.050904779880344,7.869912180649814,235.51391024142504,461.0639344602823,False
flow0000007,1,61,820,27.3282241168811,1.6207271056748371,4.3404642120759025,235.51391024142504,27.78586819767952,False
flow0000007,1,85,820,8.19021864035382,8.862747653972589,5.772566236401384,461.0639344602823,27.78586819767952,False
flow0000007,1,132,1338,6.22780266751517,0.48523782126878956,2.567155978605278,443.2734801694751,23.255336977541447,False
flow0000007,1,14,382,19.787420150598223,6.532943168563254,4.467956111487122,67.57343336939812,25.452054724097252,False
flow0000007,1,25,382,5.808820802126671,3.9267790988308087,2.3828462425718326,196.33873949944973,25.452054724097252,False
flow0000007,1,26,30,10.354166027404975,7.040674808133891,7.424666746171772,589.0520448237658,173.3679442703724,False
flow0000007,1,101,102,4.281966038949804,5.250245636230896,4.223094326874987,285.40994646400213,144.3544226512313,True
flow0000007,1,102,112,10.159109501326302,6.56739481249738,1.9515250521999687,144.3544226512313,618.0001237764955,False
flow0000007,1,102,115,29.108802372422737,12.673315757078,6.269405235163925,144.3544226512313,297.3083004206419,False
flow0000007,1,111,874,16.385289523414336,6.699158851487543,2.976578354036765,165.96667868644,46.545704156160355,False
flow0000007,1,112,115,19.03667159227629,12.124926179546204,6.063209972980983,618.0001237764955,297.3083004206419,True
flow0000007,1,120,121,7.153119715002005,0.9850088095636564,7.068161333461493,67.78632233291864,105.42748545855284,True
flow0000007,1,50,56,47.20063077413813,7.278921992884399,3.3876438419932877,198.45600076764822,454.0253936871886,False
flow0000007,1,50,698,26.266225736813944,4.648033849996538,4.025924245270398,198.45600076764822,20.56198536604643,False
flow0000007,1,56,698,5.786480000568806,2.6330702525454686,1.4724282443646477,454.0253936871886,20.56198536604643,False
flow0000007,1,44,513,5.581216904941328,2.215794200371787,0.1454086737013245,47.84915014356375,54.54869265854359,False
flow0000007,1,65,68,15.21597167334551,4.1608760901540505,2.888640491286897,203.91085335612297,128.27519840747118,True
flow0000007,1,65,69,32.13426224004806,3.994605253939249,7.293478891221475,203.91085335612297,65.71093723922968,True
flow0000007,1,66,623,1.4635119048617713,4.148949732366356,1.1886105539820604,88.30690755695105,189.42152765393257,False
flow0000007,1,74,917,9.619073078025002,3.425250478785546,5.2816320976268525,718.180868498981,27.993980586528778,False
flow0000007,1,79,741,6.531445999636268,11.195671774068302,1.373508290353941,228.98569422215223,46.36529854685068,True
flow0000007,1,80,82,6.07594175809246,10.350874663208732,6.014911308904375,426.57788018137217,126.31732243299484,True
flow0000007,1,86,833,5.526812267365907,8.10018079657483,1.5244194688366433,131.13780911266804,301.1294682174921,False
flow0000007,1,73,851,5.125918613110155,0.20920798634087326,0.07020383626335729,323.88483203947544,25.389478482306004,False
flow0000007,1,94,118,76.84176816305063,0.19511937146476613,1.7748492931786792,195.5126609057188,445.86699575185776,False
flow0000007,1,129,1327,73.40033758215209,4.437860168763706,0.8995876996459466,424.32272904366255,19.982712015509605,True
flow0000007,1,130,1292,66.31811135894353,4.2132885472055275,2.192790187458887,310.0405428186059,18.71732233464718,True
flow0000007,10,2,5,3.7148437523820923,0.7328431786862729,3.7058673046661172,721.741382420063,153.40035861730576,False
flow0000007,10,4,139,76.9467867050326,2.8624303967776785,1.2328959121798284,423.5007902830839,17.376776598393917,True
flow0000007,10,48,87,43.12107153616565,4.784405525872192,7.725534598088685,420.71683882176876,271.21041552722454,False
flow0000007,10,48,440,5.252926827635454,1.2908346108394724,3.695959505302155,420.71683882176876,21.340454436838627,False
flow0000007,10,8,14,34.41269354635928,2.0565073910599745,3.575669995121714,50.88149993866682,414.6403597295284,False
flow0000007,10,8,155,13.388931248797524,8.935819781238644,1.8404488162413077,50.88149993866682,20.832037284970284,True
flow0000007,10,14,155,5.407011220390622,7.7289984161123275,1.5230434059917564,414.6403597295284,20.832037284970284,False
flow0000007,10,26,41,61.88350752791798,8.811000801837139,2.8988215000594018,655.574413985014,54.22577775269747,True
flow0000007,10,27,233,3.015360176723289,3.921939077096657,0.992277144313049,150.10257332772017,17.04685501009226,True
flow0000007,10,54,73,43.168375347774855,3.8440110826664258,7.29938375954583,555.2193095907569,141.11109392344952,False
flow0000007,10,50,738,2.343778028836957,8.922716863275777,2.3089152007307487,363.5720768123865,40.901369012892246,False
flow0000007,10,77,92,42.20340704795152,5.371788474222083,0.9228745268543521,131.48938737809658,112.37733710557222,False
flow0000007,10,77,586,5.681750558939998,3.2673155027413743,0.6487843493042513,131.48938737809658,24.518656447529793,False
flow0000007,10,80,592,5.497672255300366,11.292458119466444,0.5203293523587453,72.3851632475853,24.16883198171854,False
flow0000007,10,92,586,18.45534738714716,3.636343451828452,1.4538356935431214,112.37733710557222,24.518656447529793,False
flow0000007,10,58,67,5.074274078986576,9.893605962579791,2.103545066320498,152.75006532669067,125.69712676107883,False
flow0000007,10,59,67,41.947535129583414,6.139874517268081,7.035643236121126,220.70294350385666,125.69712676107883,True
flow0000007,10,60,500,10.500343155139845,3.4545223781165793,2.0049695106230927,62.805173210799694,60.24828067421913,True
flow0000007,10,51,81,54.289811396092716,2.1438840935514123,1.2287133247967992,168.45828788727522,373.32770001888275,False
flow0000007,10,88,518,10.095781657725087,5.971698173520965,1.4753589624991754,84.87919397652149,53.76751748472452,False
flow0000007,10,104,1096,11.700431495126294,4.503490331233306,4.735749586305232,327.78831684589386,27.85815817117691,False
flow0000007,10,89,680,4.799868688446709,14.142142396933984,1.4226047907791148,89.45797181129456,31.261032320559025,True
flow0000007,10,72,76,28.946577685974958,7.810552387513404,1.6989747158307007,215.5323126167059,251.42243871092796,True
flow0000007,10,106,118,54.84370917260611,1.3310149585672804,1.7127729243006105,170.8237877637148,531.0867796614766,False
flow0000007,10,120,998,6.136652959630753,4.203355708770337,1.519130248700801,131.8201051428914,47.76093748956919,False
flow0000007,10,129,137,0.4977926768262267,2.4886027790571386,0.46639517092306226,907.5945966541767,133.19074434041977,True
flow0000007,10,137,1101,4.41034151106114,14.807652647348963,2.8201216260362805,133.19074434041977,8.494846008718014,True
flow0000007,11,91,95,49.53583887536938,3.160132244340594,5.111562375685296,36.344724141061306,655.2768122404814,False
flow0000007,11,13,205,6.0849678588269915,9.982656636226041,3.097565911146527,172.66813456267118,38.94651958346367,False
flow0000007,11,33,368,5.455017458007274,4.868395591947758,1.2603565011142985,119.81697550415993,21.527070075273514,True
flow0000007,11,28,344,54.655477173643455,4.313573914113769,1.866010784555827,160.86818058788776,25.22897608578205,False
flow0000007,11,32,521,5.165584004001534,0.7317984520780547,0.21846009893237303,472.9043316692114,31.212149247527122,False
flow0000007,11,54,530,5.154767217639127,0.9308545020045192,0.09988440639466621,142.56278245151043,27.01169952005148,False
flow0000007,11,100,105,4.3850243993206695,6.7710560931283466,4.376633675035723,253.1335090920329,138.85991943627596,True
flow0000007,11,106,125,41.61253780530517,0.2898717532887812,1.9174064530189288,74.20705623179674,133.05508159846067,False
flow0000007,12,0,19,7.25403328078087,9.056686418817163,7.1049162209827115,434.4149532690644,456.5638103932142,True
flow0000007,12,0,392,42.494234583543125,13.881096696943308,3.4238262564019064,434.4149532690644,22.90407895296812,False
flow0000007,12,35,358,6.302039974845817,14.108180076662778,5.472227176138308,52.18000936508179,59.43000574409962,True
flow0000007,12,74,75,5.010485433360168,1.2889915020681946,0.7033092407848517,51.290080949664116,385.994335770607,True
flow0000007,12,29,63,66.73927387954589,0.5242362712805421,2.177888067902444,507.67810755968094,107.96941182762384,False
flow0000007,12,50,72,78.40388099771872,0.544680638627436,6.580703161816139,34.13765634596348,631.3372692465782,False
flow0000007,12,67,804,22.90746144238155,6.423279856890652,4.647969509536492,104.3702084645629,25.447914846241474,False
flow0000007,12,9,256,31.098590188917584,1.2383788754492675,0.6026834888452552,150.61783729493618,24.24796813726425,False
flow0000007,12,47,54,32.38517546289043,6.414527199176962,4.613724917287272,215.93978035449982,520.2742079347372,True
flow0000007,12,55,57,5.448544535589833,8.038774607838127,3.500828690144387,115.72782492637634,101.87254899740219,True
flow0000007,12,58,59,43.510114393681434,0.9219247973416613,0.36203088302874287,85.59460984170437,275.8903064727783,False
flow0000007,12,70,755,9.615255893616506,11.863627510922566,2.2291157570912454,142.24432395398617,36.278644531965256,False
flow0000007,12,85,86,28.49048280853855,10.446703165517114,0.44103931135578966,671.3630387336016,74.32950261235237,True
flow0000007,12,36,460,79.61113587349341,0.8034732782083307,3.1849218173699247,271.8664383292198,26.946256548166275,True
flow0000007,12,16,214,7.186767587276689,7.482472867806746,4.29285598456753,152.25948456674814,32.6187748759985,False
flow0000007,12,97,940,3.3509813633590655,9.953674804777517,1.4663405478954847,99.06057117134333,36.29727426171303,True
flow0000007,12,49,878,68.17766341344736,1.6794445149103279,0.8612954470955724,519.1774323135614,26.12304439395666,False
flow0000007,12,87,98,49.62030992079912,2.3352777994696594,2.0715833669882975,580.5930253714323,87.90262667834759,False
flow0000007,12,101,102,11.829192690011824,4.740710261249778,5.567078360829401,126.37448596954346,65.33754594624043,True
flow0000007,12,71,724,7.64313517711075,11.921261616055594,3.610407629410713,235.44512402266264,22.768416427075863,True
flow0000007,12,73,79,25.446638860816833,9.40829165655619,4.702817450121129,578.5214635878801,79.556659899652,True
flow0000007,12,91,96,79.20860679361354,0.5665576044825031,1.464531535196396,399.9383013397455,262.9800477772951,False
flow0000007,2,82,107,41.77546830254094,2.5022783976065415,1.604762822009915,317.3556619808078,404.61373195797205,False
flow0000007,2,66,709,10.968988423163342,6.656904021757934,2.396708010323322,149.37712733447552,95.41662493348122,True
flow0000007,2,121,128,56.454575585990376,2.1711474966352777,3.5452939916746358,181.90243636071682,523.3038469105959,False
flow0000007,2,5,31,54.860105382887916,4.3635571894052205,3.7896564928766603,304.26770739257336,361.06423127651215,False
flow0000007,2,5,228,5.538543815216775,0.7418813038451627,1.4897455553835697,304.26770739257336,46.7111429721117,False
flow0000007,2,31,228,29.939311750634356,4.565755546628594,1.242054063911193,361.06423127651215,46.7111429721117,False
flow0000007,2,80,861,69.75491699124763,5.031116052653826,5.457978861895131,422.06104128807783,7.704753659665585,True
flow0000007,2,80,863,4.35971383184797,1.6295346251063632,4.352544005913245,422.06104128807783,5.2924404963850975,True
flow0000007,2,7,195,3.168952714933633,2.9407724003322713,3.066428439627547,506.3146309107542,30.29467459768057,True
flow0000007,2,40,67,3.390449488358783,1.1265025325649733,2.305137097080948,346.6669379323721,406.484824873507,False
flow0000007,2,40,390,3.7990882063711715,0.6366821039776739,3.7780330762616887,346.6669379323721,20.96499314159155,False
flow0000007,2,10,24,53.474463617083146,5.374193095402942,1.1485420954597096,413.7222444564104,197.7974316328764,False
flow0000007,2,32,33,61.742474863745315,10.488098030933527,5.815949392880555,482.33703235536814,51.570322483778,True
flow0000007,2,18,257,9.214636830196426,13.483446900484767,6.53001569061188,207.1186718940735,292.688916221261,False
flow0000007,2,23,365,6.6612126628959505,4.74378813577379,4.066683712194801,434.74742835760117,26.907563269138336,False
flow0000007,2,55,56,2.5085945928512854,5.21463606520022,2.5040719677311087,330.14919739216566,255.48197004199028,True
flow0000007,2,55,64,62.43740231237191,13.232693160642954,1.1007312327995777,330.14919739216566,85.2960546836257,False
flow0000007,2,43,46,37.507391965738385,8.984031165695386,6.8136189980791855,565.1476911455393,89.10767026245594,False
flow0000007,2,43,474,13.343638848046723,5.216100707254408,5.767082984092191,565.1476911455393,24.90176124870777,False
flow0000007,2,46,474,6.3447173168574045,7.64394250620558,1.3958437158971082,89.10767026245594,24.90176124870777,True
flow0000007,2,48,52,3.7748174805765067,1.4427372577630806,0.12430392927909109,151.79756089299917,366.92113177478313,True
flow0000007,2,72,75,5.400671474860357,12.502871910954982,2.1274768532925705,161.77243863791227,82.23010858148336,True
flow0000007,2,72,76,11.603110506473568,11.24660875328457,4.830296439333438,161.77243863791227,89.68965031206608,True
flow0000007,2,84,736,35.273935742355,2.6982506435908036,5.0773384692882795,455.7611430808902,27.657052539288998,False
flow0000007,2,126,1211,6.983292402147067,12.260268752157533,1.1621057621302773,162.05872997641563,53.94951605796814,True
flow0000007,2,86,91,54.3109318168113,2.216101674798692,2.184706792767391,363.20744413137436,451.87612572312355,True
flow0000007,2,92,936,6.322471135596617,3.9367921341838166,1.3674627159014998,125.79919258505106,49.611173652112484,True
flow0000007,2,95,96,4.870687650760529,11.96779202842559,1.4080731480427422,243.1651616320014,74.44621853530407,True
flow0000007,2,115,117,8.029592447669584,6.037466181485487,2.9713680517762904,135.62264098227024,411.7484425455332,True
flow0000007,2,133,138,23.198956710797688,9.626978555340372,7.814989164732479,134.2067819684744,211.2587759643793,False
flow0000007,3,57,689,5.918228560459908,1.0737225455598909,0.3157922548387562,145.0300284102559,26.041041493415833,False
flow0000007,3,2,39,33.26674202058843,10.946630538452323,0.7036713348839825,247.62340677529573,464.83239337801933,True
flow0000007,3,39,572,2.965223711663609,1.9664630059910924,2.9650492010325418,464.83239337801933,683.854999601841,True
flow0000007,3,131,137,4.953898852423553,0.2299961044813639,0.4409024471421438,179.52674651890993,620.7877382710576,False
flow0000007,3,3,121,28.459161773792154,6.539670455867938,7.606883365093071,752.4538675770164,107.72690610587597,True
flow0000007,3,3,124,54.22943604190415,8.546869993870292,5.237171609181782,752.4538675770164,117.01327786594629,True
flow0000007,3,121,124,17.9752423064191,2.6939812542108172,0.8238054399382487,107.72690610587597,117.01327786594629,True
flow0000007,3,4,107,20.497998591342864,8.893007706061235,5.624971379745869,948.4281189665198,292.4709339439869,True
flow0000007,3,114,120,18.565243134454686,2.838243553737238,4.0383899216991175,179.42404378205538,51.43052012473345,True
flow0000007,3,5,138,1.170132185492973,4.128559065088692,1.0849485042868159,549.4170123338699,381.6414973139763,True
flow0000007,3,29,338,9.440709137964753,7.565971233440034,3.1187233802965575,235.00533387064934,21.410674065351486,False
flow0000007,3,16,256,7.606023309273021,6.659911520268969,5.38969239917565,472.8997151106596,20.355306535959244,False
flow0000007,3,27,278,5.1081729603377095,9.192490573409106,0.9427102050100493,115.08135890960693,16.451021663844585,True
flow0000007,3,27,305,11.494700115546188,14.486713034541273,0.7365733258098066,115.08135890960693,37.03434361517429,False
flow0000007,3,66,796,57.23833884124534,2.9252970265594773,3.120052085747382,192.98028759658337,19.338632225990295,True
flow0000007,3,93,135,40.4772970901299,0.2849673527811172,3.195600907407732,110.7247027605772,573.5116516053677,False
flow0000007,3,135,1484,77.40701595724889,0.9545513860761472,1.5457750048893026,573.5116516053677,33.65901581197977,True
flow0000007,3,21,26,70.89527520682172,0.6492660211044265,2.9989752503497513,100.142688408494,663.5953891500831,False
flow0000007,3,24,275,53.71403419982354,0.7537166908629753,2.2352236565226122,728.5367817655206,33.11413559317589,True
flow0000007,3,115,117,13.480052787596124,7.130880686980096,7.525082154949584,316.8165105357766,93.58485808968544,True
flow0000007,3,115,1185,31.503085216308694,14.250719252670791,6.217690655351177,316.8165105357766,32.1200708001852,True
flow0000007,3,116,117,11.54627945358554,12.576844354280992,3.7520560290874827,111.18423692882061,93.58485808968544,True
flow0000007,3,117,1185,7.988685894411457,8.566139973460238,6.443177738218958,93.58485808968544,32.1200708001852,True
flow0000007,3,53,65,72.38225150790407,1.1399467416059683,1.4895712570906734,550.7753975465894,123.56680789589882,False
flow0000007,3,43,50,56.39298000360237,0.7020998366692591,3.435319949563797,113.33828175067902,578.6579183936119,False
flow0000007,3,58,61,6.3617805947215915,11.845754258229125,4.277803781449618,197.0302686020732,35.05465468764305,True
flow0000007,3,133,149,11.97549576741962,2.0623504865612206,1.7436677685734965,460.0990099981427,234.50185329467058,True
flow0000007,3,70,972,11.150359303665677,14.906814101492262,2.147422789341132,140.54423759132624,41.82234708964825,False
flow0000007,3,79,145,47.54895085789355,3.648321351071136,2.676942716166136,419.30607403069735,222.5802495777607,False
flow0000007,3,79,1168,5.328995254754369,2.3419320088892053,0.6496958266572557,419.30607403069735,24.319621101021767,False
flow0000007,3,145,1168,26.073875715783554,3.5521340481407804,3.5175946747365985,222.5802495777607,24.319621101021767,False
flow0000007,3,132,166,72.50102129140764,1.5584453297988268,2.2910039824708472,465.03222922980785,194.5716190263629,False
flow0000007,3,155,158,41.642816675369524,1.4134011302986569,3.2908990594550085,138.22204964607954,601.8057762011886,False
flow0000007,4,39,43,9.439562137661902,7.720935737967611,1.307004294523755,163.70499474555254,54.25268764793873,True
flow0000007,4,39,466,3.7568325655111146,6.068364926169269,0.3056275544562849,163.70499474555254,40.4413580596447,True
flow0000007,4,43,466,13.191934297165668,13.539493260053872,3.335833879454161,54.25268764793873,40.4413580596447,True
flow0000007,4,68,842,14.585381935172965,6.082362987077606,6.998956678221617,85.34971428662539,38.20945028960705,False
flow0000007,4,7,22,48.197936841199216,2.221949504973663,2.0929454526078377,504.97488264739513,134.53192679584026,False
flow0000007,4,7,256,4.637328459721193,0.8010218211729274,1.387631294637951,504.97488264739513,28.695223450660706,False
flow0000007,4,93,1095,5.748117587612234,1.747465417273235,0.12453033175964634,57.304144129157066,43.346165135502815,False
flow0000007,4,93,1193,59.49481280931068,3.798342619242789,1.0216498657918236,57.304144129157066,25.49472802877426,False
flow0000007,4,109,1193,6.052128230218181,1.060081729756688,2.3109102835191724,380.3453802764416,25.49472802877426,False
flow0000007,4,112,120,64.30123422642427,7.6103020402380706,7.459909268030081,430.527391448617,236.19158706068993,False
flow0000007,4,136,140,74.4198307965693,1.451128860967194,1.6857719357590082,147.12053997069597,506.2230760753155,False
flow0000007,4,18,42,26.702296693650375,2.528973641679513,0.5638764367288474,469.02010971307755,177.1276501789689,True
flow0000007,4,124,125,9.098833420997279,9.02979767684353,2.2802139991852903,20.718347907066345,164.53091292828321,True
flow0000007,4,132,1269,4.272694461737043,5.057586192517511,1.3013191912644557,140.46494401991367,19.67747037112713,True
flow0000007,4,38,434,11.378645128332757,5.320465113569471,2.8473396538176625,617.7283181026578,296.07157354056835,True
flow0000007,4,91,105,41.98576138149082,6.322462962160793,1.678593915537564,276.2665604278445,313.8609110638499,False
flow0000007,4,91,1068,12.772198034857432,3.921930046137034,3.6442105533635196,276.2665604278445,42.26739105582237,False
flow0000007,4,91,1170,19.76404612925573,2.3433377429153266,1.4622446531202524,276.2665604278445,20.80719716101885,False
flow0000007,4,105,1170,6.182719407652614,3.9824470285445104,1.848658887832418,313.8609110638499,20.80719716101885,False
flow0000007,4,83,982,5.760753793842082,4.336197409875892,1.2969743650663352,114.85318335145712,17.633771665394306,True
flow0000007,4,115,118,7.742211857660877,3.0552444054887884,7.741640532629469,315.403358861804,160.6669147759676,True
flow0000007,4,95,1139,5.150662090121355,0.624832448909636,0.10175795504600002,178.33762615919113,24.096382319927216,False
flow0000007,4,119,133,50.274830230869554,1.5591737237561556,1.04295331294148,83.46858815848827,152.71710588037968,False
flow0000007,4,119,1318,26.137403292381013,5.954329498127545,2.686092395424524,83.46858815848827,60.02647517621517,False
flow0000007,4,133,1318,4.93627462224362,6.246312364458876,0.9432616610160128,152.71710588037968,60.02647517621517,False
flow0000007,4,135,1323,2.326769971610767,3.706057663275411,0.4874799032075568,172.08424075692892,27.278247892856598,True
flow0000007,5,0,612,49.870055921148406,14.635621740777507,3.859319432212983,700.7529756054282,17.573105439543724,True
flow0000007,5,17,283,47.21756261781246,10.312428744200503,6.150786580468053,733.0376960262656,31.553217507898808,True
flow0000007,5,47,62,40.505563377659726,12.404654481990882,5.539135364781288,82.69632927328348,267.8400245606899,False
flow0000007,5,41,337,32.867586822843165,8.077577064973156,3.8450221625865204,78.55718221515417,180.50456769019365,False
flow0000007,5,88,883,6.786240102624675,2.4580954691915116,5.751378837018902,371.51966005563736,21.365930885076523,False
flow0000007,5,95,1005,5.281434034188246,4.3120883686143365,5.280522298958998,556.6873940676451,30.14866191893816,False
flow0000007,5,6,1394,8.597144827692865,3.5497223901753525,7.955025585313839,1320.2000067904592,1115.1995496228337,False
flow0000007,5,25,230,4.162415251145683,9.47136014795645,2.570716721970081,70.36964792758226,22.865545958280563,False
flow0000007,5,26,230,7.223093564608737,8.960630513529225,4.460082783464488,264.5204256027937,22.865545958280563,False
flow0000007,5,144,1394,7.092371937610912,5.482381868822292,6.073555968339141,648.6720023304224,1115.1995496228337,True
flow0000007,5,9,242,5.181714286781402,0.582966638075304,0.12962377643541156,464.75883404910564,29.43834264576435,False
flow0000007,5,19,21,30.25496251803954,5.6173129086563875,2.6820426774117068,288.0606251657009,107.8049293383956,False
flow0000007,5,59,792,58.60238829590031,3.696844684278418,2.438040313537804,346.38223976641893,21.243325032293797,True
flow0000007,5,15,51,67.18257394009841,2.3524746307634845,4.9122671678304375,599.2656007036567,104.4934510588646,False
flow0000007,5,106,124,58.627320820631304,2.067544603487828,2.4840186096391585,528.451709009707,70.80625213682652,False
flow0000007,5,29,40,42.326702527919,5.0331829472103,3.362446656079868,159.0534505546093,262.55299684405327,False
flow0000007,5,126,156,76.57846133192982,0.22498461599017883,0.13852736723536474,516.0920645743608,136.46543949097395,False
flow0000007,5,93,99,65.66775550669689,1.0598694455930806,2.994740398689945,397.0720276385546,298.7751154527068,False
flow0000007,5,141,151,52.455167244172095,0.3453601750587004,1.6738637382170551,132.339032843709,289.90497183799744,False
flow0000007,5,117,133,5.307949305934611,3.814091096154105,1.183360310110467,545.2729352414608,75.69504833966494,False
flow0000007,5,97,103,11.93794622238542,5.113402735926228,1.9529288036630406,745.8369648978114,84.39513966441154,True
flow0000007,5,105,1098,6.522836788250052,6.553021614561565,3.6512214436731796,184.5926018357277,79.6391397640109,False
flow0000007,5,140,1638,5.153134720211987,0.7211132550082245,0.16510414138349475,604.6505575031042,21.819891773164272,False
flow0000007,5,113,116,15.86738615613065,4.935340031021556,0.6495857874679906,197.9978996962309,41.609618090093136,True
flow0000007,5,145,1392,41.63313448895554,2.970715477619394,0.23086892321402613,759.8634170368314,56.76770358532667,True
flow0000007,5,125,128,5.137661346886774,9.029504674441272,4.6506220795261815,45.560239508748055,344.52579356729984,False
flow0000007,5,128,154,52.70476916968788,9.571779679953526,1.6791869298832571,344.52579356729984,171.01995673030615,False
flow0000007,5,136,138,2.2668267397828172,6.161121725355588,0.7676686448945405,124.93744715303183,58.709496073424816,True
flow0000007,6,48,553,11.985299894042631,0.34488540629533465,0.49971794880489123,317.49037144333124,23.370459735393524,False
flow0000007,6,1,130,20.097603096022937,14.323199810561759,7.682884039061148,846.01054251194,32.14140749722719,True
flow0000007,6,2,227,5.166675126635944,0.747047522356136,0.22580509975304094,652.05068025738,23.78365732729435,False
flow0000007,6,84,107,55.63860985301879,0.9383516986002381,1.646668277528875,580.2739302143455,203.93075665086508,False
flow0000007,6,5,10,1.6575537494417136,2.397403720098737,1.0272741105965726,203.40609999746084,75.92242702841759,False
flow0000007,6,58,75,3.930107053634617,13.801333486413853,3.929798638472799,836.48612267524,38.367246463894844,True
flow0000007,6,59,501,2.5526886978372674,10.731778881908825,0.9843681106678333,205.82414628565311,34.453884705901146,True
flow0000007,6,60,64,30.864660623289353,9.678621422871,0.49634743016255634,241.95279544591904,82.53725974261761,True
flow0000007,6,61,508,4.386863468691842,10.875554344971851,2.9513655660786786,183.28533528000116,1385.1181302964687,True
flow0000007,6,65,508,25.855893238525667,13.75913117065357,5.594416419428876,141.32716576755047,1385.1181302964687,True
flow0000007,6,78,694,16.85481418765958,14.674537430855368,0.9570027130249901,173.41778025776148,31.801136061549187,True
flow0000007,6,78,783,5.181090311331617,1.6837716736246042,0.5703301115212401,173.41778025776148,21.111642360687256,False
flow0000007,6,40,341,6.9672959246317285,10.714932065025284,1.1265319696038134,156.533497877419,57.22214149683714,True
flow0000007,6,73,371,31.12057259500322,6.056982976967744,5.205319430945629,72.46620956808329,258.6125627234578,False
flow0000007,6,20,23,5.956067654061278,2.9115269846325824,2.154308005980415,628.8270197883248,191.54006288945675,True
flow0000007,6,20,25,10.879635540660646,6.430606653753689,7.39637037472768,628.8270197883248,116.88573558628559,True
flow0000007,6,20,27,79.05455377631102,0.6469324334436415,2.910935151813202,628.8270197883248,426.61100286990404,False
flow0000007,6,23,25,42.15481825439422,8.39595239043054,3.6258873752814607,191.54006288945675,116.88573558628559,False
flow0000007,6,23,26,7.975329551842432,13.427109286890285,6.521904174199102,191.54006288945675,218.1723209992051,False
flow0000007,6,32,66,70.46078277615317,4.854925380657536,3.3855046869032,319.22994113713503,383.50256618857384,False
flow0000007,6,32,311,5.18067696318062,0.901506951004116,0.07355246890172877,319.22994113713503,23.158207431435585,False
flow0000007,6,66,311,47.556230040512,3.965998559508179,6.0748569962766705,383.50256618857384,23.158207431435585,False
flow0000007,6,117,122,9.797116030077973,3.413065545776397,4.575345831269551,704.4558383449912,199.59528120607138,True
flow0000007,6,117,1109,75.2045104731431,1.4912823211752053,2.092372171734426,704.4558383449912,93.78198374062777,True
flow0000007,6,119,122,38.85111177808112,7.241412162771064,7.617762082603083,57.687248446047306,199.59528120607138,False
flow0000007,6,119,1109,5.2398459116233695,9.522150535490002,1.894892681236222,57.687248446047306,93.78198374062777,False
flow0000007,6,122,1109,12.395684538984227,2.3306168482606022,0.9906817657206802,199.59528120607138,93.78198374062777,True
flow0000007,6,70,89,50.053456796805065,0.8571797198767092,0.2978641557447124,185.6076857149601,256.6433865055442,False
flow0000007,6,86,102,62.930210368107254,5.015320199100727,2.967808559870734,211.51386142522097,466.90810192376375,False
flow0000007,6,85,103,52.08598530866351,1.2684850130202803,3.3588979421734977,243.82882851362228,450.9742540717125,False
flow0000007,6,104,115,40.289709417184696,3.7487290545831473,1.4328708899565301,365.702082388103,360.9731517136097,False
flow0000007,6,105,108,33.33561694047613,4.796392200933757,2.682895321591089,431.31891345977783,74.23332963883877,True
flow0000007,7,1,69,24.648256760672623,3.457312093299127,4.897435641904819,1449.438839264214,104.92655202746391,True
flow0000007,7,1,728,6.5265210281040975,11.186825705816506,6.523261658298092,1449.438839264214,933.3507604673505,True
flow0000007,7,48,55,26.624517252651305,10.592885423761423,5.452658521880099,212.51827324926853,105.44340914487839,False
flow0000007,7,48,464,6.463388426268973,9.075132588192844,4.807599668811275,212.51827324926853,708.4457797110081,True
flow0000007,7,55,464,8.219915777458544,7.029380308537421,5.995634001907423,105.44340914487839,708.4457797110081,False
flow0000007,7,59,60,2.9305882790018267,1.2231651343393852,2.384098607235779,578.3814916536212,653.6857963502407,True
flow0000007,7,59,702,32.940865374455115,6.641547480019717,4.833601683159553,578.3814916536212,38.187477104365826,False
flow0000007,7,60,702,31.077118728723452,5.434618966765855,3.278923015872631,653.6857963502407,38.187477104365826,False
flow0000007,7,69,728,15.566086770051676,7.886577738015208,6.565493657147068,104.92655202746391,933.3507604673505,True
flow0000007,7,121,122,6.067315584299266,1.3387504375099883,2.6697336658016577,615.5878099277616,35.83376035094261,False
flow0000007,7,3,138,4.066435799029008,6.303079565293466,1.3329564263682083,132.4625919982791,18.237885020673275,True
flow0000007,7,100,102,4.935202690796702,0.3203982199929998,0.14444833854885528,747.695324100554,54.7996379211545,True
flow0000007,7,17,262,63.733072667379446,6.9740854295891515,3.0863651395914555,359.69932497292757,22.546611092984676,True
flow0000007,7,56,58,1.3489870287852448,4.912219235348323,1.2554472774634202,220.53782185167074,110.95080839842558,True
flow0000007,7,56,62,63.24132433242287,14.876472700986543,2.368327037429409,220.53782185167074,128.02632308751345,False
flow0000007,7,56,637,4.8529556030561185,4.285339671469542,1.7210225700392947,220.53782185167074,259.3835507929325,False
flow0000007,7,58,637,5.225357758126417,1.8421160853002827,1.8370597677080205,110.95080839842558,259.3835507929325,False
flow0000007,7,23,347,39.32272224832918,0.38303912790913014,0.4441546286429259,152.73701237142086,25.494887873530388,False
flow0000007,7,26,330,8.589096402189607,0.4948326253595183,1.008152801086326,731.5659435763955,25.159393176436424,False
flow0000007,7,33,385,6.177239891429009,10.436597337721691,1.884334034625229,81.36358665674925,32.37977285683155,False
flow0000007,7,264,385,19.13764334249382,8.13739514241297,2.1057276391714472,47.82908692210913,32.37977285683155,False
flow0000007,7,68,507,16.051795199870035,2.2608967464274885,4.638482102309803,282.74907413870096,28.540134146809578,False
flow0000007,8,1,87,22.058639094176236,5.443717170328807,5.228431178460705,544.0395440012217,137.09343638271093,True
flow0000007,8,27,352,6.551416211654587,11.083701264996836,1.0116995645430373,167.2322284951806,48.173498034477234,True
flow0000007,8,83,86,17.899001341036616,12.028741897101407,4.9305950337588165,60.10911510884762,151.91666321456432,False
flow0000007,8,120,121,3.186443608648439,4.262008815185813,3.0818046016918568,232.21150709688663,170.5843058153987,True
flow0000007,8,120,122,7.746789395857935,13.854606909965122,2.694346930293469,232.21150709688663,82.05097608268261,True
flow0000007,8,2,3,7.4787172916786675,3.9078262030152056,5.692145146081578,1503.3547592833638,328.21313828229904,True
flow0000007,8,61,63,5.672510335258897,14.633081320488907,2.5614638039051276,341.51032396405935,154.8407407477498,True
flow0000007,8,61,824,5.711175106817266,2.6807539773888562,2.2979917597213206,341.51032396405935,244.66987271606922,False
flow0000007,8,89,101,52.124046195056444,1.1476063445180693,1.703402044025568,84.5121722817421,378.21983920037746,False
flow0000007,8,89,1241,30.99938480187328,1.1498481254229629,1.4502925948549814,84.5121722817421,25.056690514087677,False
flow0000007,8,101,1241,5.244081105984001,2.03916021679764,0.44794533930193753,378.21983920037746,25.056690514087677,False
flow0000007,8,8,298,5.3545987270901465,4.2856892634650805,1.8616847122115516,462.5105259343982,50.173250287771225,False
flow0000007,8,20,231,7.907921427597618,4.682144326675464,1.0334938188770624,105.98032660782337,53.716564163565636,False
flow0000007,8,166,1633,5.555252826639165,6.7538831983066085,1.7821424753026456,109.2023183554411,198.0190769508481,True
flow0000007,8,171,172,6.872803075081822,3.8594280488141934,1.4457928005341476,108.74278363585472,380.2745213508606,True
flow0000007,8,171,1633,22.036401105398312,10.048251208532138,3.762592189752058,108.74278363585472,198.0190769508481,False
flow0000007,8,172,1633,3.410201393775966,13.765665541310778,2.8739360463624766,380.2745213508606,198.0190769508481,False
flow0000007,8,109,118,6.754127717638759,5.9505829402459325,1.9966547004375497,343.81913412362337,91.10901246219873,True
flow0000007,8,84,88,5.718907534861114,3.166896270818061,5.6861665295779344,157.85398014634848,152.24324173480272,True
flow0000007,8,36,39,5.739527822367206,0.2292760956894687,1.9528893997456884,192.46024807542562,339.4578652456403,False
flow0000007,8,43,50,42.41022782244069,1.6870051857932462,3.723610896693117,263.92379999905825,361.51102931797504,False
flow0000007,8,43,506,5.373571102200377,1.560768739330695,1.393304702706387,263.92379999905825,22.649950496852398,False
flow0000007,8,50,506,19.314019130905866,1.042785146622458,3.4702192901586857,361.51102931797504,22.649950496852398,False
flow0000007,8,45,78,61.62422293207233,0.33979979894517126,2.0732475038421043,368.3266482204199,329.3317217454314,False
flow0000007,8,160,1622,5.682853411248683,5.079621875637596,2.329557920142042,300.8605332300067,57.081065125763416,False
flow0000007,8,48,60,29.988271259121614,12.902680330032121,1.76327418488509,245.50900547206402,314.91197829693556,False
flow0000007,8,532,728,11.226340109655263,5.345919769303261,0.7057236397558455,37.76440617442131,31.28587221354246,False
flow0000007,8,58,831,5.359251476948347,0.7556691019072823,1.3327443057516266,668.585454761982,39.2861542403698,False
flow0000007,8,81,105,73.58626030924015,0.8528265829006587,4.80005351410551,189.0435196980834,139.45081587135792,False
flow0000007,8,107,119,18.725677029922842,9.249341386925016,2.766868400216946,479.46231549978256,42.998250395059586,False
flow0000007,8,110,1223,5.335512412127555,2.1339929823713226,0.6033941642108146,104.93753866106272,74.00165098905563,False
flow0000007,8,116,1206,19.676740575788756,1.9774292140241492,0.47992250475264975,148.00967255234718,63.71102525293827,True
flow0000007,8,140,1433,5.3988061008502,7.094510771991907,1.2826509467220686,193.13633091002703,42.793004885315895,False
flow0000007,8,165,1652,1.8239938420768262,2.643328524322516,0.6850606504132954,155.63958913832903,30.315374113619328,False
flow0000007,9,2,576,2.3426699908527624,1.8742667716996453,2.1233815864362313,406.7402241677046,64.05065999180079,False
flow0000007,9,17,18,32.922792840127514,12.254669037102792,2.056265142297711,132.91862304508686,93.83086720108986,False
flow0000007,9,96,103,46.30411606426917,0.17938057462232643,1.7060213068719234,101.97779840976,576.6728166714311,False
flow0000007,9,22,31,50.84187963545812,2.6033949182083833,0.9447937548998994,39.37914391607046,226.57179100811481,False
flow0000007,9,23,39,61.84159829183772,3.6292579265499776,6.410042581881208,447.59860533475876,232.94173163175583,False
flow0000007,9,73,768,3.9457857050871468,3.616114963662766,2.0968044341859837,221.73012541234493,36.05683891475201,True
flow0000007,9,102,112,2.1583183778028125,4.587310010852267,0.7544078475547454,170.4973695129156,391.64933697879314,False
flow0000007,9,112,1261,78.36816447099613,1.8986050447200309,2.817670509286929,391.64933697879314,25.99215840548277,True
flow0000007,9,27,52,78.42322277413444,2.0988892707278595,6.331670756108746,381.2628558948636,293.9114792123437,False
flow0000007,9,35,613,51.78427544545261,3.393739914704072,7.710603744119196,91.42380706965923,29.96809645742178,False
flow0000007,9,56,613,5.509854013800318,1.7967295441923756,0.3832737551864774,157.70876464247704,29.96809645742178,False
flow0000007,9,33,41,61.76016432924719,1.8092231837012867,4.886616249976359,580.9422132819891,74.84349288791418,False
flow0000007,9,38,40,48.9087946003344,5.732197911804601,1.4186311080978458,873.3957936838269,30.48686358332634,True
flow0000007,9,65,69,23.916499030835954,8.26182147331962,7.094538050160983,114.21197015792131,86.89646249264479,False
flow0000007,9,65,714,5.561642847906052,8.50547581928129,0.8739649814873911,114.21197015792131,17.817680828273296,True
flow0000007,9,69,714,11.80627138104271,8.212020160381298,3.5847742735392285,86.89646249264479,17.817680828273296,False
flow0000007,9,113,120,8.869900804205912,3.6724091339622693,2.732778671529169,185.25579097121954,55.39961130917072,False
flow0000007,9,120,1062,31.887510867690512,13.09670940879968,6.680660600437074,55.39961130917072,111.72370378673077,False
flow0000007,9,45,68,28.649554237063995,2.7131131312564194,7.453829181755994,158.51334647089243,565.5264950320125,False
flow0000007,9,79,89,70.15541146679267,0.2752178132788156,0.3013180087575113,45.60418574512005,224.91597352921963,False
flow0000007,9,60,78,6.570936451177421,2.389761064617248,2.1182627341006657,490.0260267034173,232.58458431065083,False
flow0000007,9,77,83,41.86612032327413,2.968831466518995,3.8720644576970953,252.98001392930746,412.9561955705285,False
flow0000007,9,84,122,44.65248970925562,4.023508016938293,7.898998077938952,508.48683027923107,141.1786064207554,False
flow0000007,9,86,116,38.82163696838013,10.660832960521814,5.876023807204511,463.1453629806638,228.74127856642008,False
flow0000007,9,86,874,3.3486872537913728,4.541173016506075,3.3332912381406254,463.1453629806638,1061.9546063542366,True
flow0000007,9,88,918,3.7399073511405354,5.961819289778575,2.7827990171089945,58.53450375050306,48.62618561834097,False
flow0000007,9,90,101,52.730852573243794,9.898213457534824,3.4378228601989114,330.8143001422286,261.1576777473092,False
flow0000007,9,90,952,3.8422755456168654,4.986908376896288,2.7383767703812647,330.8143001422286,22.888952501118183,False
flow0000007,9,90,1073,28.39590461434406,4.270726926059175,5.177883941462581,330.8143001422286,26.95580980181694,False
flow0000007,9,101,1073,6.446934046144603,6.1220834845247625,3.8381603922490553,261.1576777473092,26.95580980181694,False
flow0000007,9,92,97,60.23637308637928,0.8767808079305502,1.0394950927797297,269.9765523970127,458.07075425982475,False
flow0000007,9,108,1274,8.08903529994548,2.281370902140178,3.3150544007268072,475.4107471704483,25.965248629450798,False
flow0000007,9,111,123,37.36925288678716,0.332234528842017,0.365825805966573,481.96380135416985,118.44728987663984,False
flow0000007,9,111,1183,5.15587270363692,0.8112499916055833,0.13274089599361813,481.96380135416985,23.588761903345585,False
flow0000007,9,123,1183,16.11393015216339,0.5572459296000878,0.1302537021140524,118.44728987663984,23.588761903345585,True
flow0000008,0,4,5,3.88034360953802,6.4417928177940755,3.762259585797845,1126.033300563693,94.86187157779932,True
flow0000008,0,4,123,33.204090621386314,2.7676483264143212,3.5798924099239358,1126.033300563693,472.02108703553677,True
flow0000008,0,4,1207,10.351852330235749,1.7715234988631945,5.881425292008909,1126.033300563693,892.7339452803135,True
flow0000008,0,5,123,14.110610903106117,5.330365921138955,3.571549399852267,94.86187157779932,472.02108703553677,True
flow0000008,0,5,1207,10.000921279683254,4.675250239150144,2.924746387240867,94.86187157779932,892.7339452803135,True
flow0000008,0,57,568,10.212901305989032,4.909558884220978,5.479052623628306,159.5640943646431,1057.3245604634285,True
flow0000008,0,120,1147,23.32329031077658,8.722991312880593,5.699183080432903,128.61483290046453,345.3937452286482,True
flow0000008,0,123,1207,36.315541363871944,2.3704404736802758,2.611049438100643,472.02108703553677,892.7339452803135,True
flow0000008,0,126,1238,6.027996800067766,3.2361894500744723,0.6496340051233244,129.96063220500946,80.91758620738983,False
flow0000008,0,1,351,6.0684676260198795,4.23837834561203,3.14378026023788,474.84994365274906,30.433840483427048,False
flow0000008,0,2,54,18.28120905283494,5.766682424463702,7.211187483184985,1714.4391917064786,44.86233992129564,False
flow0000008,0,2,56,38.18822002832539,1.6428687863470564,2.314084604646655,1714.4391917064786,77.17937658727169,True
flow0000008,0,2,536,3.9898728122782794,4.323750030142396,3.971443028224324,1714.4391917064786,938.7123179957271,True
flow0000008,0,53,54,10.893535608734032,5.7010525473871265,2.546294043532261,92.02266739308834,44.86233992129564,True
flow0000008,0,53,56,3.020888612975498,10.058237979910082,2.7032049980420427,92.02266739308834,77.17937658727169,False
flow0000008,0,54,56,5.660221358546629,4.3959913692062464,5.637720286048933,44.86233992129564,77.17937658727169,False
flow0000008,0,56,536,25.569341514324563,5.810811018175956,4.98149425293476,77.17937658727169,938.7123179957271,True
flow0000008,0,6,18,57.37195820472957,5.076792709219157,3.4746047361103343,819.6526398062706,103.14542204141617,True
flow0000008,0,15,176,9.164331416575354,13.065960506951365,1.2338976397363945,44.32096292823553,30.05153249949217,False
flow0000008,0,131,1184,6.372441129232703,3.356472798029928,2.6885874925512647,537.6710439920425,22.17592629790306,False
flow0000008,0,65,68,7.467337998576548,12.808210127452739,0.5643927793167106,124.87312124669552,20.379509896039963,True
flow0000008,0,68,641,8.693003601753421,8.102928383678961,6.38424859431347,20.379509896039963,333.2590929940343,False
flow0000008,0,8,32,68.97939643887396,0.8296938818276415,3.401102692050138,309.8209639415145,383.7422050014138,False
flow0000008,0,20,215,1.979198175546853,4.129107589075485,1.9772721598114789,173.16030518710613,33.69818574935198,False
flow0000008,0,143,1347,8.530649640584064,11.152757622755301,4.91786402211354,170.5400432497263,239.44733230024576,False
flow0000008,0,96,97,3.2202848958890984,13.218265234347408,0.7752848432011201,93.31910651177168,59.859126679599285,True
flow0000008,0,145,1381,7.795781402105028,8.358164712866147,3.0109041897577273,41.5172653645277,39.33567411452532,True
flow0000008,0,11,13,7.614617916697773,12.912694894619277,2.897346740228363,270.15982810407877,119.58482028543949,True
flow0000008,0,80,112,52.565565597139745,0.20913990310649294,2.362253455227333,297.14493418484926,366.10524951666594,False
flow0000008,0,80,899,5.2403534739040385,0.4540711596739392,0.2328446930347576,297.14493418484926,30.7306417375803,False
flow0000008,0,112,899,28.338361924597404,0.37780521541773243,2.0010935381640134,366.10524951666594,30.7306417375803,False
flow0000008,0,16,22,54.85710831693201,1.5363222332979327,0.7385096504223436,274.9537214413285,400.1347908526659,False
flow0000008,0,72,728,30.720508050997566,2.1439020549640833,1.8326774936130579,543.7685439586639,27.071569211781025,True
flow0000008,0,89,829,16.794378296849356,12.076780075393113,7.291129650916312,61.2622484639287,53.593321062624454,True
flow0000008,0,102,107,28.686742617476355,7.855867939783735,4.329745741459589,669.2650440707803,112.76219140738249,True
flow0000008,0,102,108,65.82303265304863,11.93939318544038,1.5650825138449211,669.2650440707803,37.97665826976299,True
flow0000008,0,107,108,13.304581694191828,12.362313448456378,6.482745907321684,112.76219140738249,37.97665826976299,True
flow0000008,0,110,1004,11.207537980939378,13.613334959969901,7.394694550098909,133.53913628309965,35.81433379650116,True
flow0000008,0,25,273,9.43942822394223,14.445529106257593,4.781425206101896,278.49209774285555,29.657441534101963,True
flow0000008,0,115,129,58.21150455661143,0.1654101205726874,3.4686239973563366,114.50717832893133,377.8641214668751,False
flow0000008,0,117,141,19.00775286950271,0.16412217161770168,3.1446648937623682,493.29769445955753,142.4220231771469,False
flow0000008,0,33,55,53.41350936937472,3.8564193076995763,2.179990230419892,300.64350482821465,78.82166070491076,False
flow0000008,0,124,147,3.292298492334708,0.6616192759608446,3.2817280761670498,766.3115370869637,108.38547620922327,True
flow0000008,0,42,74,72.98613837957484,1.159065443134456,4.089666461407271,586.6386150419712,113.54830379039049,False
flow0000008,0,93,836,0.3800008819238085,4.668019713921704,0.22804493018633168,77.1529435440898,49.929311878979206,False
flow0000008,0,70,608,5.202294684470438,1.156188233225055,0.5177692743063117,630.5368271544576,34.17204973101616,False
flow0000008,1,0,1,2.438962036727189,6.375067085153569,2.3521027582881677,1481.483119033277,190.60189107060432,True
flow0000008,1,0,2,25.489258216296935,1.8448411351710534,3.516022601052648,1481.483119033277,87.46028929203749,True
flow0000008,1,0,321,3.872204788061486,3.6067673528024744,3.8718035964278426,1481.483119033277,1458.926003023982,True
flow0000008,1,1,321,6.21953169702963,2.975266814099502,6.218699058392146,190.60189107060432,1458.926003023982,True
flow0000008,1,2,321,25.971546120333652,2.8381590597366295,5.752257410065977,87.46028929203749,1458.926003023982,True
flow0000008,1,7,98,12.060675211199996,10.270117372701687,6.2336504442498155,300.1344479843974,770.1736261621118,True
flow0000008,1,38,454,56.03234378950871,13.053535078480072,1.5058102027750138,758.1204995289445,26.40201296657324,True
flow0000008,1,106,142,52.01076649382794,3.944841819311116,5.627266009346266,292.60819313675165,365.65526962280273,False
flow0000008,1,106,1370,5.393052344903293,0.7324804320026124,1.0793929929792736,292.60819313675165,22.068446829915047,False
flow0000008,1,137,153,5.811364528807338,14.25815737812844,0.8628423987182193,139.81529047340155,40.50059090554714,False
flow0000008,1,142,1370,31.881143350104335,4.609380162515061,7.617029228350365,365.65526962280273,22.068446829915047,False
flow0000008,1,42,540,28.302725195177402,0.699426746199842,1.7054377821564701,486.3850991651416,27.84446481615305,False
flow0000008,1,61,672,29.25589714358768,4.629526510268073,1.4696022715095527,166.2181002497673,22.777332961559296,True
flow0000008,1,47,59,48.69022184030336,3.4861237440186064,1.6843342246552735,423.3379017189145,264.8509842008352,False
flow0000008,1,79,81,13.509894508344853,3.2776986906517585,1.180568551255545,142.82280043512583,85.44764044135809,True
flow0000008,1,13,170,1.9316193921925242,10.176446523740257,0.18888400429325058,119.53116062283516,19.95723544806242,False
flow0000008,1,89,92,5.593699717095927,1.367310711302993,0.35625565992216807,324.99321661144495,359.766831792891,True
flow0000008,1,50,525,24.963526991933797,12.875914721267899,4.901113285745567,129.91540981829166,68.47084544599056,False
flow0000008,1,108,1307,5.711237544205735,6.205377420086241,1.5013449374548746,130.93829707801342,30.30359098315239,False
flow0000008,1,19,249,44.719131062489815,0.9753622133742904,1.4018837894927179,183.68786595761776,22.72017002105713,False
flow0000008,1,24,33,77.03508038305073,0.18560483176990017,3.4858591401826127,286.75542549043894,438.5802161693573,False
flow0000008,1,39,579,5.313231563171041,2.393131612693289,0.8709461591782764,425.7092951312661,28.18823966383934,False
flow0000008,1,68,69,4.787667291313877,5.190670960261127,4.527572739039535,94.50742997974157,381.0010831132531,True
flow0000008,1,53,558,5.9367211059871305,4.424848253333636,2.840716637089577,130.8827275186777,25.48660798370838,False
flow0000008,1,100,1383,5.345805300310809,1.3164502335044062,1.4186638998387175,440.6985977143049,33.13690543174744,False
flow0000008,1,164,1813,5.9118907143967165,4.958020475091282,0.8391467413046357,69.37000996619463,28.168176352977753,False
flow0000008,1,164,1814,18.27876391019336,13.80563952946325,6.915845532393774,69.37000996619463,71.27374643087387,False
flow0000008,1,1813,1814,10.123273166363033,11.21576513118263,4.502559009332666,28.168176352977753,71.27374643087387,True
flow0000008,1,67,760,77.46301722918139,6.278990958638891,1.4523536888591935,319.5617721006274,24.26866801083088,True
flow0000008,1,157,159,7.009260906768875,3.7290221162111625,1.2813721929538644,257.4712157472968,59.48653181642294,True
flow0000008,1,90,99,66.75107763497782,1.1903978818428607,2.6822239854615573,445.2807157561183,257.4672355130315,False
flow0000008,1,117,1349,36.26878808356238,13.079339855715707,1.11180703881817,75.4565229639411,69.72174497693777,False
flow0000008,1,107,1120,5.834841688640316,11.790314210376682,5.213480294477375,282.1745778173208,30.444190308451653,True
flow0000008,1,138,1586,7.989577640107516,0.5365732609359337,6.179926777637854,81.89461371302605,36.231831558048725,True
flow0000008,10,103,965,3.6358218505792195,4.091794513121783,3.435971616741811,321.9194668009877,137.37113136053085,True
flow0000008,10,112,965,23.065331439949077,3.2520727455225695,3.8745842040166387,129.3929821923375,137.37113136053085,False
flow0000008,10,6,8,17.995336527720113,9.783534419852637,4.040210287424076,3875.3459389582276,236.85158672183752,True
flow0000008,10,6,1285,6.980800503614908,12.711336632207184,6.933740848456229,3875.3459389582276,3058.0562805831432,True
flow0000008,10,7,8,10.876173276914464,5.627059763111293,3.852150129593432,74.54716791212559,236.85158672183752,True
flow0000008,10,7,1285,8.381478983856184,3.342714043155606,7.976229506637793,74.54716791212559,3058.0562805831432,True
flow0000008,10,86,87,3.7329836613944822,1.9740727690771778,0.39619935915205795,190.47737208753824,96.84092385321856,True
flow0000008,10,86,885,1.482282156510825,4.318043373459718,1.477803254132749,190.47737208753824,968.4253246858716,True
flow0000008,10,87,885,14.390643213610819,2.805135373388459,6.0107642966360455,96.84092385321856,968.4253246858716,True
flow0000008,10,97,101,10.22981058155399,5.025980849992,2.9468657038790016,196.4008357822895,59.16345684975386,True
flow0000008,10,98,108,30.32290668345712,14.91228486687943,7.410311987351607,121.61450572311878,228.55832681804895,True
flow0000008,10,98,109,18.172386507802507,2.9761016060703445,1.3275521899391767,121.61450572311878,186.8307185843587,True
flow0000008,10,146,153,5.269356315910789,5.374495203022067,1.1237410713501974,195.81439603865147,232.61260364204645,False
flow0000008,10,147,1612,2.1013300862844337,7.28589452678546,1.5130670397082937,107.12486290931702,30.524759903550148,False
flow0000008,10,150,152,7.11616526434052,10.28341867388475,3.9232594662375995,114.79235681891441,221.27409683167934,False
flow0000008,10,11,167,14.457245586258967,1.1718758448361979,1.8398733761293018,1510.0044833347201,325.83872089535,True
flow0000008,10,53,55,73.72950159313604,1.3796014823845295,2.7513325700102507,193.9875688329339,483.011048451066,False
flow0000008,10,26,54,79.39604258694587,8.168251962650364,7.598616498029919,276.90745344012976,67.69890607893467,False
flow0000008,10,68,621,2.3361174536222578,8.152336515039963,1.3435288489374941,108.46891182661057,26.694037824869156,True
flow0000008,10,23,413,17.023472317311864,7.3065311270074105,2.063185259117011,86.74312385171652,26.590698450803757,False
flow0000008,10,45,48,8.986094691731372,8.874941106671047,5.920285928893536,88.12793523073196,202.077017724514,True
flow0000008,10,141,154,13.427216019764334,0.6104098544905153,0.8095767639148699,193.37963574379683,565.6817447468638,False
flow0000008,10,79,119,43.41794780197952,3.3685048812507015,2.2008757763191116,904.8510858416557,108.66380788385868,True
flow0000008,10,159,1613,22.974482483674866,2.9888671273828686,3.2380345847636542,217.90561552345753,29.634034618735313,False
flow0000008,10,159,1754,2.396331159659367,8.665384008600101,1.5092738101306147,217.90561552345753,22.71810008585453,True
flow0000008,11,3,98,21.17321105653776,4.36302909424197,3.9914363804107458,407.9212242513895,249.2328841984272,True
flow0000008,11,3,909,34.60026585674433,7.938785224982992,5.572035826012574,407.9212242513895,806.821669831872,True
flow0000008,11,98,909,1.7325275532253046,3.714176773562845,1.69454175852573,249.2328841984272,806.821669831872,True
flow0000008,11,6,130,26.492684313757845,3.5360356706352043,1.5148725478793275,801.3423061594367,35.16547742486,True
flow0000008,11,17,126,4.598372090498687,13.932043546580678,4.36781528362876,195.58733773231506,284.3166795372963,False
flow0000008,11,13,33,60.459711984711355,1.656179440183732,7.639438922478534,206.47634232789278,29.461112290620804,False
flow0000008,11,33,37,61.951143266629074,1.2303589466228473,0.9259760542760277,29.461112290620804,422.4863460510969,False
flow0000008,11,14,28,43.63060463931469,2.3184813211557382,5.423882740428648,66.73716486990452,278.222206056118,False
flow0000008,11,31,53,40.124909987741184,2.5563194653129546,0.8770974892543248,350.4069004356861,264.4046663939953,False
flow0000008,11,31,351,5.5355240578587495,2.2982643918186096,0.5129225651962794,350.4069004356861,30.434477046132088,False
flow0000008,11,53,351,18.786398212506658,4.852846559856896,0.2505042598418883,264.4046663939953,30.434477046132088,False
flow0000008,11,26,349,29.775670099213116,6.9402041006465955,2.7306064743898557,510.2644607499242,27.29894795268774,True
flow0000008,11,71,73,8.087730090718587,7.597949333751529,2.155778202479391,169.79437386989594,69.03180867433548,True
flow0000008,11,75,702,6.85509461283736,6.7169050775162855,4.279200759544806,45.822648011147976,237.28134778887033,False
flow0000008,11,77,108,48.7283796399358,0.871952807212113,2.2918624080651013,267.3978467807174,250.56993010640144,False
flow0000008,11,77,765,5.308099889898408,0.62420014000521,0.10505945480229564,267.3978467807174,25.52163776755333,False
flow0000008,11,78,700,1.158432522685558,0.9793849400783875,0.9919189588101945,143.4874204620719,12.902771420776844,True
flow0000008,11,92,97,2.2575244396731375,6.046905350429707,2.250620222110328,101.64214386790991,46.24699231237173,True
flow0000008,11,92,937,7.766736865667011,13.065552195185555,6.269631522134094,101.64214386790991,41.595128424465656,False
flow0000008,11,97,937,2.5079845810772867,7.262227390363255,2.314091662618307,46.24699231237173,41.595128424465656,False
flow0000008,11,108,765,25.32396746286016,0.27561327093211746,2.73822044991887,250.56993010640144,25.52163776755333,False
flow0000008,11,45,489,69.03302805781594,10.617100943319356,5.181235025212697,660.1324885338545,21.467837020754814,True
flow0000008,11,48,391,2.6049116684517464,1.884286842965409,2.251880087353009,152.59195276349783,41.28511018306017,False
flow0000008,11,48,409,38.320799180043565,3.1114850017445645,0.26024763325744027,152.59195276349783,22.423208497464657,True
flow0000008,11,391,409,72.51359530903767,2.096242151051348,5.5935013898325305,41.28511018306017,22.423208497464657,False
flow0000008,11,49,63,54.90760117953774,2.853140960180795,4.767873447447802,195.7269827723503,150.84314607083797,False
flow0000008,11,51,64,52.11008172210958,2.1558334987610603,0.9313625263431368,361.8282106667757,455.23966670781374,False
flow0000008,11,64,72,33.425077003004624,2.259011004944056,2.052680041872315,455.23966670781374,95.4556350260973,True
flow0000008,11,55,59,50.12063364713864,0.1949878219542124,0.12622493672885962,277.1380190551281,465.27186731249094,False
flow0000008,11,58,68,28.170675928437237,3.567005828023979,2.1976784167141856,490.0075504556298,257.5842679515481,True
flow0000008,11,58,69,17.943045071442796,7.365826208979886,3.5995851977574507,490.0075504556298,110.58856350928545,True
flow0000008,11,68,69,2.760103977294863,9.28365216748863,2.244597273753017,257.5842679515481,110.58856350928545,True
flow0000008,11,70,96,48.93833814336549,0.6043944813179664,2.8459370277007277,222.83835820108652,478.0658865869045,False
flow0000008,11,85,825,28.673417652044492,12.207344132661198,1.3367249547910496,745.3589591607451,15.862034946680069,True
flow0000008,11,124,1247,5.235908978929674,14.963955111717016,1.4400367959767828,62.66680406033993,29.85998022556305,False
flow0000008,2,0,148,3.5928345311132226,2.3982134898170564,3.4503894463614238,960.2267974689603,1575.7555281221867,True
flow0000008,2,50,56,53.66379621424701,0.158675532216057,3.0924661618548894,130.3958067446947,484.6264265924692,False
flow0000008,2,1,8,11.382106296583844,1.7577507064587832,6.266378581573507,781.2016305550933,78.85398396849632,True
flow0000008,2,11,32,42.255736712356644,5.040011933498172,7.586048297003417,116.28767179697752,181.6406640857458,False
flow0000008,2,2,24,4.915803722567789,13.987289129114185,3.7621903059172683,474.2830907255411,57.67132541537285,True
flow0000008,2,19,21,6.2257799120889326,10.24491118030949,6.101192911008254,182.95079731941223,72.81348745524883,True
flow0000008,2,19,44,62.14350113993859,0.48553484994225743,0.6310706395168312,182.95079731941223,78.85462047159672,False
flow0000008,2,21,45,58.44676231385389,13.498101343828598,2.765309011524513,72.81348745524883,99.4545022547245,False
flow0000008,2,93,94,12.023576136517416,1.469991131855952,1.8418793565722718,687.3927434906363,118.6697323769331,True
flow0000008,2,93,98,8.116045204103367,5.323641455291084,2.8824980095251718,687.3927434906363,247.1985822841525,True
flow0000008,2,94,98,9.213536608245821,4.917166386288062,1.231330756395715,118.6697323769331,247.1985822841525,True
flow0000008,2,130,132,75.23830520731548,6.783425576954405,1.8959859870906794,430.5100342929363,24.566266395151615,True
flow0000008,2,130,134,2.0199812761754914,0.5290656113778615,1.5757415793681944,430.5100342929363,197.59043558686972,False
flow0000008,2,47,716,48.44611207150298,12.540871392886997,4.156481044833011,767.3872846364975,21.285998098552227,True
flow0000008,2,7,31,60.167312544704906,0.16055597714505218,3.6361482997953622,166.11667086184025,585.8582352697849,False
flow0000008,2,13,254,5.206821215368884,1.8435027512273703,0.1864017291172013,462.53584276139736,29.75520733743906,False
flow0000008,2,13,255,22.481746043884193,3.7527716258369934,6.771733609780013,462.53584276139736,68.75347673892975,False
flow0000008,2,14,38,42.60363116381942,10.589143981051961,4.301468264235429,153.43729866296053,254.17677652835846,False
flow0000008,2,14,336,5.651430127549898,4.606567501897901,0.3758761905873128,153.43729866296053,31.539364203810692,False
flow0000008,2,25,27,2.7083049491796523,1.4800793618670427,2.2073508023135187,273.1889876052737,101.7564695328474,True
flow0000008,2,25,28,23.225697241550176,14.795540449690243,3.3308441496052987,273.1889876052737,52.03526996076107,True
flow0000008,2,25,255,66.11274108544222,3.647034307148429,6.908775926633526,273.1889876052737,68.75347673892975,False
flow0000008,2,27,28,7.144011374908609,14.714697178491935,2.739210756445875,101.7564695328474,52.03526996076107,True
flow0000008,2,27,255,67.65613237864035,3.783417558667185,6.589081938950917,101.7564695328474,68.75347673892975,False
flow0000008,2,254,255,6.3986026860771625,5.067743204762382,6.365666262418955,29.75520733743906,68.75347673892975,True
flow0000008,2,101,113,7.877356629528073,4.136885308247988,4.971313283581229,365.74714133888483,246.4086502790451,False
flow0000008,2,80,84,10.72471049763546,6.308500459728822,7.561223689302515,280.19600158929825,166.3101335912943,True
flow0000008,2,83,84,7.753808143436949,13.092445536850322,6.024520207689458,133.8071173876524,166.3101335912943,True
flow0000008,2,84,86,10.524580477960615,6.299090120557641,0.4919167929032391,166.3101335912943,52.766766130924225,True
flow0000008,2,84,1030,72.08722581280898,13.113006938905832,1.4993802738031659,166.3101335912943,35.438235975801945,False
flow0000008,2,105,1082,1.9315448142299172,14.341500449252752,1.08678750848244,104.24139247089624,22.553457595407963,True
flow0000008,2,54,615,5.939011512875416,13.805524650437949,0.5859772807363501,312.1882130652666,44.33592979609966,False
flow0000008,2,64,677,5.633758347326277,1.618379560446975,0.3721788173765706,154.97433318197727,26.661078199744225,False
flow0000008,2,74,106,5.273543920338635,6.935436852817823,4.8977123035639885,369.5410809889436,366.9501121416688,False
flow0000008,2,74,785,7.1537182991548365,11.086933307059395,2.5837371365526844,369.5410809889436,13.741746790707111,True
flow0000008,2,88,747,20.693784485724382,8.203094977666655,6.64563879622504,150.8082734271884,93.56399897485971,False
flow0000008,2,109,118,27.046198986282604,4.719937686351785,3.2399497814908296,291.99149959534407,100.45302687585354,False
flow0000008,2,109,1179,5.9056774385925,3.5677266721189524,2.6468033261526864,291.99149959534407,23.57984535396099,False
flow0000008,2,118,1179,3.5098603207771935,1.9708982625482039,0.8210749235265244,100.45302687585354,23.57984535396099,False
flow0000008,2,92,95,30.441168406404866,6.991557765066565,3.0233062146907073,764.3351730331779,124.54701946675777,True
flow0000008,2,92,100,5.237613472199352,3.874845984222808,2.2045819758493534,764.3351730331779,1082.4726494550705,False
flow0000008,2,92,926,3.176098640511148,6.916234031102452,3.094759899344949,764.3351730331779,808.859000056982,True
flow0000008,2,95,100,34.8688792175973,7.772607249298549,2.043614504053205,124.54701946675777,1082.4726494550705,True
flow0000008,2,95,926,31.0068521766397,9.11985647077855,4.02242284346057,124.54701946675777,808.859000056982,True
flow0000008,2,96,989,53.916975213473975,4.939530092840903,1.5549862027308667,161.67196584492922,19.38066875934601,True
flow0000008,2,100,926,4.820515535304992,10.740815126639248,2.7052798049408184,1082.4726494550705,808.859000056982,False
flow0000008,2,127,1243,1.847297835576966,6.545852488399623,1.7911533117428093,108.30904676765203,31.4443047195673,True
flow0000008,3,47,54,7.76557280995267,3.434572565378466,0.9141818568089733,165.22323890030384,93.04762111604214,True
flow0000008,3,2,3,0.9467718743920314,2.1860076479727844,0.8390546811184885,759.2331725805998,706.4374338686466,True
flow0000008,3,5,92,77.31496934185091,0.7798605252018047,1.5754463822158473,1306.7063362002373,360.2586965188384,True
flow0000008,3,8,129,13.766655790100952,14.537855323003845,4.148332426805781,1488.8305629044771,107.21450923383236,True
flow0000008,3,152,153,3.4309574588457314,12.167738093525317,3.39335436559288,89.53503827005625,67.32471810281277,True
flow0000008,3,51,890,6.621172281714,7.156555587628988,6.033434403076043,344.65715619921684,25.50380451232195,False
flow0000008,3,99,1528,12.83708691069207,4.101027195021881,4.377602259126487,84.9100835621357,159.67460018396378,True
flow0000008,3,19,29,49.997202546877105,3.669787758644842,5.813094371774005,391.3654323518276,141.2083832025528,True
flow0000008,3,21,31,46.67751795400979,1.4923397036838941,1.3518574475397058,446.6524713858962,266.61316707730293,False
flow0000008,3,24,277,6.320391542913983,0.9586407475468567,2.331550501681431,110.65034314990044,24.61721946299076,False
flow0000008,3,148,155,15.15651054827724,0.5712619592210871,1.572705346853888,664.4587242603302,95.45643139630556,True
flow0000008,3,59,645,22.810297539978006,4.998541188641566,2.4251118245001604,924.7431975454092,107.308931812644,True
flow0000008,3,78,81,4.1510426392849284,0.5293847271816622,3.554191158734285,107.62516019493341,96.97467627376318,True
flow0000008,3,90,97,64.61458415788185,2.6348579353169557,3.9532897924841883,831.6686659455299,156.80912283062935,True
flow0000008,3,115,1595,6.110772773338686,13.292179579062694,2.285401057235294,163.30310391634703,195.20725920796394,False
flow0000008,3,138,1951,5.350049875791281,2.583437093671481,1.2649337051901588,314.3645515292883,24.068835884332657,False
flow0000008,4,0,15,22.639382123701562,2.171180803531416,4.274979575661891,585.7938998639584,306.45072864741087,True
flow0000008,4,1,32,42.573187461406164,5.471904574719633,5.2037286856558165,1490.1972196251154,60.11548487097025,False
flow0000008,4,1,33,16.563823920221218,1.3005273068803886,0.37074317411158036,1490.1972196251154,374.39818730950356,True
flow0000008,4,1,368,2.903008196427262,2.720955391288446,2.708640682941771,1490.1972196251154,1044.9977236837149,True
flow0000008,4,1,422,25.579160558799405,3.9386158422066355,4.5214101126106945,1490.1972196251154,1313.0167141705751,True
flow0000008,4,33,368,39.39157248698516,4.011027081331488,2.3240751312051446,374.39818730950356,1044.9977236837149,True
flow0000008,4,33,422,9.797986219680771,4.578603656407205,4.822547844658747,374.39818730950356,1313.0167141705751,True
flow0000008,4,368,422,4.20646460379938,3.4740199571016483,1.0689996646730748,1044.9977236837149,1313.0167141705751,False
flow0000008,4,4,8,34.994727851582866,2.922790400625454,1.873495567151165,781.2210608497262,256.524920463562,True
flow0000008,4,5,304,3.3779832824485867,6.247862249143099,2.5526694848625056,663.7867884412408,20.05850487947464,True
flow0000008,4,6,10,3.6649978690719585,7.704967931771788,3.663939919580905,792.1178738549352,89.54841444641352,True
flow0000008,4,30,503,6.1832138060827235,1.9962315237349957,3.2917746882631036,542.205559335649,251.18917027115822,False
flow0000008,4,7,149,2.2883716225169146,8.424644896695085,2.245580966826208,602.0863393619657,52.130329228937626,True
flow0000008,4,106,1069,9.5204358958306,2.610687029117624,7.791216106259862,448.71655282378197,257.31724298745394,False
flow0000008,4,127,1069,6.249264716672917,6.313030520114122,2.6817519321727925,144.24423611164093,257.31724298745394,False
flow0000008,4,72,79,6.119426480075137,0.7372862511661665,2.2202365461988345,381.49071465432644,393.2693318873644,False
flow0000008,4,72,759,60.69464918547754,14.515952215307244,5.028598731479081,381.49071465432644,20.212797351181507,True
flow0000008,4,79,759,66.41351625005504,13.87588675649085,6.314441427492688,393.2693318873644,20.212797351181507,False
flow0000008,4,45,568,39.36594405822995,14.326105268194471,3.5115176113447157,82.60063281655312,42.42455034703016,False
flow0000008,4,82,838,6.927240458581126,4.550538463487675,3.925597633916018,276.2000008150935,220.10504040122032,True
flow0000008,4,86,88,8.171467078480639,11.614960437369191,7.0324462533358085,51.45042327046394,221.48268328607082,True
flow0000008,4,17,259,5.453074126367736,9.444031489208653,1.7996897792882427,270.57875490933657,44.412519074976444,False
flow0000008,4,39,495,17.090263946444427,10.876962880649831,5.901739353574046,229.2925328090787,22.565241001546383,True
flow0000008,4,41,495,23.13676891983567,0.8204685941475296,2.8471800352621663,137.01143641024828,22.565241001546383,False
flow0000008,4,47,50,4.593304289916838,10.922123140934463,2.6842407291283568,129.05462108552456,86.53055436909199,False
flow0000008,4,54,629,6.221136459930144,9.420029697019643,0.9724884660164611,124.98617358505726,25.224836118519306,True
flow0000008,4,54,653,19.360464370511632,9.365847671397708,6.436547665671825,124.98617358505726,40.84707236289978,False
flow0000008,4,629,653,5.8453278387654715,13.092466122043964,1.4152691082952553,25.224836118519306,40.84707236289978,False
flow0000008,4,55,65,6.72649030680686,7.992235924012902,1.441745423618688,276.15128153562546,102.82808059453964,True
flow0000008,4,56,719,5.24015204100673,1.223024224870172,1.0515435286819803,611.8730078563094,40.66316366195679,False
flow0000008,4,113,114,7.141933333350232,3.202147396201743,1.4946079313740952,961.6772091239691,242.04291811585426,True
flow0000008,4,113,1050,6.023936075861709,7.555245659156577,5.497458383065689,961.6772091239691,1375.3899032324553,True
flow0000008,4,114,119,43.1166943270872,13.14192512121196,7.667126267306953,242.04291811585426,170.6667892485857,False
flow0000008,4,114,1050,7.769650642091354,5.336419731751962,6.075759388769206,242.04291811585426,1375.3899032324553,True
flow0000008,4,119,1050,5.605904706569116,12.688453527519748,5.439355428005483,170.6667892485857,1375.3899032324553,False
flow0000008,4,71,76,18.9935826410327,1.6783631135540975,3.199363343016123,813.7062467262149,53.0637276917696,True
flow0000008,5,0,282,1.8450090018992211,8.109430940213038,1.5133844147842732,502.47913055866957,282.4591199681163,True
flow0000008,5,0,305,4.9169701982126695,8.171620445883653,4.730013462179161,502.47913055866957,20.732201173901558,True
flow0000008,5,42,46,50.073780487442654,3.559108298640343,7.718417980158926,341.79725244641304,234.4303601309657,False
flow0000008,5,15,176,6.074207335037223,1.056308976093837,1.5334482693724791,258.8338937237859,28.362435206770897,False
flow0000008,5,7,267,7.149256931317458,8.639938083499096,6.677934444140298,626.6132791787386,22.8655459061265,True
flow0000008,5,103,106,10.809337614315266,12.155033506847005,3.9466915687292587,119.5959636643529,75.34904363751411,True
flow0000008,5,104,107,3.196868686180021,1.620102799579292,2.8710373571398526,66.57204588502645,57.5571593940258,False
flow0000008,5,114,115,4.080406094103521,2.3017810841229864,0.6790412490950178,67.98265085369349,34.765972919762135,True
flow0000008,5,114,117,5.462437597755878,1.8235117094194349,0.3729515805110086,67.98265085369349,85.43522083759308,True
flow0000008,5,115,117,36.03082032316996,2.824264354032939,1.5293849737225826,34.765972919762135,85.43522083759308,True
flow0000008,5,119,1226,9.371372650709349,7.829859967371098,2.3292524746108088,76.63178922981024,17.374706469476223,True
flow0000008,5,13,28,48.87387694307813,0.407680238976241,4.231568880826022,258.7631976380944,111.2269099354744,False
flow0000008,5,95,1162,1.7063386272641794,14.148569524384412,0.19918433096195726,232.74444610625505,54.24026771634817,True
flow0000008,5,71,1133,6.260332168453863,8.805743438392499,2.4315486895693192,301.93898659944534,45.520113095641136,False
flow0000008,5,47,51,73.23686241440606,5.955309835277831,2.5168764727970605,555.3036995530128,64.26291202753782,True
flow0000008,5,50,51,5.588530835094126,7.857248438386441,1.9664384235713035,97.54566975682974,64.26291202753782,False
flow0000008,5,67,90,69.28959734073185,0.608781216724776,2.4354206816582105,663.1858547627926,59.10756745189428,False
flow0000008,6,0,52,4.642683222053814,6.538622883811917,4.348407010825188,634.8447463959455,105.33560979366302,True
flow0000008,6,0,53,19.819925044708675,11.061380272352636,6.761338831007972,634.8447463959455,640.7180555611849,True
flow0000008,6,52,53,11.309823324853298,6.4766909199613325,6.808649156271608,105.33560979366302,640.7180555611849,True
flow0000008,6,55,561,5.331473176104483,9.805888857431901,4.582503751607616,96.0535385236144,118.57132935523987,False
flow0000008,6,28,36,57.96738434034624,7.245849333618702,4.200333195155901,423.38901375234127,176.89533388614655,True
flow0000008,6,12,195,1.9422025681848722,8.07825941438143,1.466497923447071,130.28450407087803,33.718248791992664,True
flow0000008,6,12,397,47.57954022452414,2.746489109149774,0.580404166511897,130.28450407087803,19.787019722163677,False
flow0000008,6,23,316,4.5745839861592446,9.8230922277167,2.4213442470568003,213.7360559552908,26.17336081713438,True
flow0000008,6,32,380,26.75566849653672,8.76880902797189,0.5713288434220087,51.96154683083296,44.50264208763838,True
flow0000008,6,32,385,1.6111379925119809,2.131184240108985,0.905866495395091,51.96154683083296,22.321939006447792,True
flow0000008,6,380,385,9.816294353652465,10.34946228047156,1.3053304306527374,44.50264208763838,22.321939006447792,True
flow0000008,6,16,407,7.223328137337307,9.170062815120614,4.303511656606943,315.0606971308589,368.0750629082322,False
flow0000008,6,30,31,4.547894120918582,3.74805717238448,4.384917417844517,128.33761531859636,83.37830603122711,True
flow0000008,6,71,775,5.525545841257682,10.464424791180873,1.4898782882384578,181.90084306150675,76.12878600507975,False
flow0000008,6,50,67,24.414875582052897,0.5190569444376574,2.09244149040967,199.94669932127,296.1640860289335,False
flow0000008,6,100,1035,64.76355351228736,10.108554509525199,1.0304952513972496,371.2731711268425,37.290542267262936,True
flow0000008,6,58,61,53.57286067472366,0.7801797803170079,0.9718142738340945,260.72409722208977,475.87521816045046,False
flow0000008,6,862,1038,30.06552911285895,10.224025885349585,7.813088999871581,43.11050649732351,69.31539420038462,False
flow0000008,6,116,1109,3.8871562943007922,5.826694973610725,3.86594326204502,270.4438868239522,587.404024027288,True
flow0000008,6,117,1116,8.598665987325589,12.990263583285406,7.192355651253487,104.62433694303036,42.64285224676132,True
flow0000008,7,0,1,5.148806035112011,7.613904131248485,5.138054157824749,294.88547652214766,335.9363610967994,True
flow0000008,7,0,8,18.57072383015227,2.6663171139284247,4.699562812604277,294.88547652214766,142.7194613367319,True
flow0000008,7,0,12,11.865761392009604,5.8436065503173795,7.301211109803215,294.88547652214766,156.6518037840724,True
flow0000008,7,0,14,13.8889771537266,5.0608918736072575,7.771365562278199,294.88547652214766,68.90219615399837,True
flow0000008,7,0,165,7.2772450565185345,8.345183770258362,7.267853215485169,294.88547652214766,4392.088632039726,True
flow0000008,7,1,4,7.940096523512241,6.080116431951525,7.870151785859481,335.9363610967994,1403.3244779780507,True
flow0000008,7,1,6,7.656259743685117,8.390388622163478,7.533071437264592,335.9363610967994,1340.782037757337,True
flow0000008,7,1,8,22.26240849510106,8.21233349014801,3.100137299656226,335.9363610967994,142.7194613367319,True
flow0000008,7,1,14,11.600914634941766,5.697808140941575,4.537362068235679,335.9363610967994,68.90219615399837,True
flow0000008,7,1,165,5.558628409615498,2.460625458433924,5.55206081228268,335.9363610967994,4392.088632039726,True
flow0000008,7,1,280,27.43854383935005,10.129835001624299,5.03332866131471,335.9363610967994,2642.502931162715,False
flow0000008,7,2,88,18.03130957142509,2.0660655924708236,3.023997372778793,1607.14426971972,974.3905020877719,True
flow0000008,7,2,1194,49.30213344404363,6.443845801012313,7.928204179302169,1607.14426971972,51.06540895998478,False
flow0000008,7,4,6,1.6019399154892218,3.3706309657995432,1.5465628436820957,1403.3244779780507,1340.782037757337,True
flow0000008,7,4,8,21.711907011577736,12.132832121648637,4.012694232842513,1403.3244779780507,142.7194613367319,True
flow0000008,7,4,14,10.35257356446462,11.771502537919988,2.7713791251912814,1403.3244779780507,68.90219615399837,True
flow0000008,7,4,21,42.47588418969615,4.577068598636776,7.22642146973023,1403.3244779780507,450.05549934506416,True
flow0000008,7,4,165,5.271496966354557,4.329836082750114,5.158696261319014,1403.3244779780507,4392.088632039726,True
flow0000008,7,5,13,9.980745843875154,3.678442466557003,2.8934730201467245,511.13893288373947,130.08944839984179,True
flow0000008,7,6,14,9.800664702917471,13.954538134710408,1.6766218924042247,1340.782037757337,68.90219615399837,True
flow0000008,7,6,21,55.18698516199912,6.571357488242199,5.421032580608613,1340.782037757337,450.05549934506416,True
flow0000008,7,6,165,6.1939564365230195,7.28834585139048,6.083089890468615,1340.782037757337,4392.088632039726,True
flow0000008,7,6,280,54.52838161079341,2.6005410921523433,3.3643865671018114,1340.782037757337,2642.502931162715,True
flow0000008,7,7,15,9.682895124963343,8.188187981507667,4.19818696208271,246.8073550015688,87.27574369311333,True
flow0000008,7,8,12,5.068244024086511,3.7667346876730035,4.597334110520064,142.7194613367319,156.6518037840724,True
flow0000008,7,8,14,11.903836007398723,7.345723041768142,5.072752000991138,142.7194613367319,68.90219615399837,True
flow0000008,7,9,214,36.39009418790834,5.020744420143418,2.212244341278394,827.05023907125,61.909195110201836,True
flow0000008,7,14,15,15.408155291205754,9.929431501905412,7.517545437841872,68.90219615399837,87.27574369311333,True
flow0000008,7,14,165,12.024083137213674,7.753845141804549,5.365188736818652,68.90219615399837,4392.088632039726,True
flow0000008,7,21,280,2.1158195890531064,8.269553736793116,2.1001447354844642,450.05549934506416,2642.502931162715,True
flow0000008,7,24,245,7.602238730548529,4.4052074128931835,2.0355365303607926,60.25305777043104,28.0813969373703,False
flow0000008,7,93,94,14.208580863180785,12.462029262693767,3.402600954866092,329.8345627710223,189.02425375580788,True
flow0000008,7,95,127,66.49669649488423,0.34181408304793004,2.700505952048017,259.6096566617489,281.866789534688,False
flow0000008,7,95,1132,34.892859092561295,4.218742931665655,7.286363529999801,259.6096566617489,22.997068621218204,True
flow0000008,7,96,98,5.905474832062488,9.78840479399265,1.698029360415033,70.7847557514906,234.53656290471554,False
flow0000008,7,97,128,57.75825568651787,0.7020538179826913,3.0486596317654664,164.79348143935204,290.03855992108583,False
flow0000008,7,97,1132,13.96639772524338,0.5977447335946542,0.146035027363047,164.79348143935204,22.997068621218204,True
flow0000008,7,165,280,6.579868174911783,9.472125433639524,5.748122766771679,4392.088632039726,2642.502931162715,False
flow0000008,7,212,214,10.165291349767655,10.863161320235275,6.128201045085309,40.990378096699715,61.909195110201836,True
flow0000008,7,20,25,5.155729458593444,1.40947870283124,0.7158025380291226,59.45946152508259,161.55206316709518,False
flow0000008,7,78,974,51.75234737337351,4.193769878717273,2.162505331868051,152.06251922249794,22.755996465682983,True
flow0000008,7,101,102,5.569311351439672,11.795179269223109,4.65172077002591,91.4405270665884,157.76099111884832,False
flow0000008,7,92,103,49.290093858437004,9.373230239577342,5.6344346497259865,748.7462315112352,95.11281657963991,True
flow0000008,7,28,533,5.77317236373206,0.35164045972889557,2.8963909316901058,505.91178407520056,32.675301283597946,False
flow0000008,7,123,133,68.00839964284822,0.9113304232268324,3.1697434639158826,470.4757750034332,280.1432985290885,False
flow0000008,7,39,43,31.487667184758664,5.605463731939523,6.2812036361526635,259.4437411352992,250.98710825294256,True
flow0000008,7,55,61,47.911557998285254,5.293227709132345,2.179323537292755,77.79049645364285,77.90625584870577,False
flow0000008,7,104,106,17.922790437990507,6.334710177635924,1.4967907687008022,895.3527673184872,151.52989903092384,True
flow0000008,7,104,107,23.420914381110357,3.6062112403460307,1.4960083621226103,895.3527673184872,80.87236607819796,True
flow0000008,7,104,108,23.122579864228026,2.132292522254349,2.0598244045704455,895.3527673184872,104.15158626437187,True
flow0000008,7,104,120,62.30421271774387,3.84522757045836,1.6067887250876156,895.3527673184872,100.06832905113697,False
flow0000008,7,106,114,78.50965923210104,9.656578515740245,6.799811204778093,151.52989903092384,40.880192294716835,False
flow0000008,7,106,1268,8.062969415863709,13.981980179548005,7.879126192388092,151.52989903092384,976.6738427355886,True
flow0000008,7,107,108,3.3253751850829802,1.639215292309244,3.299422187713446,80.87236607819796,104.15158626437187,True
flow0000008,7,107,1268,5.302484548340121,5.7736950960239835,4.440473034236957,80.87236607819796,976.6738427355886,True
flow0000008,7,108,1268,2.5787068432095435,6.020410356799497,2.5765250175470906,104.15158626437187,976.6738427355886,True
flow0000008,7,114,124,6.788636614366065,14.312779556639736,3.234608414447715,40.880192294716835,174.02635107189417,False
flow0000008,7,119,120,10.835693189398134,8.470777065699052,1.2131151825944704,104.68149988353252,100.06832905113697,True
flow0000008,7,73,79,5.240021323943776,0.4621341005521073,0.6965213168891378,130.34198731929064,631.0990636572242,False
flow0000008,7,74,77,21.971211400796797,2.5109911613122176,2.4706279148648975,970.6988025009632,150.99409529566765,True
flow0000008,7,77,80,36.30359425796211,3.091813017198155,3.042956467090677,150.99409529566765,166.5999317765236,False
flow0000008,7,111,1425,5.224507878444154,1.5535381900595782,0.33324428076068163,215.61909241974354,19.396431878209114,False
flow0000008,8,13,17,40.053286063401146,7.133747517549764,5.767532573179112,701.605804271996,215.9574531018734,True
flow0000008,8,17,252,7.013542542816757,9.162708601964471,3.252675392331739,215.9574531018734,183.62640368938446,True
flow0000008,8,31,466,5.428293010189361,1.35821914154178,1.6969703765488575,487.8815312385559,19.70708679407835,False
flow0000008,8,40,581,9.869092614393342,1.0416212266150129,3.5212214116391882,655.2462427914143,27.250064857304096,False
flow0000008,8,111,119,15.93618868992397,5.292024977491827,3.6563428680103636,469.049560315907,406.78974667936563,True
flow0000008,8,79,822,6.910099946274237,9.113517833465835,1.3572410529634642,86.64774711430073,34.34640531986952,True
flow0000008,8,88,93,11.358078151307945,0.9415227018429771,0.7432418374465048,54.46063980460167,140.82368528097868,True
flow0000008,8,90,94,23.429811286683744,13.040791934768812,4.774614695756795,97.95488755404949,66.19371764361858,False
flow0000008,8,6,156,31.112999688255634,5.5482905670937335,2.3553095311397247,759.1599436253309,102.10741083323956,True
flow0000008,8,112,125,61.97918346567424,0.8404126351934612,3.2526050832007978,458.93647979944944,234.68305526673794,False
flow0000008,8,139,1511,3.9476076459685725,10.085075573016825,3.9154356159904378,280.69773580878973,24.192238450050354,True
flow0000008,8,63,70,4.866115647617091,0.7729829648977224,0.7143358660150391,127.48160283267498,264.5118295624852,False
flow0000008,8,70,767,5.519436729238047,0.6379241417987367,2.271152150067267,264.5118295624852,33.483386874198914,True
flow0000008,8,43,68,50.353487207774,0.8717251792183994,5.238227373196045,400.92265236377716,311.42742152512074,False
flow0000008,8,43,683,28.04788297432853,0.3459610362897638,4.7468024665910225,400.92265236377716,29.594068363308907,False
flow0000008,8,68,683,5.357279470931195,0.5556467342230598,0.31852532303271813,311.42742152512074,29.594068363308907,False
flow0000008,8,47,52,54.4927563210729,4.179575177817965,5.223567019833904,345.6537675783038,104.08152677118778,False
flow0000008,8,107,144,70.20177858784812,2.706990208276321,2.6501260153693407,529.200081333518,148.22813373804092,False
flow0000008,8,53,754,6.042019926338132,1.0748661946636129,3.1673896986794836,563.3329606950283,282.0839753076434,False
flow0000008,8,98,754,56.973924554064965,0.5358542418003207,5.495628998276739,154.34458336234093,282.0839753076434,False
flow0000008,8,133,134,2.1303870158770573,14.037297085657613,2.119844878490798,445.16639398783445,204.231542006135,True
flow0000008,8,142,146,5.5342627073136175,3.824730024100607,0.9399760469968094,134.1179327070713,164.09924606978893,False
flow0000008,8,56,59,5.195406081281983,0.2380751430656662,0.18940911091379448,144.80631332099438,583.3465664386749,False
flow0000008,8,58,681,5.740248560537461,7.634399956266615,1.7618648930450564,176.90233828872442,77.30182296037674,False
flow0000008,8,108,1291,5.878603620890022,5.518498770045133,1.1003149690453966,228.6232925131917,24.969910837709904,False
flow0000008,8,64,582,17.392400532294527,4.186541966865854,1.1348867849741975,417.01795580238104,36.5899360999465,False
flow0000008,8,64,888,16.631888571979886,0.9673431987985103,1.0931091000662247,417.01795580238104,22.877169102430344,False
flow0000008,8,76,1070,4.205914684233971,4.617237774824864,2.2723163900881076,311.134754024446,173.41682373732328,True
flow0000008,8,109,124,58.54749062236474,1.2567042227940688,2.005461019988811,506.56398417055607,167.41725052893162,False
flow0000008,9,5,68,2.019134066613363,4.54935029069868,2.018373236880709,216.41587080806494,585.5182749778032,True
flow0000008,9,5,72,10.15821380402545,3.940301297138379,6.306606076315394,216.41587080806494,68.06879383325577,True
flow0000008,9,5,716,1.076066422959648,7.704982795321155,1.0625151819846632,216.41587080806494,881.5406478717923,True
flow0000008,9,5,849,30.12817854384631,14.074293279397372,4.127966467976241,216.41587080806494,37.10249338299036,False
flow0000008,9,68,72,21.820845778937272,2.669813146343898,2.8701111196217215,585.5182749778032,68.06879383325577,True
flow0000008,9,68,716,3.0844522419702574,5.552038077222232,3.0772207527913524,585.5182749778032,881.5406478717923,True
flow0000008,9,77,733,11.870585733103727,6.459841518136327,7.251455225594638,408.14701148867607,21.212911665439606,False
flow0000008,9,79,727,5.636460645723331,2.6248929684413236,0.6851570866930495,141.3064664825797,30.5274665877223,False
flow0000008,9,84,944,13.722754599227525,9.16507525528495,7.89923552720059,88.15404907613993,127.51854304224253,True
flow0000008,9,123,1320,24.9462460407034,4.94488201092368,2.7800759554036256,871.3298012986779,4.545021317899227,True
flow0000008,9,121,129,5.123883769174639,1.1986375559259634,0.6676729312516463,630.0070736631751,87.59276865422726,False
flow0000008,9,109,1228,5.763164840441681,4.464216116780958,2.150891171942924,681.3934866786003,41.65292786061764,False
flow0000008,9,1228,1310,60.453312339867566,5.437456994465244,1.6811176729761605,41.65292786061764,21.202561870217323,False
flow0000008,9,10,45,69.79895495542104,3.374380751742885,1.17837294904098,243.9891706109047,464.8384471014142,False
flow0000008,9,14,227,26.071963647766573,2.0569948197308263,1.1334882498430703,376.25511636585,19.03418728709221,False
flow0000008,9,132,138,24.266728563911,0.3073674393709128,2.362248197226289,823.498329013586,209.42939925938845,True
flow0000008,9,20,501,24.779488782748594,8.499943302569157,6.912517909368375,228.04242572188377,31.542070895433426,False
flow0000008,9,136,148,60.30372093032307,3.7388019922321307,4.682508411981355,64.37676138430834,124.35785711556673,False
flow0000008,9,56,82,62.55124570696823,0.5994085391765976,1.8869483021969864,466.9818253442645,200.60144904255867,False
flow0000008,9,94,95,6.463647517796847,1.3881557300457448,5.194214473934131,116.00536048412323,96.20194068551064,True
flow0000008,9,94,1046,4.709904456398965,14.588371907470384,0.7037346259928562,116.00536048412323,40.99515499174595,False
flow0000008,9,95,1046,28.93463889742056,14.900842985429671,6.159505708393755,96.20194068551064,40.99515499174595,False
flow0000008,9,96,98,15.24340899664199,3.1844091589344323,7.231342941334523,271.05229956656694,165.29712216556072,False
flow0000008,9,33,339,48.64834875220688,0.24002292297153152,2.8236346962817094,204.8512585759163,22.83178935945034,True
flow0000008,9,35,37,28.177520961557253,9.254867750397691,2.3502291266293196,533.0578731894493,116.04612331092358,True
flow0000008,9,39,40,10.93322074774261,2.0118203508566452,1.4545055977822208,86.04904720187187,155.98033767938614,False
flow0000008,9,39,50,29.676813380328017,10.059908366550502,1.7949653364148959,86.04904720187187,96.20751374214888,False
flow0000008,9,39,369,10.077839003382643,7.369744102213328,1.2742973509135542,86.04904720187187,226.10493360459805,True
flow0000008,9,40,50,6.328142817333081,11.416641637665458,2.137217938488456,155.98033767938614,96.20751374214888,False
flow0000008,9,40,369,1.4206681209757372,9.114448199859455,1.1201648040022607,155.98033767938614,226.10493360459805,True
flow0000008,9,50,369,5.547910874930232,3.8126622819736475,5.223671487501768,96.20751374214888,226.10493360459805,False
flow0000008,9,47,456,1.8194241145002776,8.178889410781077,1.8190780003096814,114.9472863599658,76.7571022361517,True
flow0000008,9,71,957,46.77500082707538,14.836533077777812,4.146880366979917,437.1336281299591,25.085670061409473,True
flow0000008,9,92,112,48.930616682020734,6.330516335363172,4.4948712814867,155.84961138665676,572.5443363934755,False
flow0000008,9,113,115,59.08678982282521,10.870074887933946,1.4075963850972928,613.148264169693,199.48159163445234,True
flow0000008,9,125,126,7.4019861945252865,7.378994673629927,3.7113899238131625,308.4420408979058,517.4434362351894,False
flow0000009,0,0,28,14.16984197867701,5.419105974543442,7.3936292310927385,262.7932722568512,96.53042855858803,False
flow0000009,0,0,31,20.942095292486698,3.5795531156910165,3.9516012915749017,262.7932722568512,956.4416190609336,True
flow0000009,0,0,465,1.200687556167555,2.7309410709765296,1.0100162214443265,262.7932722568512,1088.2868844792247,True
flow0000009,0,28,31,19.19839021004055,7.144158797523669,2.8866090932423547,96.53042855858803,956.4416190609336,True
flow0000009,0,28,465,13.3222022189827,3.7977970133309276,7.599069121447015,96.53042855858803,1088.2868844792247,False
flow0000009,0,31,465,13.732943167983505,3.348104582342562,5.206899043625527,956.4416190609336,1088.2868844792247,True
flow0000009,0,3,103,13.723880201032687,9.94105233139501,7.72324211876161,575.3524881973863,268.35831143707037,True
flow0000009,0,3,115,39.221228541785514,6.636581495730313,1.7590326164913868,575.3524881973863,174.26726569980383,False
flow0000009,0,4,115,10.016394264505653,5.220901699977739,3.817357548464639,713.6466632112861,174.26726569980383,True
flow0000009,0,108,1004,15.071547931796236,1.9875142297029214,2.6500701820524974,389.5242666006088,311.529165007174,False
flow0000009,0,111,1226,4.7819897875257755,4.272422191039625,2.268053638116318,48.41663987189531,41.54003523290157,True
flow0000009,0,69,74,52.869906021752925,5.829131085759325,2.738203780208617,246.56389954686165,52.961821496486664,False
flow0000009,0,100,1056,10.555379725362958,6.14036757869368,1.5163347486729035,106.67854539304972,22.371618628501892,False
flow0000009,0,133,160,79.75853031925773,3.4976823500203102,0.14591464313248043,306.34627651423216,373.0802576094866,False
flow0000009,0,9,18,42.38754130871833,1.0353085150545738,0.8382064075027801,258.20860458910465,81.91037672758102,False
flow0000009,0,18,57,54.9213352076056,1.7216884544448758,1.268567111111554,81.91037672758102,160.7479609772563,False
flow0000009,0,10,54,47.82489036481499,1.6245031564796397,3.8891446254013426,296.6228243857622,385.6924375295639,False
flow0000009,0,13,755,5.8892630526287535,6.073521569891521,5.1642150816876216,504.2191830724478,23.48207911849022,False
flow0000009,0,21,41,4.569659919143888,4.259445153963142,0.6966507193321225,140.81126524508,269.4775275737047,False
flow0000009,0,22,45,3.013918703820371,9.885186155931132,2.9944547347111348,444.1872917711735,38.509915471076965,True
flow0000009,0,42,502,14.44280851272051,5.435455324465377,2.5211354105644532,140.11065953969955,23.194034107029438,True
flow0000009,0,136,144,19.233110690730076,0.8571315043526312,5.157339821943056,201.1069967970252,74.77247703820467,False
flow0000009,0,140,142,11.56408313029996,4.49900009683283,3.008957351727443,124.67472194880247,46.74569635093212,False
flow0000009,0,141,1561,47.787189666641424,2.883542627475554,2.3571722691025934,36.32004412263632,68.90553974360228,True
flow0000009,0,34,38,1.9754270550461779,7.0429052000687085,1.631748793309481,142.83983772993088,74.02521748095751,True
flow0000009,0,75,81,10.259376318053167,14.697002020429426,3.4770670000457065,123.00552773475647,173.20855478197336,False
flow0000009,0,78,936,79.48769694063178,5.973949027901895,2.272894273930103,381.14040959626436,32.71526771038771,True
flow0000009,0,161,1769,6.563605006950302,3.5179799179588134,0.9389895016386268,113.57457671314478,23.743054255843163,False
flow0000009,0,109,114,47.90133320221953,0.9558129924441323,1.4328504863024836,135.18763006478548,174.05597023665905,False
flow0000009,0,118,124,58.39991867271194,0.7630844919436734,0.5842281998288993,156.11695688217878,149.61278618127108,False
flow0000009,0,146,1644,9.537475262715425,2.708547115959504,1.050954647020411,222.1457154005766,27.489066757261753,False
flow0000009,0,132,1696,62.004021287379004,1.614915335948923,3.791562240796868,319.3612994775176,24.7990585193038,False
flow0000009,1,0,753,1.187857111915075,1.1017016794653862,1.18783817755641,428.1615681052208,459.52116372436285,True
flow0000009,1,62,65,9.87249313234434,3.416186367968259,2.5403586903686257,209.02925527095795,538.677201539278,True
flow0000009,1,640,642,17.156016216077145,4.747956791387148,4.167512504054754,40.895318895578384,31.373448491096497,True
flow0000009,1,1,2,3.709462074846778,4.648488431097037,2.5559255280758055,5019.4233260676265,2080.7276860773563,True
flow0000009,1,1,3,38.05226029217346,2.12342666315487,4.382214989046433,5019.4233260676265,2661.323565118015,True
flow0000009,1,1,1353,37.45375638313952,2.9958847075679778,3.5988234634259046,5019.4233260676265,1981.3024882599711,True
flow0000009,1,2,3,38.431166789505305,2.778537753687876,4.218565781662312,2080.7276860773563,2661.323565118015,True
flow0000009,1,2,143,72.5449996246396,6.439719588920558,5.274617341988766,2080.7276860773563,116.4075713828206,False
flow0000009,1,2,1353,21.592880475880595,7.5962066447181655,7.134918381807084,2080.7276860773563,1981.3024882599711,False
flow0000009,1,3,160,50.38263234616287,13.601545356812219,6.063268607554163,2661.323565118015,392.4664930999279,False
flow0000009,1,3,1353,7.950484652670374,5.106883226462393,7.909724434314092,2661.323565118015,1981.3024882599711,True
flow0000009,1,159,160,5.089765178399114,7.571132375839537,4.405755311374316,117.31533304601908,392.4664930999279,True
flow0000009,1,4,179,8.072118607628962,8.655509342768173,2.341102850902331,890.7934270054102,29.192493937909603,True
flow0000009,1,126,132,52.382036632145876,1.1311881530932872,3.0141206419897464,743.8071228116751,74.06598049402237,True
flow0000009,1,26,278,6.1043838344225065,10.064942462412741,6.098081934303629,75.92911382764578,213.95945137739182,True
flow0000009,1,30,731,10.611332843044032,7.281970945145591,4.419388934900951,225.59125921875238,36.22960177063942,False
flow0000009,1,731,900,7.87766657302261,8.222591774326572,0.6413753518796108,36.22960177063942,47.737370908260345,False
flow0000009,1,109,853,10.545194459535782,1.7094045440919174,1.4829038924898086,153.6899932846427,32.90188351273537,False
flow0000009,1,109,869,34.353747650953125,1.4511743769294099,1.0213657197227277,153.6899932846427,31.433318093419075,False
flow0000009,1,853,869,6.826597492825811,0.46417499852194904,0.42292708889600583,32.90188351273537,31.433318093419075,False
flow0000009,1,39,490,8.226653065756684,14.366781996173257,6.459488433700561,142.83904080837965,393.641602486372,False
flow0000009,1,49,504,3.8174804807717146,11.828156927703496,3.752384106053224,158.74279519170523,239.74222414195538,True
flow0000009,1,50,478,36.63722180982137,1.9101876885023872,1.559822721444268,117.28603656589985,22.96745201945305,True
flow0000009,1,69,822,6.074265739055409,14.054627406116689,2.313421804818456,73.81376197189093,122.48230101168156,False
flow0000009,1,84,968,7.7123073698103095,0.8116425006806252,2.772926367733707,720.1573740616441,22.28483907133341,False
flow0000009,1,77,85,58.93588870468302,1.8383548524479696,1.4865597622519033,225.55654989928007,465.36294743418694,False
flow0000009,1,124,138,45.86320677390879,0.7927559529978856,0.5263868155043274,270.10823502391577,489.59292197972536,False
flow0000009,10,28,487,42.554201717999355,8.364195865199841,5.984314129534786,177.40311140567064,25.66351042687893,False
flow0000009,10,30,32,57.22638447215684,6.529893772638041,1.4198713392227795,401.8788177445531,110.81514602154493,False
flow0000009,10,30,455,4.459496120667844,4.409698437495157,4.458328301510904,401.8788177445531,1049.6709274426103,True
flow0000009,10,30,508,19.10013319646157,6.110373834430982,2.0934852411212037,401.8788177445531,272.9296059310436,False
flow0000009,10,31,455,6.313104959944054,13.333174599885508,6.202664178285526,459.7620814219117,1049.6709274426103,True
flow0000009,10,32,455,43.18474746837503,3.3828464092087835,6.340744496107778,110.81514602154493,1049.6709274426103,False
flow0000009,10,32,508,4.539769613339456,1.1691901835735519,0.7644608305671242,110.81514602154493,272.9296059310436,True
flow0000009,10,47,487,12.587849255529585,9.176674534983796,6.737936896187415,122.82750934362411,25.66351042687893,False
flow0000009,10,455,508,6.927276163896674,3.811181133921248,5.201649365274097,1049.6709274426103,272.9296059310436,False
flow0000009,10,3,131,4.945543200085572,5.29179294370111,4.373258657031576,475.98619563132524,61.44918439537287,False
flow0000009,10,6,11,23.33139365142265,5.120160845870007,6.004036376871029,779.6422993242741,165.01098722964525,True
flow0000009,10,6,12,40.4447282266159,2.9897976581084653,2.4151460980211956,779.6422993242741,51.347084015607834,True
flow0000009,10,6,14,40.43346371559078,13.269491445322176,3.2517862294397246,779.6422993242741,30.222384922206402,True
flow0000009,10,6,199,14.961049290408601,3.3255736061373242,3.967992690154087,779.6422993242741,954.2337583750486,True
flow0000009,10,11,12,12.395273431419922,4.159224048677456,4.3189364341639696,165.01098722964525,51.347084015607834,True
flow0000009,10,11,14,5.788681692551863,8.214904776142548,5.664111278678001,165.01098722964525,30.222384922206402,True
flow0000009,10,11,18,67.79635502523954,5.3815238073195815,5.330295511441451,165.01098722964525,96.7625842243433,False
flow0000009,10,11,199,13.145598622063432,1.8190736495995088,2.3984423680181957,165.01098722964525,954.2337583750486,True
flow0000009,10,12,14,11.785828169311852,11.443321309646095,2.9450747978384,51.347084015607834,30.222384922206402,True
flow0000009,10,12,199,0.7203700196667319,3.098258532366092,0.5849628935351705,51.347084015607834,954.2337583750486,True
flow0000009,10,14,199,12.344167843074077,10.030174280657418,5.446634072913511,30.222384922206402,954.2337583750486,True
flow0000009,10,18,199,31.378966479562944,3.9058153200659684,7.558594875488934,96.7625842243433,954.2337583750486,False
flow0000009,10,17,173,5.176752367575074,5.5584407142224,0.6463480487220923,35.85700713098049,19.014124110341072,False
flow0000009,10,34,55,77.42025338783088,0.42935641221611653,2.20491266761111,236.35606963187456,156.25882918387651,False
flow0000009,10,34,499,5.160273099651843,0.38034274706370375,0.15829227592399217,236.35606963187456,29.71333110332489,False
flow0000009,10,34,728,56.19511827093472,0.3936815202566595,2.2865329877302827,236.35606963187456,22.729723155498505,False
flow0000009,10,55,728,5.133216028084728,0.8224285938156787,0.013548157001175244,156.25882918387651,22.729723155498505,False
flow0000009,10,35,573,28.523620293113783,0.4409856216540927,1.4200024581847432,114.12550769001245,17.006888560950756,True
flow0000009,10,106,1207,4.460224472155706,7.202279086897459,1.6002648002495155,259.7096529006958,21.484396919608116,True
flow0000009,10,40,45,8.304440528845117,5.404981898259329,6.609285743342889,305.9141326099634,603.0117768645287,False
flow0000009,10,48,637,35.958707795561025,12.379906429449548,7.7385311626440325,317.9635950922966,23.501345694065094,False
flow0000009,10,48,721,7.483659386121161,14.96774654981302,6.960012813605511,317.9635950922966,45.79159829765558,False
flow0000009,10,108,133,48.45419640142009,0.6324733546035333,3.7133117190499183,167.53587609529495,86.6600072607398,False
flow0000009,10,111,112,75.97593371236081,3.4798686804712182,5.390917934338952,45.07443207502365,576.9266258701682,False
flow0000009,10,49,59,50.359494324884594,0.7428753810182487,0.7461098695140436,472.58507692813873,282.08652475476265,False
flow0000009,10,77,81,43.480322405240294,0.4013569185160589,2.759249557775661,114.63599424809217,677.1990867555141,False
flow0000009,10,66,67,14.797505400430186,10.144432544939535,3.01634722401189,284.16413654387,173.37558367848396,True
flow0000009,10,66,817,9.391340507460374,13.007213687562711,4.526899274595606,284.16413654387,1697.988480873406,True
flow0000009,10,67,817,9.913387538450406,3.635693684466965,7.263463336992207,173.37558367848396,1697.988480873406,True
flow0000009,10,60,72,5.346578261765585,3.874383075359601,1.0842667905139065,313.91011375933886,81.15754426270723,False
flow0000009,10,89,93,46.844126047526586,0.3196590963644437,2.940060661545485,427.96269530057907,332.05596332252026,False
flow0000009,10,97,100,3.558055938761425,3.072935659426982,2.6620635805682498,1265.1239414438605,764.2144850045443,True
flow0000009,10,102,114,40.393266156983074,2.8339432059116354,1.560535119488393,357.46232172101736,123.45391500741243,False
flow0000009,10,122,132,6.626701940241722,2.948255488758385,4.257448555256859,520.5466460585594,284.5262243151665,False
flow0000009,10,128,1355,2.4319464265572965,10.644586071511911,1.2148325299639013,121.5240665525198,56.407369151711464,True
flow0000009,11,1,38,14.102637202983429,7.1971186985593265,1.7723569019616854,1708.2823053970933,103.48091637343168,True
flow0000009,11,36,397,49.80881375774059,3.9186532173815745,1.9310348721945834,119.65551659464836,18.998360812664032,True
flow0000009,11,46,56,77.50861861104475,0.559830970963912,2.492368207656837,416.46543219685555,278.9744025245309,False
flow0000009,11,46,538,75.50982935403722,9.628597867389422,1.4518787618897393,416.46543219685555,55.651669934391975,True
flow0000009,11,94,1090,40.9849797227512,4.780629901625076,4.3446544102167906,934.8265082612634,52.61597682535648,True
flow0000009,11,103,105,11.194351667375328,7.914834113430435,5.0300346982245765,82.2423684000969,246.6041822656989,True
flow0000009,11,103,1090,56.341633390295854,5.4483084214021495,2.562047659451025,82.2423684000969,52.61597682535648,False
flow0000009,11,105,1089,10.828184052771546,13.359916984847077,6.697191406252892,246.6041822656989,95.66868371516466,False
flow0000009,11,7,12,23.27268624433582,8.797607043245579,2.823203493074401,719.8097803667188,64.75954595953226,True
flow0000009,11,11,13,3.9890241697424296,0.07877305358604238,1.805522545598815,412.6828005462885,95.57728745043278,False
flow0000009,11,14,277,17.977921471884112,8.425955679698347,3.491653516480845,84.90817350894213,24.44636696577072,False
flow0000009,11,15,20,62.2869539262008,6.754851836632096,2.464071307856117,424.9653752371669,111.94248289614916,True
flow0000009,11,68,74,45.20134071224997,1.5824026027726636,1.735760888563791,248.72574775665998,108.16733414679766,False
flow0000009,11,22,49,56.353463754036525,1.009344296417978,0.8327601269152815,431.1963103711605,254.7511141449213,False
flow0000009,11,22,389,5.347594640511934,10.281952683790202,0.4019551752422915,431.1963103711605,63.07665826380253,False
flow0000009,11,49,389,33.67580902448614,10.752965013927644,3.3566255114571795,254.7511141449213,63.07665826380253,False
flow0000009,11,23,24,6.535925048771711,6.623189420887927,1.9394275532751726,77.05119749158621,75.53438547998667,True
flow0000009,11,52,60,43.133445311323676,3.340357447496045,2.0709310588876573,183.63133995234966,512.5342601239681,False
flow0000009,11,52,540,5.078456586607418,1.3206920627634897,0.5588059688149097,183.63133995234966,46.086330093443394,False
flow0000009,11,60,540,22.098974151295543,2.024749785950908,3.1786083168837567,512.5342601239681,46.086330093443394,False
flow0000009,11,86,91,45.613256285987106,0.7594565219516786,3.4306394214458313,455.7748377993703,258.2492075562477,False
flow0000009,11,78,790,2.5841559055408605,11.599208064137255,1.6767213370632958,81.13557117432356,21.503663428127766,True
flow0000009,12,28,399,5.159053727983863,0.5438438832539996,0.25231292471921035,161.8036450445652,20.568832024931908,False
flow0000009,12,119,120,11.805634762477194,6.019696717004081,2.475073411012725,165.02579718083143,367.3566298112273,True
flow0000009,12,145,1242,4.370731699691842,10.145326761400042,2.026400314929237,107.18138934671879,28.974192038178444,True
flow0000009,12,68,72,10.906980565087066,2.6665936937800714,1.5376391951728174,159.34770248830318,25.434858307242393,True
flow0000009,12,6,16,37.57824512105604,1.5597130293104564,0.6970711640152212,283.54856342077255,576.5904972329736,True
flow0000009,12,6,265,63.24523698694731,10.5467732456829,5.930642232309899,283.54856342077255,28.086970180273056,False
flow0000009,12,7,351,32.83870096082376,10.194055690234293,3.387206838373409,708.0238351374865,24.25210816413164,True
flow0000009,12,86,94,3.147699874092633,1.8195663436475966,3.0400189072189456,199.92997978627682,473.05830386281013,True
flow0000009,12,37,41,10.177197758349477,12.027226866011667,5.4115788512560075,350.45960050076246,192.92137138545513,True
flow0000009,12,108,896,5.18726743089663,0.12833246732070244,0.5015285988232258,368.0585054755211,25.215759307146072,False
flow0000009,12,30,497,5.779804899677071,1.0048732811213004,2.384157448322597,619.2771325781941,23.840820372104645,False
flow0000009,12,31,46,5.1673747487278785,2.1506322123701977,0.9480796894230142,527.9289588779211,79.61987267434597,False
flow0000009,12,90,122,54.828444953622736,6.722449116122858,2.912685645371721,437.83264023065567,211.22231306880713,False
flow0000009,12,87,1147,37.23700413797438,1.1741805526127258,3.423152724642073,716.0666295588017,22.52033770084381,False
flow0000009,12,60,93,9.623767106688922,11.274699901695568,7.47587433909479,559.0313974320889,117.21693036705256,False
flow0000009,12,115,160,52.13669883567619,2.3637162852679543,3.1514180331961046,536.0707964375615,141.85723969340324,False
flow0000009,12,88,860,71.31290532780571,0.94865889439714,3.32361719900782,270.5387894362211,18.552680045366287,True
flow0000009,12,95,901,5.994131591426044,0.9848803281175504,1.6891018358666952,425.6335016563535,23.152794279158115,False
flow0000009,12,116,125,4.960073200939259,6.434509007057112,0.6601384948545578,577.9638438895345,59.234313026070595,False
flow0000009,12,116,163,78.67653748188644,1.9955054021084695,5.471502227910338,577.9638438895345,37.943538412451744,False
flow0000009,12,125,163,41.538729987185626,4.461766384858127,3.4533855964855644,59.234313026070595,37.943538412451744,False
flow0000009,12,135,154,6.714088201688621,6.708672180275901,4.308935382810798,515.7791833356023,174.64639046788216,False
flow0000009,2,0,568,12.447857306520907,8.000600412897544,4.88078064481228,668.7846464514732,35.5869549959898,False
flow0000009,2,1,49,28.181887002074408,2.729713976124485,5.360986230825719,1642.7961806952953,83.35266901552677,True
flow0000009,2,1,52,30.455822222495776,13.784863415070397,7.4177222052138605,1642.7961806952953,144.92573238909245,True
flow0000009,2,1,59,67.98852062098916,7.632139206655822,7.5123897903877115,1642.7961806952953,321.29003693163395,False
flow0000009,2,1,515,3.5058034899146358,3.787891743671468,3.453290617887801,1642.7961806952953,1855.3935918286443,True
flow0000009,2,1,587,33.90824143405938,2.4521081108171114,2.0037488538946695,1642.7961806952953,986.7202147245407,True
flow0000009,2,49,50,8.472760075823254,3.9723895226706105,6.5742500049339885,83.35266901552677,403.26935962587595,True
flow0000009,2,49,51,17.75179519971148,14.864481366116719,6.095612233545796,83.35266901552677,119.03150035440922,True
flow0000009,2,49,52,6.401317488726173,11.641861623959693,6.112694489391777,83.35266901552677,144.92573238909245,True
flow0000009,2,49,53,17.104215040643265,9.56440510253577,3.8913150001287042,83.35266901552677,264.09018840640783,True
flow0000009,2,49,515,23.405039925475947,1.668973214359426,5.0225190599375615,83.35266901552677,1855.3935918286443,True
flow0000009,2,49,587,26.883155808783183,5.102543916281286,3.883421862739678,83.35266901552677,986.7202147245407,False
flow0000009,2,50,52,8.294494563356153,7.725528258809742,7.596405076499249,403.26935962587595,144.92573238909245,True
flow0000009,2,50,53,24.500130657370118,13.477781676713988,3.7786337888384067,403.26935962587595,264.09018840640783,True
flow0000009,2,50,59,6.735967688625445,2.500003729891283,2.3155672394741758,403.26935962587595,321.29003693163395,True
flow0000009,2,50,60,53.081518475879925,10.18300112567359,0.7821808819732029,403.26935962587595,311.13268980383873,True
flow0000009,2,50,666,38.214464999211486,1.7723393751244838,2.2493771174948543,403.26935962587595,832.2754776403308,True
flow0000009,2,50,756,55.83695692237506,3.18067790142343,1.9001542126282334,403.26935962587595,62.37063900381327,False
flow0000009,2,52,515,30.785079281267972,12.189323851181646,7.441233680357265,144.92573238909245,1855.3935918286443,True
flow0000009,2,59,60,0.4443974245480969,10.51264069459489,0.36036918488361064,321.29003693163395,311.13268980383873,True
flow0000009,2,59,587,7.722745014668336,8.888124836622316,7.710661314653323,321.29003693163395,986.7202147245407,False
flow0000009,2,59,666,0.8950817774962492,3.1800092097290316,0.8871389512912049,321.29003693163395,832.2754776403308,True
flow0000009,2,59,756,49.48619464829472,5.572913661938729,2.63501752313434,321.29003693163395,62.37063900381327,False
flow0000009,2,60,666,0.7557183746167452,8.415782455347202,0.6595582023457345,311.13268980383873,832.2754776403308,True
flow0000009,2,515,587,4.121396937770305,6.237857190828161,1.8364461310307325,1855.3935918286443,986.7202147245407,False
flow0000009,2,666,756,17.840832418644958,2.846576926338112,3.0271681581536702,832.2754776403308,62.37063900381327,False
flow0000009,2,4,990,78.17501722958058,12.528250816552884,5.794514976061328,1318.8610582351685,34.994625099003315,True
flow0000009,2,1198,1221,60.83704397316537,2.3155885824756566,4.542505495372561,53.31514962762594,19.71823351085186,False
flow0000009,2,8,37,33.9348410323062,8.199859228470583,2.826601952357143,330.99263628572226,227.49133547395468,False
flow0000009,2,104,108,64.55737361036815,0.8355766544793618,2.7661967664844433,503.98432122170925,100.09651242941618,False
flow0000009,2,23,343,33.130345027338656,4.044380136913871,1.2270858076272597,332.8108694702387,20.2204407453537,False
flow0000009,2,110,112,16.516681767249366,5.149897509580681,1.428460307612447,194.07068560272455,244.87527902424335,False
flow0000009,2,44,68,57.24913872799597,0.795665652038702,1.7460060868560712,171.15784946084023,464.0513813048601,False
flow0000009,2,65,829,26.9093724857421,1.541623880725732,4.538341090649228,580.851929679513,47.10045749694109,True
flow0000009,2,82,1018,5.306143732791677,2.239840385931495,1.113622612521001,137.67191632837057,20.654338270425797,False
flow0000009,2,86,88,6.778261690701813,1.020671404133158,5.720708272585904,512.1239259019494,165.7544260919094,True
flow0000009,2,88,1028,5.287343038436613,1.0033348473946944,0.41598842260400803,165.7544260919094,29.974306419491768,False
flow0000009,3,3,587,3.7884195772282565,3.7833612112394404,3.2905714740535275,2173.0103844329715,1603.4421943053603,True
flow0000009,3,52,78,77.21257878534833,1.3093227942970052,2.289501928872341,209.48226287961006,92.03763379901648,False
flow0000009,3,89,92,5.809731390328079,2.6101423904103656,2.649314948800573,210.1578694730997,588.2509659528732,False
flow0000009,3,155,1186,10.07257575267808,4.650469704177515,1.7410111039185545,98.44945106655359,28.65239031612873,False
flow0000009,3,155,1406,1.8449117942645623,1.8581654686939915,1.6477946435504038,98.44945106655359,23.789230659604073,False
flow0000009,3,1186,1406,70.69702218489704,6.155722496753421,5.356728872164555,28.65239031612873,23.789230659604073,False
flow0000009,3,18,223,5.4958595410416855,1.203385741545482,1.7900406624980836,670.8200693801045,24.442863702774048,False
flow0000009,3,9,14,1.7433733738387034,1.6877002290997707,1.7225631048528025,240.11497900635004,366.46223762631416,True
flow0000009,3,10,23,5.724688672377384,4.923401257926239,3.0740737693464815,348.0630541294813,46.94393513351679,False
flow0000009,3,145,146,6.748923220370564,8.029322325288058,2.3069163160460007,159.95547898858786,68.40970219671726,True
flow0000009,3,19,229,8.63678561512533,5.6753769384355355,2.037737731045217,90.07721112668514,44.80310699343681,True
flow0000009,3,38,44,9.183052023956865,3.8516187443292416,4.417911738833776,77.11473022401333,45.51055981963873,False
flow0000009,3,43,85,48.16066748538297,3.804988870207725,1.4634849247934654,318.893809877336,170.52411928027868,False
flow0000009,3,53,551,1.4441886315294885,6.8411962685692735,0.8606409865260946,143.7601786777377,57.118802078068256,False
flow0000009,3,72,635,3.241680906883806,10.22309856715219,2.9860470280796285,74.68569721281528,137.42797422409058,True
flow0000009,3,35,64,47.054534854956565,1.9641177897407343,0.5055765208446128,101.539760671556,248.1189235895872,False
flow0000009,3,35,585,22.61934133393909,3.5656386058267366,2.270999845660663,101.539760671556,31.28587220609188,False
flow0000009,3,64,81,2.7048558713520303,5.75146732743091,2.25445867191611,248.1189235895872,179.17230185866356,False
flow0000009,3,64,585,5.5833391425372465,1.6015653136731423,0.741397252632407,248.1189235895872,31.28587220609188,False
flow0000009,3,100,1139,13.456019045151049,0.9803615912717107,3.258248817829769,101.72701296210289,27.010902769863605,False
flow0000009,3,97,99,6.476186293697106,3.4414877544707223,5.116176476134073,165.09967692941427,154.65682876110077,True
flow0000009,3,58,66,8.158756592576939,2.4146830307768243,1.0978745656611428,130.7096421867609,192.35945509374142,False
flow0000009,3,58,74,30.20466273780999,2.063823289224944,2.6385975812883764,130.7096421867609,161.11609569191933,False
flow0000009,3,66,74,5.526220093525042,4.061425075425027,4.184670722494329,192.35945509374142,161.11609569191933,True
flow0000009,3,59,91,76.07875012998345,0.706316655208363,1.8679580151229187,183.15667904168367,498.13808454573154,False
flow0000009,3,96,1011,1.252365385207751,6.7157715210492315,1.2277762675146056,245.42684239149094,108.59597507119179,True
flow0000009,3,105,126,23.924815216057173,1.6574200480457113,2.1753320827361917,807.3007988110185,72.90727384388447,True
flow0000009,3,143,1428,47.569175326406864,1.3775296431663624,0.4692028905791979,239.42265222221613,30.663128942251205,False
flow0000009,3,133,1160,9.856432711898135,9.422400517428038,4.165946787207344,335.5031071677804,24.757818639278412,False
flow0000009,3,141,142,6.416712105789243,11.078209180589386,1.3727195289044363,212.00046565383673,38.46580899506807,True
flow0000009,3,142,148,14.453043792533606,1.5689859778425546,1.3132238047719889,38.46580899506807,120.88348998874426,False
flow0000009,4,21,223,3.3758194272859003,10.893106338697761,2.037527925442475,190.111623339355,379.9824944809079,True
flow0000009,4,36,37,7.971115613983777,11.679677524781399,0.9966224406965931,239.14543447643518,82.24507506936789,True
flow0000009,4,66,590,37.03945824444936,14.069137495264064,6.789216251242055,48.30024407058954,83.30649264156818,False
flow0000009,4,2,72,20.278678730145145,4.104801574879474,1.2063642321345203,1060.4379593580961,51.36794377118349,True
flow0000009,4,2,716,9.23286114114145,5.617187324604456,5.171743845049336,1060.4379593580961,480.715923525393,True
flow0000009,4,25,298,7.443332648995481,5.096679677143462,7.441725661385212,759.413115978241,44.753427281975746,True
flow0000009,4,72,78,5.408609735715997,1.4731693653833342,2.774541598306992,51.36794377118349,729.0931174606085,False
flow0000009,4,72,716,2.9822407575382894,4.862837627839993,2.6445695211386804,51.36794377118349,480.715923525393,True
flow0000009,4,72,822,77.00206388854127,6.326881105463839,7.850083046965214,51.36794377118349,70.8186718299985,False
flow0000009,4,78,716,3.312690537618046,4.252576620680831,0.47990329280383875,729.0931174606085,480.715923525393,False
flow0000009,4,78,822,2.4142665309329288,5.837262525636601,2.3007829258327703,729.0931174606085,70.8186718299985,False
flow0000009,4,82,1008,11.493731616893788,8.029621034795058,2.8507374378675165,60.29780102521181,32.83644042909145,False
flow0000009,4,115,125,68.93244685186122,4.6705976485777985,5.704169678633658,497.4417783766985,126.43658573925495,False
flow0000009,4,716,822,75.41885166491416,9.78712464652428,1.080165401497638,480.715923525393,70.8186718299985,False
flow0000009,4,6,24,25.429951438866752,14.809860526547087,5.271789760487755,954.0063877552748,65.64963437616825,True
flow0000009,4,14,15,18.884177063758404,1.5192019351638293,0.2972250753134856,54.34440395236015,284.1888197362423,True
flow0000009,4,14,18,43.66292648744285,12.39781403750003,6.332848642137324,54.34440395236015,52.72409299015999,False
flow0000009,4,15,18,16.348110822905273,13.642222758537565,3.9934320989521175,284.1888197362423,52.72409299015999,False
flow0000009,4,1400,1431,26.396411331266197,1.2443600536771338,5.584077267494665,59.11170706897974,86.04474733024836,False
flow0000009,4,101,102,26.968143345849978,13.39606063687046,7.589775099525847,132.8167163953185,367.22016771137714,True
flow0000009,4,102,1227,6.416887813694259,7.752380039984646,3.8233966618122732,367.22016771137714,21.977527618408203,False
flow0000009,4,46,56,41.7185315745231,2.077967485803152,2.4469373246564268,138.00645408034325,396.53160440921783,False
flow0000009,4,16,154,8.39682544658518,7.8067185747373875,6.315079618557724,151.04234153032303,156.27904956042767,False
flow0000009,4,28,48,58.15989701922254,3.0156751282191285,1.4491711293543788,464.8785767778754,94.181012108922,False
flow0000009,4,55,67,44.58179292183842,9.88273417782607,2.0559782222231178,45.90385413169861,55.04692001640797,False
flow0000009,4,51,70,5.353842449532381,1.433052651591049,2.932276001033509,222.63741293549538,468.10852237790823,False
flow0000009,4,51,74,69.17886775597533,3.513716152329062,0.4163709603996404,222.63741293549538,252.04406847804785,False
flow0000009,4,70,74,16.73649138462613,3.742620776469689,3.804141079853452,468.10852237790823,252.04406847804785,True
flow0000009,4,81,84,43.71660459569957,0.5310601822401404,1.25471668055095,105.36761598289013,611.6523154303432,False
flow0000009,4,86,106,49.62695523035599,0.7253011135198609,0.8199083585803789,375.9481250420213,313.22320118546486,False
flow0000009,5,1,1332,37.13349952938306,4.375541490865023,7.475878194763689,1869.380407832563,72.34981348365545,True
flow0000009,5,8,232,2.079237182020838,1.1169914312941973,1.2741728433430024,400.6072209402919,20.43046284466982,False
flow0000009,5,59,94,47.00106902019332,1.4568816450961024,1.9416707184989879,152.24212834239006,308.3323349952698,False
flow0000009,5,96,1054,1.580453469539278,12.720031390598315,0.6968109757542137,121.8355148807168,73.93971119821072,False
flow0000009,5,96,1079,8.011130950747258,12.970901351242137,2.825722651594492,121.8355148807168,18.06766927242279,True
flow0000009,5,65,67,6.975275441047601,2.4091600320238387,0.9552271769419086,395.5369020104408,225.80000840127468,True
flow0000009,5,71,813,8.680333441674179,2.027047386115422,1.7938067544632836,129.16990334540606,126.45999212563038,True
flow0000009,5,71,904,33.638990270116125,4.385412892514814,1.2114610163605135,129.16990334540606,39.902687795460224,False
flow0000009,5,106,1203,5.863260212871617,9.671126659568468,2.143271711343342,127.42890012264252,20.68602468073368,False
flow0000009,5,113,1203,3.8220308263794505,10.725877343653304,0.7185384912896071,127.73589181154966,20.68602468073368,True
flow0000009,5,813,904,21.86784415234926,5.018690125861017,1.5142389542763688,126.45999212563038,39.902687795460224,False
flow0000009,5,5,37,72.08839911084085,0.4329948204426732,2.415448689593555,535.5512324869633,161.4878969117999,False
flow0000009,5,5,422,48.15875348968612,0.7328526772698436,2.513592786509088,535.5512324869633,27.384930536150932,False
flow0000009,5,21,22,1.9463475538866768,9.149307038145988,1.1521603107505651,180.73305997252464,145.5811189338565,True
flow0000009,5,37,422,5.192223901145477,0.3240078862967673,0.11671677304228786,161.4878969117999,27.384930536150932,False
flow0000009,5,7,23,49.69529818377696,4.621486960601891,7.055513117620941,308.0761367455125,374.7265229448676,False
flow0000009,5,16,254,5.721164951629693,12.462722978040373,1.952246054027562,194.14775116741657,18.93562450259924,True
flow0000009,5,42,899,5.430184818083701,5.647216977568246,1.2016020899286348,460.1892882883549,46.603026881814,False
flow0000009,5,43,69,75.43184528466382,0.7292504079480912,1.7254779414688148,193.9261058717966,578.9080642163754,False
flow0000009,5,69,83,48.73554244175654,5.104533938350295,3.058546095101064,578.9080642163754,123.23624996095896,True
flow0000009,5,53,56,25.725330324222057,10.787984782528504,1.8241098326871772,841.1593261361122,135.54095776379108,True
flow0000009,5,97,1049,5.483121348072933,7.714896899759144,1.1185173917620745,80.90468907356262,22.518267706036568,False
flow0000009,5,52,78,61.5738064730722,1.8786643337434927,1.7270171839480781,98.92283894866705,116.37811478227377,False
flow0000009,5,88,119,41.97053449777276,4.6529145993706456,5.236586992739931,509.06227983534336,360.62667033821344,False
flow0000009,5,85,99,4.451468015585773,0.602864408025162,0.6835600847120209,418.47012566030025,333.3696023449302,False
flow0000009,5,107,135,48.80631011447486,1.6342608884351677,0.4300569981761383,594.7129398137331,88.46613691747189,False
flow0000009,5,111,130,79.46048904364454,0.5483894703601526,1.0622885169837508,117.79986674338579,495.0692719221115,False
flow0000009,5,115,129,13.918572689820037,0.3331300265279463,0.1407896762656331,76.8012084364891,341.8181080073118,False
flow0000009,5,120,125,55.34555016469259,4.910528757007421,3.859923754879295,221.7258278504014,437.93183959275484,False
flow0000009,6,4,1022,8.973023878774068,11.17886053518116,7.397379107685625,3144.694968789816,1270.3217996284366,True
flow0000009,6,69,71,5.904959674557113,10.68054353156693,1.6206411153574558,249.5024595335126,117.29877309501171,True
flow0000009,6,95,1485,37.10015420645746,10.356241204564565,1.805520412566495,81.45896293967962,37.64801014959812,False
flow0000009,6,98,1255,5.249049644237888,3.864676360433825,0.5912155178850734,180.77063876390457,77.48859830200672,False
flow0000009,6,106,107,23.25003609772539,2.408862357623885,2.2782785139067028,607.5701611563563,211.36099879443645,True
flow0000009,6,106,1582,36.24711950514164,9.077588852443235,5.2243481990683,607.5701611563563,41.44768239557743,False
flow0000009,6,107,1111,5.61702468963492,9.48310810099964,5.471118416321177,211.36099879443645,1613.1554703116417,True
flow0000009,6,111,1096,4.801393428524922,4.981162241303199,1.7768994289725568,235.187012642622,29.791830636560917,False
flow0000009,6,6,7,3.570347324770563,5.378870755955086,2.8896231880736862,2465.2805233821273,69.72063148021698,True
flow0000009,6,6,1425,3.1632298639596312,1.9454382297656256,1.9805004607678165,2465.2805233821273,2412.8991067558527,True
flow0000009,6,7,1425,1.2844837212654587,7.273874000740366,1.2593034069018836,69.72063148021698,2412.8991067558527,True
flow0000009,6,9,314,5.191706447992655,1.6848476082322357,0.12044379473649415,366.7950264289975,25.342505559325218,False
flow0000009,6,10,36,46.93508291877635,0.4595039176534749,3.7549449910508144,533.5151766687632,180.00188384205103,False
flow0000009,6,23,197,44.59218714642293,9.10365086746932,3.321546010504826,69.16062470525503,113.79765560477972,False
flow0000009,6,23,295,19.46892181298872,8.622216905686441,2.375783052189561,69.16062470525503,61.99724791944027,True
flow0000009,6,25,197,6.933553779165737,11.816441670984112,5.542698143770963,114.59395809471607,113.79765560477972,False
flow0000009,6,64,67,42.64428234109764,8.55289039621827,7.590630619326397,138.03256747871637,247.67069668322802,False
flow0000009,6,197,295,8.494429910840315,6.162483041818521,6.478718139059436,113.79765560477972,61.99724791944027,False
flow0000009,6,108,1043,5.851608729376156,6.892973254136057,0.6827352393215504,286.34429785609245,39.846797809004784,False
flow0000009,6,48,566,21.01086958349128,9.335350634951904,5.470074262638721,186.20877266675234,29.65409814566374,False
flow0000009,6,130,1602,55.7853817271774,3.2862957520622484,2.385428660672687,327.6665112450719,22.134686768054962,True
flow0000009,6,75,86,49.06185785625534,1.9520871876415438,3.197585055861671,91.997827231884,82.06403250992298,False
flow0000009,6,40,585,5.1531784844281905,1.2232789126105783,0.4558537932336891,497.9989184960723,26.330996602773666,False
flow0000009,6,56,66,24.382069154058836,5.317395137228214,3.143339008353797,704.604244723916,183.13836908340454,True
flow0000009,6,53,54,4.235980956908416,3.7797899921019433,2.094578923379009,109.2876645103097,316.8989900127053,True
flow0000009,7,0,1,2.0102043046290583,1.2264559654437968,1.278913507373912,2883.5305647328496,1204.6984316557646,True
flow0000009,7,0,2,26.52027308197143,9.496263256424879,4.830605934365039,2883.5305647328496,102.53143551945686,True
flow0000009,7,0,16,15.133500546243672,13.70092693430537,1.3641643461851067,2883.5305647328496,377.3230580538511,True
flow0000009,7,0,17,14.360322038430983,1.8942118605174982,2.914108996817278,2883.5305647328496,554.7231452539563,True
flow0000009,7,1,2,4.14696458405326,10.391185551646924,4.128011969991078,1204.6984316557646,102.53143551945686,True
flow0000009,7,1,16,11.123868579538403,14.449371428902221,3.5488135394988616,1204.6984316557646,377.3230580538511,True
flow0000009,7,1,17,12.849708892318262,2.261237197822557,2.5189958094471407,1204.6984316557646,554.7231452539563,True
flow0000009,7,2,16,12.623775944076973,4.547550959881014,4.388873193876595,102.53143551945686,377.3230580538511,True
flow0000009,7,16,17,23.362457426066115,12.204892143897236,5.722914127672913,377.3230580538511,554.7231452539563,True
flow0000009,7,20,21,3.168965221530294,6.046194720597058,1.567696776136785,147.36622934788465,108.8173037096858,True
flow0000009,7,14,501,17.148326818021758,4.723537041089743,4.55574652174021,225.09781178086996,357.2255459278822,False
flow0000009,7,28,55,69.27455632281013,6.871221442260226,6.560172508857324,163.89129330962896,424.42065511643887,False
flow0000009,7,28,462,5.174428863189929,2.3294424535173497,0.4795579182358398,163.89129330962896,29.205550357699394,False
flow0000009,7,55,800,65.50001463055587,7.172411037338348,2.024552753520723,424.42065511643887,22.07338359951973,True
flow0000009,7,107,132,67.92772581804799,0.5461689086352125,2.885454146912518,238.0010605826974,583.7817336246371,False
flow0000009,7,6,43,60.79481719057961,0.44034460528439745,2.39894059825916,388.1977405399084,288.8290608972311,False
flow0000009,7,134,156,53.978392743141534,7.192185604812285,7.3705453518143536,337.1285049766302,161.32261761277914,False
flow0000009,7,8,35,41.07376852286744,2.4212940855334306,2.5755187576548217,156.9525885656476,106.88793075084686,False
flow0000009,7,8,172,5.46266701166643,1.6292717868493756,0.5603810121130758,156.9525885656476,26.026551567018032,False
flow0000009,7,35,41,62.237992789314426,4.562738544837833,1.1296033741884919,106.88793075084686,341.31399082392454,False
flow0000009,7,35,172,18.189148595921548,1.227476455498575,0.9621976353545668,106.88793075084686,26.026551567018032,False
flow0000009,7,41,835,4.253429955449983,3.1174415674027482,4.033066746873899,341.31399082392454,23.455169416964054,False
flow0000009,7,111,139,60.620101810981566,3.875426606387417,2.353808598773403,455.85206331312656,233.94327946007252,False
flow0000009,7,10,15,3.9911664223486274,4.646244772231897,0.8466361072846037,294.22101437300444,357.4624753370881,True
flow0000009,7,11,15,36.715153178174056,12.993367245352367,3.87725874209422,288.3536005690694,357.4624753370881,True
flow0000009,7,12,171,5.435084087396305,11.345539292941504,1.3692073509329563,99.03222808241844,25.709686443209648,False
flow0000009,7,89,96,22.870251268936926,0.6789895142179412,2.297054190962302,778.6627269238234,188.82712747901678,True
flow0000009,7,89,1062,9.879602307913078,10.267579186119372,3.0588842188927132,778.6627269238234,93.59043177962303,True
flow0000009,7,96,1062,9.068077517477994,10.563675356899276,4.038122498165377,188.82712747901678,93.59043177962303,True
flow0000009,7,121,123,69.54565310667677,1.647862355802546,3.029608778383906,282.1857241168618,436.9223283454776,False
flow0000009,7,80,81,52.92039060092993,8.742112841728696,6.829852714960521,564.0445504784584,580.7083077803254,True
flow0000009,7,80,876,65.50987574391031,9.980734844130271,6.612776573046225,564.0445504784584,37.10806643217802,False
flow0000009,7,83,88,10.930464178059804,7.7212015179510685,2.3273882267530377,115.40952703356743,117.85081961005926,False
flow0000009,7,85,87,14.041577640685153,11.89856055312946,3.617749894445049,133.3635067716241,71.05417069792747,True
flow0000009,7,47,627,5.537712094839597,7.585677034122338,2.5632841568100053,106.4112002775073,26.413796223700047,True
flow0000009,7,56,627,24.927625995100698,9.332000265292201,7.436036206252025,252.98176387697458,26.413796223700047,False
flow0000009,7,95,106,65.57247231899244,0.704076426397693,1.850244888876128,460.6558301076293,238.91726215183735,False
flow0000009,7,48,49,5.219899635990609,14.85414016914166,1.6189737051741162,106.02682276815176,118.44251327961683,True
flow0000009,7,50,94,72.05601411712051,3.7335919892833287,3.0593956031210703,294.24856355041265,363.9270020574331,False
flow0000009,7,61,66,29.79059002421815,8.979155203898426,1.5541742743301616,72.00683542340994,76.44931405037642,True
flow0000009,7,72,73,60.37584988134803,8.830574892024382,0.43853751430404525,237.9203344359994,76.79022216051817,True
flow0000009,7,72,923,13.544899358742496,5.987336764448524,5.401128948230611,237.9203344359994,32.00574503093958,True
flow0000009,7,73,923,34.970025553591014,12.622481620044718,4.998590567533068,76.79022216051817,32.00574503093958,False
flow0000009,7,78,79,5.88659597233151,6.616585183777118,2.3121107633550353,90.8467637449503,83.9707951694727,True
flow0000009,7,97,112,42.75673714021816,5.735933310130078,4.468568528497736,285.3174330741167,354.2134191542864,False
flow0000009,7,97,1058,5.611985553902714,3.8412857495093915,1.6360858754927095,285.3174330741167,31.887915685772896,False
flow0000009,7,112,1058,18.245313978551057,3.0157358706956963,0.7982508661991392,354.2134191542864,31.887915685772896,False
flow0000009,7,117,118,2.7042250504779943,2.127078754893971,2.4587535801961544,202.99305914342403,444.0689830183983,True
flow0000009,7,108,138,68.21192894933559,4.991917201180391,7.940565353841586,421.6359035745263,204.9936078414321,False
flow0000009,7,135,1329,6.061992219531732,1.9159486204146412,2.532593765380728,436.63810673356056,37.28082886338234,False
flow0000009,7,151,1506,2.7126461978489,4.070760288067062,1.8824730602947162,222.05590846389532,20.05770815908909,True
flow0000009,8,1,127,5.243708954358974,9.684893856321759,5.228181826738662,974.7747157812119,155.12480188906193,True
flow0000009,8,35,39,10.94423749834336,9.533506838221408,6.696897237987754,151.15969418734312,266.91140280663967,True
flow0000009,8,62,93,62.93572662449567,2.320561128771275,3.099407072718426,463.879891961813,208.98021544516087,False
flow0000009,8,62,847,5.348998276560418,0.5164875494682547,1.3351640212298217,463.879891961813,25.221969425678253,False
flow0000009,8,93,847,40.42709519438339,1.8378702166621572,1.7194509447718094,208.98021544516087,25.221969425678253,False
flow0000009,8,30,38,32.013052046717085,2.6097440781845775,1.5909554329151552,1012.7126855254173,80.15599671006203,True
flow0000009,8,30,493,25.52520405665279,2.4501002469981326,1.7107752546889017,1012.7126855254173,1413.9286440238357,True
flow0000009,8,33,67,66.18897231525914,1.1481878083666999,1.273560458582763,253.1398791372776,424.2146132066846,False
flow0000009,8,38,493,0.8174010177303808,1.3850447429014334,0.4143576860556141,80.15599671006203,1413.9286440238357,True
flow0000009,8,75,937,1.9034585278911744,2.348203830578846,1.0293236199544908,108.99372930079699,24.34653090685606,False
flow0000009,8,11,20,5.338783716297087,3.7820745858563307,0.5769091865360075,155.5548796504736,77.37029229104519,False
flow0000009,8,11,21,42.00898093495228,0.43490981764011627,0.580007750868167,155.5548796504736,263.67794731259346,False
flow0000009,8,20,21,4.564727383915103,3.4990889449444844,2.542612037657511,77.37029229104519,263.67794731259346,False
flow0000009,8,13,157,5.35404850411376,7.353803493854587,0.9976844916960134,64.49506723880768,23.63350473344326,False
flow0000009,8,121,138,41.64479859457125,3.788046963037721,0.5342406731801262,77.72776021808386,286.7657750248909,False
flow0000009,8,138,1511,5.9336933312598825,2.0596863457412495,1.2417471913534417,286.7657750248909,23.031461507081985,False
flow0000009,8,15,18,17.771333606511966,8.25722422833108,3.2706577238484438,1729.03152320534,170.62459260225296,True
flow0000009,8,16,288,23.748868952505195,13.940016713782871,3.2495091672471093,397.0967047512531,23.915976591408253,True
flow0000009,8,18,22,15.579660723634353,6.799798721610701,7.232244294374455,170.62459260225296,175.71322064846754,False
flow0000009,8,31,45,8.390705610607865,2.9510908312197666,5.224289645390073,434.5332667157054,100.17580850422382,False
flow0000009,8,116,123,47.0588821823161,0.15109718865568683,3.3996968183093816,339.990009047091,323.50602788478136,False
flow0000009,8,36,987,17.795142650966444,13.4329459649468,6.745861753262612,385.6088369488716,43.00716704130173,False
flow0000009,8,84,86,21.50786241287471,2.4222364955668945,2.5876170648739065,1440.452133834362,162.28642582148314,True
flow0000009,8,84,1028,21.7154535094704,4.5315287731442835,4.978277731495514,1440.452133834362,1387.048140667379,True
flow0000009,8,86,1028,3.0119146587613663,2.6404363982622914,1.0882086931044181,162.28642582148314,1387.048140667379,False
flow0000009,8,99,1111,1.735030474963755,8.29974203171064,1.4337008120966592,143.27070846408606,30.069365859031677,True
flow0000009,8,100,104,64.47859015330074,0.41171552674453615,2.906279620655293,58.33196483552456,585.2259389534593,False
flow0000009,8,110,113,63.15510397904418,5.297287977841018,4.1274292581914525,108.04711469262838,91.22636525332928,False
flow0000009,8,58,65,38.38874775797013,1.347467332206825,0.8468912268129353,513.7009240835905,253.72520323097706,True
flow0000009,8,58,68,11.107651911252297,2.66091279040117,2.5708280392070786,513.7009240835905,58.461417607963085,True
flow0000009,8,65,68,5.434743683463904,1.4019410200738074,1.3004916625077902,253.72520323097706,58.461417607963085,False
flow0000009,8,82,1113,22.23072322262173,5.095769196164202,7.8327138137198755,612.2954384312034,22.85169242322445,False
flow0000009,8,106,119,61.49054455279554,2.259104965565173,0.8774167070469021,125.34682483971119,553.9636338055134,False
flow0000009,8,103,109,35.35078537125729,10.463882166745254,6.1731266731639485,413.58610555529594,43.81190921366215,True
flow0000009,8,1164,1198,5.341734204156421,9.268812693069876,1.9240279715904747,169.6762251406908,117.14607361704111,False
flow0000009,8,143,1479,3.6201268303106833,14.75443052784445,3.6018006568654433,116.92219863086939,312.9958198443055,True
flow0000009,8,120,139,51.168747987222055,9.722124729034574,6.982595291448087,91.66233213990927,129.75682035833597,False
flow0000009,8,131,1387,36.9108382732407,1.8037333826224828,0.29879216095283634,173.66124257445335,19.112686783075333,True
flow0000009,9,43,416,79.11548259563912,0.19530416599916872,1.4503502388597762,879.569245710969,20.531732313334942,False
flow0000009,9,59,60,18.767668043806804,4.876466345616394,1.323309686572585,76.83289509266615,148.98717665672302,True
flow0000009,9,93,95,6.984077563233934,8.873884305434675,2.5885133489272087,96.89553990215063,255.67002174258232,True
flow0000009,9,93,99,12.885814005865036,6.8384924839507,7.75604819821571,96.89553990215063,69.10075518488884,False
flow0000009,9,95,99,6.827440186593878,10.321282134398539,6.804853817858411,255.67002174258232,69.10075518488884,False
flow0000009,9,55,511,2.665016909505812,12.304139603932068,1.5507903841726793,72.64597848057747,68.84089297801256,True
flow0000009,9,78,826,10.412183301627605,11.303236712651813,7.473553959337449,104.3391587138176,31.213582530617714,True
flow0000009,9,80,826,7.164833789355385,13.265590731088633,7.024784194015036,221.47631291300058,31.213582530617714,True
flow0000009,9,83,826,56.23709125588658,13.281059965782884,4.5681697244400254,102.0612346753478,31.213582530617714,False
flow0000009,9,835,860,46.22484804343572,8.255351402198766,3.5953752906127723,65.58339455723763,40.11748647689819,True
flow0000009,9,5,12,30.239527602675913,4.018333720296057,2.2522036570969934,533.090513035655,403.8546869084239,True
flow0000009,9,5,17,40.9955552562982,1.2188438825114674,0.6006950394485452,533.090513035655,242.7355638369918,False
flow0000009,9,5,18,69.15716429473083,1.4482961172045472,4.769879712561524,533.090513035655,95.59559754282236,False
flow0000009,9,12,17,6.45854961494517,5.163411619586128,3.8159132430328424,403.8546869084239,242.7355638369918,False
flow0000009,9,12,18,33.592545599420916,4.753762721872941,4.326877818293817,403.8546869084239,95.59559754282236,False
flow0000009,9,17,18,28.509313835452584,1.9064739284483927,5.823917543504078,242.7355638369918,95.59559754282236,True
flow0000009,9,32,57,68.52349896351505,10.081358681692528,4.625037836796503,584.9334373250604,67.79603543132544,True
flow0000009,9,13,16,8.803078875069433,11.608144227498233,4.209101350340131,225.66163993626833,88.48715361952782,True
flow0000009,9,117,1290,78.89509877001669,5.526320813954607,3.219795519897052,420.0867730975151,20.316136799752712,True
flow0000009,9,30,579,23.77083499568888,14.547091251784897,5.453545645279808,100.75237498432398,31.317558854818344,False
flow0000009,9,37,579,5.73450740238134,3.703120598394359,2.4027848308029642,255.67097882181406,31.317558854818344,False
flow0000009,9,73,741,10.158733388303803,2.0434738718867633,7.972240374345689,34.67505331337452,39.67530884593725,True
flow0000009,9,54,69,53.00939666970637,1.8924023910200711,0.6282518777241609,77.39640516787767,164.94506729394197,False
flow0000009,9,111,1466,34.30653021262228,7.576363652021489,6.474480321611237,398.9342068582773,40.74914622306824,False
flow0000009,9,618,666,5.941853192670892,5.843622317042501,0.2890051143879036,44.345006085932255,43.177382327616215,False
flow0000009,9,123,1249,8.001868444448698,12.623820176125117,0.45883109027012814,205.7760569229722,56.68968082219362,True
flow0000009,9,103,1121,5.293676562458841,2.7986814790441725,0.23089230211244413,333.2926929742098,39.412263602018356,False
flow0000009,9,102,116,69.14332559730128,3.6221702320276514,3.634293908912126,285.2483266443014,159.47445127367973,False
flow0000009,9,118,122,18.274202954704496,3.1683747259740938,4.331607290388181,318.81164649128914,86.87209947407246,True
flow0000009,9,118,136,49.382039888161906,0.249226585389212,1.9430603845125682,318.81164649128914,410.49276921898127,False
flow0000009,9,130,133,74.94755948331162,1.3677063821007358,2.5511407448311982,192.1116964071989,474.525755867362,False
flow0000010,0,160,162,4.821877830943909,2.197344684886855,0.21701285601888143,74.67009387910366,96.14127442240715,True
flow0000010,0,1,136,18.954119889145993,12.81673352666206,6.202454330330069,1945.1386610940099,83.83990944176912,False
flow0000010,0,1,137,7.990641853092115,12.241158927564785,4.86327584781044,1945.1386610940099,76.02496952563524,False
flow0000010,0,124,126,7.6706918638694805,11.33406108920346,7.646188518926764,421.21044640243053,103.34748413413763,True
flow0000010,0,124,139,37.29449803543597,8.74508115803068,6.4402065797522114,421.21044640243053,74.97708570212126,True
flow0000010,0,124,168,71.12663045729103,0.15946474572257585,2.5442659957265126,421.21044640243053,180.03691337257624,False
flow0000010,0,143,1210,8.033356817941034,12.664110338615947,3.823564998203687,132.21101009845734,320.82349867373705,False
flow0000010,0,16,197,9.177120477650352,8.173339207064952,2.627035993529112,142.96690338104963,31.292082130908966,False
flow0000010,0,91,98,7.306725568845447,6.00358245385088,1.95439852975152,212.3380269780755,104.2343859821558,True
flow0000010,0,25,419,5.795435236893682,4.5946041925009125,2.5408287810505557,615.2631412819028,21.652382537722588,False
flow0000010,0,29,44,51.58984538730371,2.3316242978845136,1.7638031767666376,95.94351168721914,296.88379922509193,False
flow0000010,0,30,40,69.0353087411935,8.353142366110278,6.521646117569406,31.330615282058716,309.5174718350172,False
flow0000010,0,95,1016,5.254810457509635,1.027458703973057,0.8211218828898811,590.2839976996183,23.404216326773167,False
flow0000010,0,119,121,5.659443534434983,8.302241984736975,1.5654245603663381,94.89053487032652,120.77855680137873,True
flow0000010,0,41,337,36.6997508813092,5.705310563354912,7.394982520481758,478.3583881407976,26.328289911150932,False
flow0000010,0,43,45,24.21056143162296,1.4658201555799133,3.464283299476776,121.2479643151164,237.47736052423716,False
flow0000010,0,45,48,32.82743661597959,4.626238570901198,7.252754315034136,237.47736052423716,200.7079719528556,False
flow0000010,0,45,475,4.279243257006091,6.133658082681516,1.207377853528762,237.47736052423716,16.351185649633408,True
flow0000010,0,45,497,17.62480225044934,6.592407498560435,3.5720134199388696,237.47736052423716,20.157067701220512,False
flow0000010,0,48,475,20.350707697227946,6.166903843766191,4.502972696711047,200.7079719528556,16.351185649633408,False
flow0000010,0,48,497,4.802610781585808,5.959438428115681,1.7363652548896547,200.7079719528556,20.157067701220512,True
flow0000010,0,475,497,5.139703449674778,0.9049927844613643,0.2645342052818946,16.351185649633408,20.157067701220512,False
flow0000010,0,54,60,3.259465581792468,2.6719825204005065,2.19261195232974,236.60096208006144,231.01968272030354,True
flow0000010,0,63,72,70.35404947258077,0.742416665876534,1.2333624412349378,157.81704050302505,510.94866328686476,False
flow0000010,0,63,505,5.281692568058469,2.2502926147677194,0.30158185333171883,157.81704050302505,22.649153746664524,False
flow0000010,0,72,505,48.567690554808806,1.5392743063463197,2.0484289589065963,510.94866328686476,22.649153746664524,False
flow0000010,0,62,68,61.26274006362576,0.5822074421651345,2.374904304267533,247.81049548834562,623.4436692520976,False
flow0000010,0,62,555,0.8546383354853246,2.2516248900855835,0.8187044354939649,247.81049548834562,16.618370659649372,True
flow0000010,0,64,548,1.1767046769672311,0.8836922749451878,0.6753105389573922,160.03206831216812,22.86618249863386,False
flow0000010,0,89,1317,7.982131771187068,9.255582832269225,1.248815912385441,332.89588855952024,79.31033191084862,False
flow0000010,0,73,90,14.095543108323454,9.271318610055626,2.7546632496612933,728.704286493361,47.89866974949837,True
flow0000010,0,92,102,48.58707125499775,13.799052578868828,1.1437891986989244,908.5531507730484,111.95012594759464,True
flow0000010,1,72,663,18.687739557799805,11.86178219919735,4.310487365216306,53.58297124505043,56.877729788422585,True
flow0000010,1,79,106,40.82396919067288,1.985872750937323,3.3909560776926497,253.1062828451395,357.7761596888304,False
flow0000010,1,79,959,17.734214038631965,1.222724365674085,2.4245039642751904,253.1062828451395,28.613857112824917,False
flow0000010,1,106,959,5.531024295744925,0.9944263619927683,1.1077924312521357,357.7761596888304,28.613857112824917,False
flow0000010,1,13,17,5.099489407481975,3.415655615398303,2.565748552544356,307.6084789931774,159.05344998836517,True
flow0000010,1,22,231,15.939308565291572,1.1745951709150886,1.1924359037155918,112.50392309576273,20.715641178190708,False
flow0000010,1,39,265,32.11172320693132,7.522843304621067,2.23840593411201,79.10938538610935,46.781999349594116,False
flow0000010,1,129,139,56.925380579984285,1.1087747790630127,1.7401701544739168,78.24668738991022,183.8529889881611,False
flow0000010,1,110,123,41.32751828265919,7.993361816736383,5.813206602823116,96.22311719506979,593.4577275887132,False
flow0000010,1,110,1057,4.112361371105492,4.222890588869655,1.2036758983880862,96.22311719506979,176.7880110964179,True
flow0000010,1,29,40,58.639777591332475,0.42585563469655996,1.1637333946487356,288.29867043346167,407.83381037414074,False
flow0000010,1,32,36,36.76840074379659,6.720718702710548,1.7995155370035423,791.7153452336788,29.214627146720886,True
flow0000010,1,32,48,27.4604150241412,14.591036724788584,7.186548764992829,791.7153452336788,38.02490482479334,True
flow0000010,1,53,74,16.326417830495377,7.0419971469312985,3.794141335584136,854.990719102323,73.43288756161928,True
flow0000010,1,33,35,22.481843774587503,8.134295261136051,1.7408000932096959,780.5607440546155,61.31813817471266,True
flow0000010,1,97,854,15.748735439290503,6.736066131208744,2.3022164025820415,136.8880338743329,153.85272639244795,False
flow0000010,1,57,84,64.60899046710125,2.166453317630291,3.5620627147159225,59.143393605947495,619.0234847962856,False
flow0000010,1,82,746,14.419616852382516,11.499173682426106,5.288730913897784,235.39369210600853,32.38805277645588,True
flow0000010,1,86,739,3.6754084592383975,6.563222871876639,1.4536769250079886,128.8571783080697,58.717775881290436,True
flow0000010,1,150,1490,1.0393361229823916,13.386287823125151,1.0380747097864262,93.97480996698141,51.553762532770634,True
flow0000010,1,83,89,5.460920984316293,10.054268901201723,2.2041129264587895,594.3631154820323,160.88171374052763,True
flow0000010,1,89,92,9.720104553660338,6.874877992116961,7.687920522672069,160.88171374052763,87.35153656452894,False
flow0000010,1,89,786,6.899100077078136,8.213028026967988,6.86609363849158,160.88171374052763,21.288068175315857,False
flow0000010,1,92,786,5.342968810294962,2.9706008401318393,0.3925532073351506,87.35153656452894,21.288068175315857,False
flow0000010,1,128,135,3.4021278101229537,1.1773434394077098,2.3690473521085367,102.1206277012825,293.44700779765844,False
flow0000010,1,142,144,3.373771180999553,6.980864690038683,2.776788294268385,70.1758655756712,205.59835769981146,True
flow0000010,1,103,121,51.36286778040603,0.39123387358721695,3.6283741321559644,82.30303490161896,648.8809172511101,False
flow0000010,1,118,1339,14.962256748523304,10.06362354301577,6.54580518188561,294.4394793137908,27.671542577445507,False
flow0000010,1,120,1321,7.590019272014325,5.131373857884447,0.9243388903574876,81.6126187518239,69.67970885336399,False
flow0000010,1,149,1390,23.45386955481289,4.281818556217099,3.7260523931083123,64.92912467569113,63.58985207229853,False
flow0000010,10,41,42,5.638698569492182,14.714156627828928,0.9603903454827161,54.30364058166742,135.44096214324236,True
flow0000010,10,97,108,6.824864750419172,7.710006879823086,4.3850490267632125,404.7650013640523,122.33613165467978,False
flow0000010,10,35,423,6.5050667523747885,8.342937395799305,1.6229454454030294,151.4840394705534,33.7994549497962,True
flow0000010,10,35,446,4.00946607546243,12.790552525600239,3.770892685547552,151.4840394705534,51.113495387136936,True
flow0000010,10,37,715,5.394176540456875,5.977498156719862,1.3954175975961225,589.756950892508,29.835936978459358,False
flow0000010,10,74,725,1.7846666405239267,3.335397677525218,1.3352150879787736,312.8923225775361,21.77371536195278,True
flow0000010,10,101,110,4.22331147688229,1.38631412204929,0.6528979252682523,500.21569956094027,201.11384614557028,True
flow0000010,10,55,90,73.92313334037225,2.6183434185254657,5.44412724129082,59.834286615252495,596.0014159083366,False
flow0000010,10,77,80,76.70358731886611,2.3598376075409693,3.252265609078995,186.3046284019947,518.744176261127,False
flow0000010,10,112,121,50.87878142226602,3.378721052649264,2.8497956884064277,240.02995255589485,308.6044569090009,False
flow0000010,10,95,100,19.291452690374157,4.7641566096609615,3.921513585499405,906.4602486863732,81.0989480689168,True
flow0000010,10,120,1127,6.425848731852288,7.078567899608297,6.163400899602966,660.5635192170739,31.323132291436195,False
flow0000010,10,85,109,42.41477319737526,0.7673179153567041,1.7402220631629297,587.1567444056273,203.60035864263773,False
flow0000010,10,153,157,3.3735234975167856,11.326579889754957,2.157209340089667,177.9378016665578,182.91337732225657,False
flow0000010,10,153,1520,2.7603664036568736,12.811811115322756,0.9742869506965565,177.9378016665578,625.7676060125232,False
flow0000010,10,156,160,2.1989171210803913,6.366892660965736,0.7915971355524496,192.8592755123973,51.5214397162199,True
flow0000010,10,157,1520,3.1240993294884114,2.1340840980379645,3.0615910560954442,182.91337732225657,625.7676060125232,True
flow0000010,10,45,658,37.59863239668943,8.035069918089201,0.6032961421447862,473.5485719367862,24.969274133443832,True
flow0000010,10,84,86,12.21400279163579,1.2141067344732024,2.918309784403515,419.3525607585907,532.3996133431792,True
flow0000010,10,84,823,5.660262025565823,2.319147189470477,3.5534897580698197,419.3525607585907,1021.4619840309024,False
flow0000010,10,86,823,5.1391468941342255,3.3138406774804645,4.953648351603027,532.3996133431792,1021.4619840309024,True
flow0000010,10,104,113,50.32362087890168,3.7094710103251574,2.962625641305814,589.6485145241022,76.34868126362562,True
flow0000010,10,125,1234,5.44779636759736,2.185255585965303,1.2731702679772083,170.45788038522005,111.21894747018814,False
flow0000010,10,102,1012,76.53270081283674,0.49034602268089333,0.5087799302660695,667.6092312335968,24.6778858974576,False
flow0000010,10,123,135,50.128275722352264,0.9516814572667217,3.210258827823682,377.7338716983795,230.21382684260607,False
flow0000010,10,1344,1440,8.186682514407993,4.713656422112547,0.2897217794247771,48.787802048027515,86.06226122379303,False
flow0000010,11,1,130,41.175105828971624,4.6227108944997815,1.792090333182768,389.2585205733776,285.4524592757225,False
flow0000010,11,1,1166,19.79565103455583,3.6666957286077344,2.4522802367030425,389.2585205733776,25.071816757321358,False
flow0000010,11,21,243,8.284044267298727,8.03364125483812,3.128260936482076,63.62631532549858,39.00368258357048,True
flow0000010,11,81,115,50.25815315605437,1.6980474069147145,0.9126821223261227,187.01988441497087,544.6743954569101,False
flow0000010,11,118,124,5.30291471678661,4.535321439795754,1.2186978405543272,171.75829954445362,180.9332115650177,False
flow0000010,11,130,1166,5.644667308579781,1.0715649056684213,1.6068055397278773,285.4524592757225,25.071816757321358,False
flow0000010,11,7,16,6.212901492249502,7.270991077788541,3.055114644259064,428.64228519797325,238.4177648127079,False
flow0000010,11,16,274,6.076045048872997,6.704991290637873,2.222759709563787,238.4177648127079,19.431621834635735,True
flow0000010,11,9,416,78.70719050500291,7.040152823113194,7.406589158334191,674.2039961144328,26.308386780321598,False
flow0000010,11,10,183,4.621791310465191,4.277856545910569,1.164823818621405,160.3826896622777,51.96075036376715,True
flow0000010,11,26,312,3.5650850594664205,9.491164859527911,3.5650377763464545,130.08578516542912,40.69819334894419,False
flow0000010,11,31,53,58.189492693193046,3.10770164680864,1.3685238722737607,92.8299560546875,607.2599927932024,False
flow0000010,11,38,40,18.095676893171046,1.8748721290215846,4.532328490624529,875.9200329706073,330.1767431125045,True
flow0000010,11,38,55,25.942616043212563,4.967415056820191,4.721108058714243,875.9200329706073,159.24754916131496,True
flow0000010,11,40,55,12.142278410944295,6.743133158016253,7.361856977429976,330.1767431125045,159.24754916131496,False
flow0000010,11,44,496,3.264729944464943,4.20150710667054,0.5303089103186812,74.89874601364136,28.938365444540977,False
flow0000010,11,35,41,57.95949266659353,0.11924703774397706,2.6761058496114956,473.8837463334203,243.83296754211187,False
flow0000010,11,42,102,71.77020875792576,2.3901424586398026,2.0273021192655785,538.2421976476908,77.43621200323105,False
flow0000010,11,42,691,11.24154245537115,2.04174009877575,1.3207488379147716,538.2421976476908,26.70502456277609,False
flow0000010,11,102,691,41.59881669099507,2.484275283935105,1.9549557453333257,77.43621200323105,26.70502456277609,False
flow0000010,11,52,62,63.169434526014044,3.6710034073230116,2.6734214229419306,71.36402883380651,218.2977929636836,False
flow0000010,11,99,101,50.3047325554567,8.951095371531027,5.800101231594488,34.68667674809694,89.29141932725906,False
flow0000010,11,56,91,57.805789763508045,0.20309001972095836,1.703735583979917,286.9608305618167,317.1631522476673,False
flow0000010,11,66,69,5.79256415796877,7.8273790948602135,5.419002313734971,121.84873166680336,361.18333058059216,True
flow0000010,11,70,596,4.330659402646833,7.264135035205738,0.9222211216408559,319.51527638733387,258.0922081768513,False
flow0000010,11,71,636,2.7073124692625394,4.498173855097843,1.8451844209051802,70.60594329237938,27.33955080807209,False
flow0000010,11,783,863,5.853748824422848,3.1941366344921116,1.7839806054710377,37.30646555125713,35.397632762789726,False
flow0000010,11,158,1476,23.75030342642714,4.027496269563902,7.6187355657820595,105.85947342962027,31.961001969873905,True
flow0000010,11,128,1241,4.170386995509094,1.8067950227860248,1.0438952055061377,212.22991414368153,19.995131984353065,False
flow0000010,11,136,137,4.759181677241487,0.5209424117861425,0.9039094428679969,310.60086266696453,542.2627143859863,True
flow0000010,2,23,26,4.737550516613699,10.799540306134176,4.691715754443339,284.9375126361847,944.7040844857693,True
flow0000010,2,26,39,37.79926976155448,13.021120295492066,2.1466682272149753,944.7040844857693,655.7062424048781,True
flow0000010,2,33,35,14.961030625875344,6.150288298009036,2.334017201114,96.31069365888834,138.3440189510584,True
flow0000010,2,34,423,1.7927339419595552,6.45245386047149,1.791603254107489,62.3120428994298,24.974687591195107,False
flow0000010,2,92,909,8.202137401834358,6.861853819222051,2.539431696508446,128.39716792106628,23.698947861790657,False
flow0000010,2,125,1482,5.143322202566178,0.30330099870015,0.25421826005063375,173.05601570755243,24.82740169763565,False
flow0000010,2,88,97,24.43398088468654,3.581231967170179,1.5112125184279892,547.4452889412642,147.2853429839015,False
flow0000010,2,88,1063,1.5172768996135704,2.835051585356818,0.9375712454471301,547.4452889412642,25.305405631661415,False
flow0000010,2,97,1063,5.37228039868437,1.5101001343754268,0.5408466931587118,147.2853429839015,25.305405631661415,False
flow0000010,2,108,111,2.1306234102381225,14.822905134625831,0.9238196727761843,169.6015481352806,363.0049106925726,True
flow0000010,2,108,1269,2.3981597138835706,9.113887606878544,1.0984601261996019,169.6015481352806,20.54685878008604,True
flow0000010,2,127,1575,78.34645570067362,4.453650366004521,5.27833613268144,661.2013926208019,27.024119541049004,False
flow0000010,2,140,149,41.7046498230006,2.618573586752359,1.8623314666257,342.6782636195421,344.4756341576576,False
flow0000010,2,11,227,5.448688199784628,0.5761017094391095,0.3534127492596441,165.21145554631948,30.677619010210037,False
flow0000010,2,14,16,71.51468603480825,10.887543214767666,5.068846991333592,314.49193420261145,35.43823577463627,True
flow0000010,2,161,167,21.743610201313437,11.87631337737326,4.354291560126192,264.08302517980337,65.97605229914188,False
flow0000010,2,161,1764,1.8818232836808306,8.010966671645235,1.849880909330223,264.08302517980337,27.65227584540844,True
flow0000010,2,32,65,14.68656857110519,1.2626698345488843,2.168039727116084,130.97221022844315,204.36768122762442,False
flow0000010,2,65,86,5.907711184149138,2.2266866784796515,2.1341084360718963,204.36768122762442,291.73402784764767,False
flow0000010,2,86,122,40.992711717391096,0.9623619454789739,2.613652304046495,291.73402784764767,96.88725987821817,False
flow0000010,2,57,85,48.874402283666456,0.6219002662296931,6.571662497313974,147.65937035530806,223.8282831683755,False
flow0000010,2,58,687,3.696011293126531,6.2148191529776575,3.162393638777997,349.3282839432359,75.66925203055143,True
flow0000010,2,58,931,52.36446557373611,8.01339472759686,4.486552107350281,349.3282839432359,1765.1880464851856,True
flow0000010,2,83,931,12.044271559354256,3.805074618979177,4.816133496734922,231.21664840728045,1765.1880464851856,True
flow0000010,2,84,931,6.670829898249977,8.192365870657406,6.624260038311207,222.57833593338728,1765.1880464851856,True
flow0000010,2,117,145,44.93470522618023,2.8999050822669568,1.531191076137969,384.857602417469,84.50739542394876,False
flow0000010,2,109,144,64.90120007279215,6.922952068173393,7.120150105531734,602.0791687518358,55.16538593173027,False
flow0000010,2,156,1700,5.08796415969677,9.951280050766034,2.813099771061539,87.85931707173586,15.781465359032154,True
flow0000010,2,150,153,52.09022863876875,3.2703203678718697,0.662641245439989,882.2525682225823,156.95529512315989,True
flow0000010,2,153,1640,28.335281638556253,10.547466037895804,6.700397882612637,156.95529512315989,34.94510515779257,False
flow0000010,2,73,697,8.769187447408546,0.3468710213076666,0.1533502220525088,97.70378566533327,22.388178601861,False
flow0000010,2,79,721,12.581702495477003,3.926497416039271,1.3474401742064148,65.6943773329258,206.8599268645048,False
flow0000010,2,110,1253,21.001091968280114,4.028968976556932,2.593972391767842,739.5805523917079,60.42741359770298,True
flow0000010,2,131,1747,12.48802193302733,9.299596747520965,6.124220106733173,282.8129235506058,40.22496586292982,False
flow0000010,2,78,115,51.172672985486244,1.233977379900918,2.916801382486066,86.70682011544704,538.8151008933783,False
flow0000010,2,78,1145,28.52588149737065,1.4943780720532676,0.5318445398400111,86.70682011544704,28.197792917490005,False
flow0000010,2,115,1145,5.72133990881807,1.2806308429007833,2.247414934495371,538.8151008933783,28.197792917490005,False
flow0000010,2,132,133,3.446693027973524,8.622396586610245,2.4683647677569778,767.1928549706936,297.84569642692804,True
flow0000010,2,120,1381,40.42962757500947,6.756548093670078,2.489783406846025,423.73628813028336,38.64207484573126,True
flow0000010,2,148,1612,76.7300214848353,0.8891105628643755,1.2726343991202027,325.86038076877594,25.14012661576271,False
flow0000010,2,157,159,41.56788319866357,0.0973409352477659,2.4744988625903757,226.76334324479103,536.7010229676962,False
flow0000010,3,0,12,2.3795370521696904,7.853651361738914,2.3759414137326944,710.3883723467588,709.755289234221,True
flow0000010,3,0,331,5.401781326738708,7.151540449915975,5.40174234001922,710.3883723467588,1035.5774400606751,True
flow0000010,3,12,331,6.427638399760146,14.99415629144985,6.356637800843504,709.755289234221,1035.5774400606751,True
flow0000010,3,23,24,3.0436771577731436,0.6501530692010037,1.9924157754990057,166.29007378220558,414.7637588530779,False
flow0000010,3,52,595,8.316925103398807,4.399688234427809,1.6224530498140772,146.65702617168427,45.35690404474735,False
flow0000010,3,83,108,52.42306711070624,0.9485380650324132,2.7530557962148303,211.78534688800573,85.91672784090042,False
flow0000010,3,83,1150,5.173762214730138,0.8521220581797416,0.3445182505778674,211.78534688800573,34.904341980814934,False
flow0000010,3,108,1150,30.11533183716828,1.5526590668607771,2.2476267680938196,85.91672784090042,34.904341980814934,False
flow0000010,3,3,5,10.57303782809591,0.46915154172303924,2.918971736161509,1503.48515984416,736.4946962296963,True
flow0000010,3,3,6,5.366629949706268,5.394015411018909,3.996719682290962,1503.48515984416,47.7638038918376,True
flow0000010,3,3,911,2.0583015264563955,0.4656231619298095,2.006510174137131,1503.48515984416,1494.7011710852385,True
flow0000010,3,4,899,16.93389041406907,8.41653979103907,7.989956047173321,632.1842007339001,30.58128621429205,True
flow0000010,3,5,6,9.238017930209141,4.937012506702865,6.430221260046343,736.4946962296963,47.7638038918376,True
flow0000010,3,5,911,0.7670801201097224,0.25883244785092036,0.762168084601878,736.4946962296963,1494.7011710852385,True
flow0000010,3,6,911,6.994470990626374,5.073238855064285,6.049523695242313,47.7638038918376,1494.7011710852385,True
flow0000010,3,59,664,1.8481694924234442,12.505836974291798,1.0800130186824242,103.49524661153555,25.84821594506502,True
flow0000010,3,65,661,6.897797581388115,3.8313628550735115,4.065527384715642,136.42149297893047,182.02026280760765,False
flow0000010,3,118,121,2.6798336929333098,12.764165122131256,2.449616408922356,424.70806311815977,97.27434455603361,True
flow0000010,3,148,1684,23.989765505923454,3.6589866410453906,5.455044575627288,451.4512998983264,24.20593160390854,False
flow0000010,3,148,1907,67.28146243272961,4.599681772274589,0.3214935840405762,451.4512998983264,19.534961260855198,True
flow0000010,3,116,154,73.35932161202948,0.7700982040308382,3.2438202655920376,513.5343746617436,225.59906292706728,False
flow0000010,3,19,48,49.312822938529266,0.45964647561003563,1.5222362904362274,423.7251423224807,510.87286672741175,False
flow0000010,3,134,139,55.753377138789844,12.15480016569352,4.608751237026454,627.8100386783481,46.946165047585964,True
flow0000010,3,134,1947,5.2057809670450155,2.9187046107869468,0.7862930691516345,627.8100386783481,31.159922942519188,False
flow0000010,3,140,1742,2.3770547235919843,10.820211307774818,1.5814952939756568,69.83288748562336,65.54756781458855,False
flow0000010,3,142,1738,8.78621207878621,9.709994919787015,6.577947795290004,169.9001005962491,64.01690348982811,True
flow0000010,3,22,178,5.140788625880351,0.8816240045958857,0.12345170352160341,490.6344359740615,22.554891005158424,False
flow0000010,3,41,452,1.4921892400799914,10.19156976951831,1.0535700997238624,100.6159159168601,46.37437489628792,True
flow0000010,3,42,478,3.3752690023899303,12.929425262075204,3.329734794014645,35.48377548903227,54.152691535651684,False
flow0000010,3,49,498,6.921624023280974,2.536235781692197,0.2826842124176161,95.33334892243147,33.60185273736715,False
flow0000010,3,80,81,7.29714745041563,12.721414437882425,6.153413043942772,97.53595633804798,654.9675868824124,False
flow0000010,3,44,68,51.808739729896914,1.3262792403302728,3.260378597287073,542.4272008165717,200.17885452508926,False
flow0000010,3,44,491,25.270739272077545,14.690299240605967,1.2620314849541145,542.4272008165717,49.288895301520824,True
flow0000010,3,62,656,1.80419130091207,9.493298327390734,0.38706421684261005,95.3927389755845,45.343051075935364,True
flow0000010,3,69,815,2.9199654754536777,3.181984089545666,1.5289310101294238,87.82301127910614,32.883890345692635,False
flow0000010,3,109,1484,40.15108317792409,6.925912690299416,0.7382995289674121,247.5003208220005,18.459690406918526,True
flow0000010,3,74,88,62.44603361135236,10.506155361151272,5.680930897169049,1162.321662299335,109.16999494284391,True
flow0000010,3,85,88,5.481604480634187,9.360728471636525,2.3793299782486987,401.5401388928294,109.16999494284391,False
flow0000010,3,76,78,3.5477408731745674,0.7500816259060858,3.304688206933331,215.91971677541733,45.82408136874437,False
flow0000010,3,84,1001,6.718367046127871,12.241570640775322,6.2041324801142155,96.5930050238967,28.916232101619244,True
flow0000010,3,95,1001,73.99207554746822,3.188421303714869,2.1984596456904866,231.93524523824453,28.916232101619244,False
flow0000010,3,95,1198,4.129169423860605,8.840410472884368,4.103280968040325,231.93524523824453,129.59122105687857,True
flow0000010,3,117,1381,1.1530117543626641,10.473945010453088,1.1344688193272123,65.63976083695889,29.923353172838688,False
flow0000010,3,1001,1198,74.47751102153285,10.64367049439618,2.4906741850315526,28.916232101619244,129.59122105687857,False
flow0000010,3,107,1350,4.084555581903557,11.683651990361874,1.7247258260482645,52.01266027987003,22.47495812177658,False
flow0000010,4,3,10,44.78071263784084,8.013675112802568,2.282755854440618,1115.057183302939,124.7455777823925,True
flow0000010,4,3,25,5.185691322319701,8.179824350636284,2.6068603045093854,1115.057183302939,490.8812346458435,False
flow0000010,4,3,246,2.2762079638964563,6.348721572939954,2.243285021879733,1115.057183302939,378.70341362804174,True
flow0000010,4,25,246,4.673931204991821,10.300662109670414,1.6927082407068805,490.8812346458435,378.70341362804174,False
flow0000010,4,4,28,5.086246870909002,1.2565035953514736,0.9108859851390424,441.0262896567583,71.73503347486258,False
flow0000010,4,4,33,66.27032456184413,0.5925317309770346,1.5139814492096775,441.0262896567583,199.19482308626175,False
flow0000010,4,28,33,12.33356241176051,1.8080943173169914,1.5070843740238866,71.73503347486258,199.19482308626175,False
flow0000010,4,152,1485,66.58226855073367,5.437573693086523,3.0843782484444007,541.6094059944153,23.275400258600712,True
flow0000010,4,23,58,73.80061947990089,1.9597338851382429,2.9790520823285345,163.97791252285242,307.0567556321621,False
flow0000010,4,23,568,49.0472282134232,0.688732261175495,3.478513561396734,163.97791252285242,29.07402789592743,False
flow0000010,4,58,568,5.527482377046175,1.979144461372291,0.8105563132847392,307.0567556321621,29.07402789592743,False
flow0000010,4,105,118,30.349802316318726,6.973860276408071,2.8855309277620567,283.6733959913254,144.4330782443285,False
flow0000010,4,107,111,12.471311226256844,10.336315231028829,4.4208205913662635,277.8252485617995,230.63355480134487,True
flow0000010,4,13,308,0.9612297482837056,13.169709544536802,0.8677960237029294,241.53275419026613,31.68617334961891,True
flow0000010,4,102,113,3.648302428394471,0.9376549764477761,2.999245873903973,131.55546714365482,210.69685902446508,False
flow0000010,4,31,403,69.93735262588622,0.5229504860613653,0.8574994690586764,237.19631773978472,20.669464871287346,False
flow0000010,4,32,590,27.171978209148662,7.947193092641684,7.285263201462078,117.01375468075275,34.32920877635479,False
flow0000010,4,62,590,8.715644429228501,14.194107745693882,6.97641855708412,226.70633789151907,34.32920877635479,False
flow0000010,4,40,458,2.8118047684181136,13.635302420552632,2.309951190176922,85.55050338059664,41.21282032132149,False
flow0000010,4,45,50,14.009726922118427,13.483126331953251,3.7080184743634113,126.33563608676195,283.1933252736926,True
flow0000010,4,50,55,5.781145260182153,4.59656670675833,2.04685273757219,283.1933252736926,430.8960066139698,False
flow0000010,4,52,82,42.63392583725442,6.331220198574745,6.936890308910537,309.6211309283972,113.20038951933384,False
flow0000010,4,60,86,59.464261635749736,1.4869880279979708,2.0379246979702716,156.71565681695938,63.924710281193256,False
flow0000010,4,60,577,5.737602582820891,4.488783741092998,2.042211001370265,156.71565681695938,140.06305045634508,False
flow0000010,4,76,673,5.0322470901970755,2.119185643115299,0.457127986018574,613.0468413308263,30.83477809280157,False
flow0000010,4,88,96,40.22220841230777,1.5749938633839722,0.6885031694715402,125.38949794322252,567.2582658454776,False
flow0000010,4,97,126,41.43034551700657,0.7193325301410933,1.360997582305921,124.39829992502928,351.9162285551429,False
flow0000010,4,101,106,9.370105829522116,9.187839924701809,3.6687444237372455,119.06860003620386,186.07056346535683,True
flow0000010,4,127,1080,5.3272290617363955,0.4510627531561891,0.8369784097996504,641.2608733847737,22.75456304848194,False
flow0000010,4,129,1125,1.7614948323053083,1.476152395320584,1.7132794085765488,109.8435313552618,31.52837749570608,False
flow0000010,4,144,168,2.9949230018671007,7.5503667625910555,2.9850420935487407,314.26694140583277,152.64847937226295,False
flow0000010,4,144,1210,2.8231251756742584,3.4345904761883457,2.8136129482961,314.26694140583277,30.364257365465164,False
flow0000010,4,145,147,16.605288238711086,3.2303629705106953,1.4358037307080145,243.4122842103243,256.16283263266087,True
flow0000010,4,134,1170,3.4769093463360115,11.012323425604489,3.436510882094928,196.78059439361095,23.981419660151005,False
flow0000010,5,79,942,5.1893027988542935,1.9102064533739087,0.7381864474520562,617.8811735734344,22.602977335453033,False
flow0000010,5,5,1354,6.381397135330328,6.339930425180856,6.37173365923958,8550.563372075558,2961.5065954849124,True
flow0000010,5,6,1354,4.419263151031571,6.593821313538826,2.730161245004151,273.7774943038821,2961.5065954849124,False
flow0000010,5,6,1458,3.815083013833396,5.729344255804656,3.777817506319592,273.7774943038821,4903.555095277727,True
flow0000010,5,103,1029,9.95639363468013,10.225179661285905,2.339055405848545,175.71528770029545,51.380840346217155,True
flow0000010,5,1354,1458,3.1258149239304287,1.0865639664215037,1.3825707578120248,2961.5065954849124,4903.555095277727,False
flow0000010,5,10,193,2.240941122217877,5.2854256221872875,1.4518220601086205,36.02865597605705,21.121355652809143,False
flow0000010,5,119,122,5.609946044982314,1.6227761369326403,1.0832805966377204,158.8499548137188,59.92186275869608,True
flow0000010,5,119,123,2.271673760119618,2.096939504736544,0.3535271020007235,158.8499548137188,356.1466121003032,True
flow0000010,5,122,123,4.456911791868473,3.6507701001456137,4.3625481510763775,59.92186275869608,356.1466121003032,True
flow0000010,5,14,253,4.0130201054942845,4.956047294246387,4.012875628399374,300.66929764300585,308.0175376161933,True
flow0000010,5,19,21,62.37995997541285,14.819566865815489,5.747859404142506,133.06399825960398,110.42280495166779,True
flow0000010,5,57,669,1.982690391902776,0.7155304103210539,0.6281768424946333,238.94082874059677,25.510651238262653,False
flow0000010,5,36,39,8.732453322644774,1.5924304657875583,6.3748698819585465,63.650678515434265,76.70551248639822,False
flow0000010,5,48,60,49.1684240403444,0.7849563253336511,0.6755895286047013,289.4967064112425,291.7394405156374,False
flow0000010,5,48,61,22.11137312907757,8.886897458058762,2.6943343672527376,289.4967064112425,24.863864846527576,False
flow0000010,5,48,696,5.29457223663429,0.372973083556921,0.22474052103075984,289.4967064112425,22.944045521318913,False
flow0000010,5,60,61,5.216856500959236,9.15402930605168,1.290951951508122,291.7394405156374,24.863864846527576,True
flow0000010,5,60,91,25.358880570949808,3.5392289913435904,1.6898698830594563,291.7394405156374,89.85062932223082,False
flow0000010,5,60,696,27.48064407943549,1.0032523615332678,0.2015907975780241,291.7394405156374,22.944045521318913,False
flow0000010,5,61,696,2.488216678648749,9.163331087032377,2.4850827685472217,24.863864846527576,22.944045521318913,False
flow0000010,5,95,971,60.160859181843,2.249499731220206,2.654035839559787,228.98999389261007,30.468233600258827,False
flow0000010,5,141,143,2.069534550879945,3.283115308850166,2.0683099299859626,327.03739404678345,450.0819287151098,True
flow0000010,5,143,146,5.332185966871864,1.5590647622037266,1.5845007342058075,450.0819287151098,140.03184321522713,False
flow0000010,5,40,732,40.36512478965923,10.098011512696441,5.387425563540861,249.24976239353418,35.99951607733965,True
flow0000010,5,68,589,21.563630023071994,2.559731703575587,0.7458374818885062,94.86139435321093,33.99992378056049,False
flow0000010,5,78,100,50.46093468397426,1.1808910387570524,5.578485861680674,245.22319362312555,398.7257785052061,False
flow0000010,5,78,991,26.60472961608407,1.8527119517598547,1.3527990877535077,245.22319362312555,25.939772099256516,False
flow0000010,5,100,991,6.645283706364065,2.581929988734665,4.141019562790505,398.7257785052061,25.939772099256516,False
flow0000010,5,80,99,36.069552429241874,9.618900098475386,6.356258030498546,137.0752863138914,118.51766926795244,False
flow0000010,5,96,1026,5.212933646946384,0.843796787596939,0.4136739304923818,340.99648980796337,29.928129702806473,False
flow0000010,5,113,1096,78.91123763238146,1.0381187813534816,1.057315841178406,345.46301148831844,34.60069388896227,True
flow0000010,5,140,147,54.86488337713964,2.4465927208250893,7.443151276721163,72.97351342439651,198.00443015247583,False
flow0000010,5,148,151,5.564470313102117,5.083426922251051,0.46659668789498676,105.11269111931324,93.34171638637781,True
flow0000010,5,148,1611,15.385134676239346,9.031758857098811,1.6968934866845742,105.11269111931324,46.18903263658285,True
flow0000010,5,151,1611,3.0131221412389637,13.480467464485907,2.782032989822887,93.34171638637781,46.18903263658285,True
flow0000010,6,1,467,10.116829116859705,7.110921048435184,2.4365665669270893,497.2247424647212,138.2351060807705,True
flow0000010,6,46,49,5.630725400177014,10.107269076842327,4.818967477482309,140.17403239756823,272.52309845387936,False
flow0000010,6,3,4,4.416330609960471,10.749139277921504,4.403462215794858,2005.2544477432966,541.8592304363847,True
flow0000010,6,37,40,12.605024437244174,9.073626542352345,3.384601886496135,92.14240666478872,110.89491885900497,True
flow0000010,6,96,119,45.565724084859866,3.678996738590045,1.280143323258989,312.4221223965287,344.2766016200185,False
flow0000010,6,96,906,5.382386067668007,2.070298008238311,0.9752195416258502,312.4221223965287,34.03575041890144,False
flow0000010,6,119,906,22.968051035577737,1.6337033130863217,1.7157534194770523,344.2766016200185,34.03575041890144,False
flow0000010,6,112,117,51.788683031196435,8.8252488063083,1.2607175764434357,746.9109653457999,65.41063188016415,True
flow0000010,6,14,208,7.546158302113785,5.059697721258709,3.9721474187168058,627.2321987897158,158.7612657174468,True
flow0000010,6,24,27,5.701146500176409,14.677542525138563,4.62812586764659,101.19805626571178,27.68396233022213,True
flow0000010,6,105,109,74.41457044291671,0.8303128861402309,2.2228239368074507,116.01507346332073,542.218612164259,False
flow0000010,6,110,1073,5.549496296953086,1.7092667305673952,1.914008757073891,552.6291410624981,39.249691195786,False
flow0000010,6,22,32,60.010136414455275,4.328624645837852,3.0594747264427973,278.1693435013294,367.35121362656355,False
flow0000010,6,25,446,70.45211004681349,1.4507937194951335,7.4621770301833426,799.7251743227243,31.521531105041504,False
flow0000010,6,98,922,20.001641769543394,12.121256250211813,5.345848912375078,842.5686585977674,129.97942212224007,True
flow0000010,6,123,1079,2.9651436138068314,3.2085375177472177,2.8940749655037257,35.34460946917534,23.65420476347208,False
flow0000010,6,718,720,23.71998469269296,5.297327937286077,6.694052131867364,52.898448556661606,15.859965018928051,True
flow0000010,7,0,1,10.065931407710616,0.2517260090882637,0.21811522730282643,2976.9813573285937,1747.130248002708,True
flow0000010,7,0,2,29.017892293803584,3.9114245225851065,4.991317764649494,2976.9813573285937,425.3206068277359,True
flow0000010,7,0,490,26.18995192926092,1.1835856961197693,1.5111131559509177,2976.9813573285937,2041.807138517499,True
flow0000010,7,1,2,8.986102509008932,3.987884316112253,5.084092291627799,1747.130248002708,425.3206068277359,True
flow0000010,7,1,490,47.36185384047706,1.4290606208495926,1.7400463668805843,1747.130248002708,2041.807138517499,True
flow0000010,7,2,490,41.95885174951506,3.4736797014650276,3.1107999916753903,425.3206068277359,2041.807138517499,True
flow0000010,7,66,72,6.828813630452247,5.146949829018991,2.2555471045545854,243.726124830544,81.24910021573305,True
flow0000010,7,3,4,24.65151575739998,2.1286474631812426,2.9050047104662418,2386.5198419317603,421.7850963175297,True
flow0000010,7,3,59,18.582588463085152,13.620414073520227,5.559230182631737,2386.5198419317603,70.79653877019882,True
flow0000010,7,78,904,6.826633967403198,10.104972935313716,4.925041068428988,209.36713998019695,419.2266149222851,False
flow0000010,7,80,904,10.309458037756007,8.480682877533532,7.993784169721553,221.65385556221008,419.2266149222851,False
flow0000010,7,94,1267,20.775471598626613,2.2657780222872868,3.0821853171689297,238.65565048903227,25.35285533964634,False
flow0000010,7,95,1011,6.93390635285861,7.009858778031283,0.42209730230347225,120.00104186683893,43.9550551995635,False
flow0000010,7,6,86,53.98216415328777,8.26079770690429,5.577984416524645,815.5488287359476,95.13956651836634,True
flow0000010,7,21,300,6.086867526772537,9.697610048929207,2.975171337772318,303.62856498360634,42.92389100790024,False
flow0000010,7,8,33,47.45967106798801,9.826146282809713,5.988814485436923,776.7355956286192,79.61525619029999,True
flow0000010,7,13,30,61.30178364583861,7.92084921585472,2.9278444497420035,458.30593664199114,78.50893592834473,False
flow0000010,7,13,31,5.3254228668620165,2.095872571103975,1.4273013302008086,458.30593664199114,65.4733684360981,False
flow0000010,7,30,31,5.2854972642425855,5.839596049753531,1.644353423944468,78.50893592834473,65.4733684360981,True
flow0000010,7,30,39,5.345385940800096,2.90874920440283,1.5929778863261679,78.50893592834473,53.78774034976959,False
flow0000010,7,31,39,50.56819068025433,8.636633590131108,3.99596366176322,65.4733684360981,53.78774034976959,False
flow0000010,7,53,562,2.230235473641689,4.982872367050693,1.5749507440734634,123.12224131077528,35.95763957500458,True
flow0000010,7,75,76,6.871106848369557,11.744074020412107,4.942288393152992,84.59258185327053,82.66655312478542,True
flow0000010,7,36,315,4.65895384385782,10.555669552411777,2.335721792799215,120.7092907205224,39.11116208136082,True
flow0000010,7,61,65,5.48827398383973,1.0795966858442931,3.064539345287491,160.64191476255655,365.566895917058,True
flow0000010,7,101,980,12.039692119090256,12.357849359263158,6.404948693609909,135.45147179067135,31.805912733078003,False
flow0000010,7,43,73,50.26577245397244,8.088449810811094,2.3073234359179544,363.3168391287327,208.13566718250513,False
flow0000010,7,43,827,26.68459690519516,2.946365892958308,3.236846940102249,363.3168391287327,28.27629229426384,False
flow0000010,7,73,827,5.961062258311892,5.82126208767974,2.6354711516979665,208.13566718250513,28.27629229426384,False
flow0000010,7,112,1232,27.242670564825342,5.972064678625694,2.067094191249027,309.929399728775,16.858806125819683,True
flow0000010,7,84,991,3.075149506779973,7.911832865791856,0.5235216973814354,101.91331218928099,30.013636097311974,False
flow0000010,7,57,743,5.150702521907447,1.4011657433446745,0.19051422796921783,94.94674103707075,81.27855721861124,False
flow0000010,7,46,70,47.393407075041026,4.227438649545032,3.316368115835297,251.5432951077819,359.31653770059347,False
flow0000010,7,140,148,30.611839770275363,2.4766089248299283,2.1490772005611656,754.3139705061913,65.93831584602594,True
flow0000010,7,140,149,18.897879312449863,7.780867434406905,5.151075520780764,754.3139705061913,187.36540923267603,True
flow0000010,7,148,149,6.634634779469541,9.733939193996253,2.7484809686242713,65.93831584602594,187.36540923267603,True
flow0000010,7,99,109,61.51563520886331,13.940159409115546,1.6311509004647924,141.35359847545624,100.63390897214413,False
flow0000010,7,141,1505,2.1723128714189412,1.7938308453575789,2.170084452892932,136.5611357241869,22.156659811735153,False
flow0000010,7,119,132,29.90127880802542,3.225873650211778,4.868113830377918,1198.9920068606734,150.65079729259014,True
flow0000010,7,119,133,22.90913899318774,3.719968523914395,6.235334411932491,1198.9920068606734,117.79795727878809,True
flow0000010,7,132,133,7.593727677748667,1.900477588628304,1.0759750709957592,150.65079729259014,117.79795727878809,True
flow0000010,7,132,1374,26.40168496425415,7.0439172336994345,1.4029623535123552,150.65079729259014,474.4851490408182,False
flow0000010,7,133,1374,35.68634493019956,6.926537271639589,4.774209115358698,117.79795727878809,474.4851490408182,False
flow0000010,7,115,129,13.46881455231734,2.3920306273559406,7.101189788245906,101.49485772848129,191.05282502621412,False
flow0000010,7,138,1472,1.7946931208605896,8.966667960079505,1.6027693729145864,97.88196114450693,26.220810532569885,True
flow0000010,8,0,14,45.45870626606562,3.942515326401717,1.170722442789778,2326.706898935139,257.27329305559397,True
flow0000010,8,0,205,29.77086557978846,4.18788974307733,1.5838580429083786,2326.706898935139,2414.427212268114,True
flow0000010,8,2,579,7.311186635998995,14.119395977846478,7.09974701433043,619.3260100632906,1236.297344841063,True
flow0000010,8,14,205,2.9548232031280017,1.3552312900789631,2.762818240000554,257.27329305559397,2414.427212268114,True
flow0000010,8,56,951,27.73763219157177,5.542521247925072,5.4221015714979135,363.2666792497039,365.49651665985584,True
flow0000010,8,57,65,66.82177027640276,9.525099687772272,7.479000219731238,249.3996001780033,270.03706170618534,True
flow0000010,8,66,750,42.9464291449027,1.1740458986922158,0.2635647060616828,172.77274391055107,27.519956581294537,False
flow0000010,8,112,137,74.95967266767639,0.5496928463691937,1.1198431501741746,388.0469509214163,219.58897987753153,False
flow0000010,8,122,1689,2.1779984137226163,1.9502384015643341,0.5491242961621378,266.79898619651794,29.447419345378876,False
flow0000010,8,4,785,2.8254026153617997,1.1528414206892463,2.817726589054689,757.2313523739576,1138.0423161685467,True
flow0000010,8,27,28,7.2659334722952,9.187952534427936,4.425072986568845,155.39644726365805,111.99741566181183,True
flow0000010,8,17,182,5.312638615989469,1.1031876937194354,1.1180603529535127,487.10306292772293,17.104654729366302,False
flow0000010,8,19,406,6.605517661614983,8.287242580501733,6.025017598189453,392.910110861063,27.07984908670187,True
flow0000010,8,35,1064,3.4010102485160787,3.0129132950390454,2.9537749034574605,262.5357998609543,27.0392459705472,False
flow0000010,8,43,75,8.835652770196846,13.231466185529243,2.4676483084627967,141.56393801420927,86.47386780381203,False
flow0000010,8,83,1116,7.1016508091527015,3.884229942312474,3.188036437937108,175.58201441168785,27.762461870908737,False
flow0000010,8,95,113,51.988545574924174,11.90808138427152,3.734997502730569,149.38970740139484,222.8603313267231,False
flow0000010,8,54,749,25.037457467875257,0.6837068664032686,1.4295897922084173,532.5196786522865,26.80215387046337,False
flow0000010,8,135,1611,5.570118140897771,2.2976957829552602,2.1524481156873194,496.180208966136,22.51205775141716,False
flow0000010,8,79,1090,2.341495013821533,0.23655882573714787,2.0668944467622246,86.35221852362156,21.224695034325123,False
flow0000010,8,78,85,5.167458647058942,0.4608087771233091,0.40767875574782847,244.00016056746244,462.46260004490614,False
flow0000010,8,132,1682,5.778201509376748,8.64819975372315,1.8300391344983877,454.73586635291576,46.04509009420872,False
flow0000010,8,126,1602,5.157846635940956,0.6889718909757591,0.023819131337265438,163.80101070553064,26.846260383725166,False
flow0000010,9,0,21,14.143052899981447,2.0473076433646678,2.8342131367889407,407.85116378217936,964.3348979353905,True
flow0000010,9,0,225,2.6323665146436337,3.5493812260544635,2.605308259127021,407.85116378217936,1242.6500982940197,True
flow0000010,9,21,29,72.70599409934925,5.561047644322567,4.177940403742769,964.3348979353905,30.285758063197136,False
flow0000010,9,21,225,1.7310885239655298,2.5236217247845363,1.6365697763881757,964.3348979353905,1242.6500982940197,True
flow0000010,9,45,495,56.088244379261496,1.1617689730068412,1.9142360293330152,651.9510036483407,18.80760519206524,False
flow0000010,9,3,4,2.920084387134368,1.6387261633253798,1.0655044447201876,2707.0720113143325,120.28876961767673,True
flow0000010,9,3,1253,4.3181111526258675,12.814992662331274,0.7634136946412833,2707.0720113143325,158.24154140800238,False
flow0000010,9,4,1253,24.06996133404897,13.80105484246127,3.7984562523145917,120.28876961767673,158.24154140800238,False
flow0000010,9,136,137,13.13521659543958,8.628253410357473,1.7674074093511212,99.63220161944628,59.70005727559328,True
flow0000010,9,72,721,12.686951088708565,6.475875839042431,3.3454504030191123,76.36938103288412,21.207498364150524,True
flow0000010,9,46,656,8.056031718861746,1.301551974793996,0.44529184617002276,101.51905868947506,39.392677284777164,False
flow0000010,9,69,82,45.39386975118592,3.2329775330598745,1.3373301949639913,38.613094717264175,146.90972135961056,False
flow0000010,9,12,148,5.216388857991462,9.979468564639545,2.666543391252622,84.61137190461159,177.52555742114782,True
flow0000010,9,101,104,30.711458243824808,1.6423659063673761,1.7507699198188318,609.978184722364,52.60292002558708,True
flow0000010,9,101,107,70.96805470141118,4.174552866448,2.800156852192831,609.978184722364,134.5769898891449,True
flow0000010,9,104,107,5.08099192715308,2.800666877232861,0.10081545043449164,52.60292002558708,134.5769898891449,False
flow0000010,9,106,111,8.457281886042527,10.103728437388051,5.117988582976484,496.59961016476154,330.3356526568532,True
flow0000010,9,106,134,14.53829595141368,1.384004753659254,1.523028821538346,496.59961016476154,82.34507109969854,True
flow0000010,9,107,114,5.533507687799258,14.947337689858857,0.6016728808232552,134.5769898891449,84.83397409319878,False
flow0000010,9,110,135,25.96277272651773,2.568399018859256,1.851936016592366,100.69107233732939,68.51176830381155,False
flow0000010,9,110,1096,8.34508359583853,11.469300168046406,5.678153302780997,100.69107233732939,459.4522171765566,False
flow0000010,9,111,1096,18.128308634480696,10.645180016303676,4.058433333664182,330.3356526568532,459.4522171765566,False
flow0000010,9,37,400,78.51085617815936,0.49332193591174966,0.4911455015414312,222.19889879226685,23.524115525186062,False
flow0000010,9,39,399,5.851610864627458,3.7705345043490874,0.9089737842480583,109.58048604428768,60.091918513178825,False
flow0000010,9,58,71,45.988987253024,0.3091157993121019,0.9491610419716872,102.58127491176128,281.4129889458418,False
flow0000010,9,71,724,35.5969052426324,10.418841753767508,1.5056469292554926,281.4129889458418,22.634027250111103,True
flow0000010,9,62,674,78.56252455543334,1.2832265848153495,0.4338543954449295,671.8517133519053,19.909785859286785,False
flow0000010,9,96,97,9.8793212091019,0.921347041742757,0.45766648828915135,83.56364790350199,340.4410993605852,True
flow0000010,9,65,91,41.59545043315961,5.2514155307891395,0.9333476778219809,422.9875960573554,232.29080528765917,False
flow0000010,9,95,1328,67.34787514030003,8.166252551044215,6.101288586703921,906.3850939050317,148.64690490067005,True
flow0000010,9,113,1328,6.692782913880624,7.814624423346491,1.5640923427951654,59.1330438926816,148.64690490067005,False
flow0000010,9,113,1329,47.42297418613516,2.540276516913129,7.565920352086623,59.1330438926816,41.97472946345806,False
flow0000010,9,1328,1329,13.530734788061562,7.607442486793425,1.354066874882311,148.64690490067005,41.97472946345806,True
flow0000010,9,116,1243,5.197282653747256,0.9100056026415139,0.21004944488698904,214.96338895708323,25.39011512696743,False
flow0000010,9,116,1342,26.50346851899428,13.127132510649272,1.9102476899158731,214.96338895708323,52.669636614620686,True
flow0000010,9,1243,1342,31.683438828282775,13.909660114107762,1.804516347289463,25.39011512696743,52.669636614620686,False
