file,event,label,e_mev,length,linearity,purity,foreign,hint,dom_t0,top_foreign
flow0000001,0,1,577.7453772723675,144.24402705407363,0.8641438414350081,0.8102456668163015,109.62968881428242,mixed/absorbed,53.7345415679953,g40:110MeV(t0 562)
flow0000001,0,36,774.9512784257531,496.41505661699375,0.999978285917056,0.947650768283119,40.56810404360294,mixed/absorbed,484.01749016115207,g40:30MeV(t0 562)
flow0000001,0,45,816.6182201206684,505.2522179898522,0.9999885617311662,0.9567436667545699,35.32390986382961,mixed/absorbed,24.754927183378726,g10:35MeV(t0 223)
flow0000001,0,165,629.5779517889023,473.7690161226442,0.9985723782076112,0.7969271044797214,127.85021762549877,bad-stitch?(tpc68),68.96401056719135,g1:128MeV(t0 34)
flow0000001,0,355,129.63071053475142,37.775265073147295,0.800865079366306,0.5125835746415383,63.18413754552603,mixed/absorbed,281.4286442282212,g16:63MeV(t0 289)
flow0000001,0,361,92.7208834066987,26.635781450002348,0.8452268349970213,0.6936784830734212,28.4024016559124,mixed/absorbed,381.6406061808268,g32:28MeV(t0 488)
flow0000001,0,512,1896.0558126941323,92.8404711938037,0.5978219315584614,0.82705209181399,327.9188866093755,mixed/absorbed,54.09329279782757,g40:326MeV(t0 562)
flow0000001,0,591,61.328965447843075,21.33604161909545,0.8728015548736923,0.6133740757455198,23.711367949843407,mixed/absorbed,272.12065982818604,g16:24MeV(t0 289)
flow0000001,0,1254,556.5308693423867,98.62614737705167,0.8310775011682359,0.6801662503755811,177.99735472351313,mixed/absorbed,60.67423046767521,g37:160MeV(t0 542)
flow0000001,0,1363,483.66977152973413,38.8708296605351,0.6136554717660895,0.9533516963815015,22.562374353408813,mixed/absorbed,404.17158830598635,g42:20MeV(t0 582)
flow0000001,0,1677,258.3476047515869,37.45509178485859,0.7675231362971024,0.8767749652293709,31.834892578423023,mixed/absorbed,193.1673601092714,g0:32MeV(t0 15)
flow0000001,0,1947,957.8125801384449,111.22641079060926,0.8824638935990298,0.8601443297422542,133.95552037656307,mixed/absorbed,31.342066615670443,g23:95MeV(t0 365)
flow0000001,1,2,1256.2292696610093,200.38925584166822,0.7172979846658437,0.8012439359319816,249.68318520486355,mixed/absorbed,286.19386454515677,g49:250MeV(t0 585)
flow0000001,1,34,106.40817417949438,36.04611629623892,0.9252352369988802,0.8011695781815531,21.157182157039642,mixed/absorbed,619.0995235443115,g62:19MeV(t0 890)
flow0000001,1,38,420.5400870516896,253.77163645698843,0.9993034742767235,0.890901511293546,45.88028793781996,mixed/absorbed,349.8400963882557,g14:46MeV(t0 154)
flow0000001,1,246,171.8151435777545,26.229674675038446,0.8353710424594453,0.8827585818861114,20.143851086497307,mixed/absorbed,79.61419497948039,g49:20MeV(t0 585)
flow0000001,1,346,81.41644938290119,21.475714180582283,0.8314321137812006,0.735559868230939,21.529776602983475,mixed/absorbed,249.35326421828498,g49:22MeV(t0 585)
flow0000001,1,568,367.37429901212454,89.14644459598843,0.8891872735726963,0.8287704679638539,62.905329301953316,mixed/absorbed,286.0900387234158,g49:61MeV(t0 585)
flow0000001,1,1475,372.75097235292196,71.38069859159916,0.8725863799020963,0.8214051365268672,66.57140901684761,mixed/absorbed,255.25803992105696,g29:67MeV(t0 342)
flow0000001,10,53,223.70981635153294,167.94661679664893,0.9979367800746267,0.8925179370207419,24.04479257017374,mixed/absorbed,249.48341574808913,g31:24MeV(t0 348)
flow0000001,10,76,398.9173234850168,57.555053346214805,0.9198406819916416,0.9218233092781333,31.186036221683025,mixed/absorbed,217.27864851031387,g37:31MeV(t0 404)
flow0000001,10,582,70.88602530956268,18.253651697956162,0.7465609582605625,0.4090421026102969,41.89065647125244,mixed/absorbed,525.2008952688664,g14:23MeV(t0 162)
flow0000001,10,1023,301.8053960725665,60.69953635918246,0.8228588059547607,0.6515219315894688,105.1725614592433,mixed/absorbed,447.34371527310077,g5:105MeV(t0 52)
flow0000001,11,0,862.5795488134027,363.9146310260066,0.9284151767479376,0.5961751756419135,348.3310347944498,mixed/absorbed,330.87006195105533,g7:347MeV(t0 116)
flow0000001,11,1,3509.851363159716,524.1685814044902,0.9897671534644202,0.8420898462907636,554.2411682531238,mixed/absorbed,161.12759113390518,g38:550MeV(t0 473)
flow0000001,11,35,114.73806039243937,47.836976818834984,0.954467697411995,0.8252702296507324,20.048154942691326,mixed/absorbed,441.4614395966401,g35:20MeV(t0 428)
flow0000001,11,98,150.81257262825966,68.91204290767135,0.9891364849731876,0.8366237491278689,24.639192700386047,mixed/absorbed,470.187261076055,g40:25MeV(t0 516)
flow0000001,11,104,337.9109608605504,225.74185537149054,0.9990516170032677,0.9380041716572258,20.949069924652576,mixed/absorbed,251.95711868591573,g21:21MeV(t0 262)
flow0000001,11,237,61.26368209719658,19.364739044981516,0.7526040136913663,0.5817030639219618,25.626410514116287,mixed/absorbed,65.94718898027793,g5:26MeV(t0 79)
flow0000001,11,307,151.73036759346724,41.76398041504673,0.7681406004360043,0.8278188166181726,26.125114247202873,mixed/absorbed,330.59381341215357,g36:24MeV(t0 439)
flow0000001,11,982,503.0064920336008,96.0576225808002,0.9306941116322155,0.7128771806912695,144.42464212328196,mixed/absorbed,183.4257815184831,g46:144MeV(t0 581)
flow0000001,11,1014,3546.3636017739773,96.0428407987174,0.7899028506308935,0.9673555118008472,115.7692247480154,mixed/absorbed,161.01834667904564,g38:84MeV(t0 473)
flow0000001,12,6,451.9683180972934,184.0508317460599,0.8702371427938308,0.7383651909173702,118.25064461678267,mixed/absorbed,348.54733126553623,g50:118MeV(t0 571)
flow0000001,12,31,433.21978191286325,219.24159171612067,0.9891274887361283,0.947861997459587,22.587214089930058,mixed/absorbed,572.714013541202,g68:20MeV(t0 804)
flow0000001,12,33,180.67765018343925,96.3407868540939,0.9904466708191146,0.7955214847916893,36.94469764083624,mixed/absorbed,617.5342959876822,g50:37MeV(t0 571)
flow0000001,12,61,55.64148007333279,29.795243294784402,0.9169882090547051,0.6365340386752656,20.223784044384956,mixed/absorbed,178.9708717687806,g12:16MeV(t0 138)
flow0000001,12,170,132.70032000541687,75.8211691777689,0.9890725142786603,0.8282459079493275,22.791822977364063,mixed/absorbed,503.3928264145405,g50:21MeV(t0 571)
flow0000001,12,235,267.9947899058461,43.405245648240935,0.8342795330895415,0.8554407939099791,38.74111406505108,mixed/absorbed,590.4534520688264,g32:39MeV(t0 364)
flow0000001,12,261,97.38803400844336,25.61509406925949,0.6676944089297026,0.5654307232221336,42.32184750586748,mixed/absorbed,590.5449395237199,g54:37MeV(t0 601)
flow0000001,12,572,274.4776270240545,100.58818112988507,0.9307650064410206,0.5227567558168118,130.99259317666292,mixed/absorbed,147.01791421990646,g12:131MeV(t0 138)
flow0000001,12,974,47.654094472527504,9.409300639003092,0.7163233419855412,0.5727226207891715,20.36151659488678,mixed/absorbed,349.61405017329196,g41:20MeV(t0 467)
flow0000001,12,1104,446.0042452290654,69.37073461802791,0.7402271873939325,0.6991622005420677,134.17493568360806,mixed/absorbed,301.6862906995027,g47:119MeV(t0 541)
flow0000001,12,1170,234.48911349475384,60.20688756639362,0.8668701832277101,0.8671014366014332,31.16326631605625,mixed/absorbed,220.74741430352205,g32:30MeV(t0 364)
flow0000001,12,1339,616.3877662196755,70.20389313546724,0.8107092858515047,0.9136237449232764,53.241266921162605,mixed/absorbed,348.4797156320634,g50:53MeV(t0 571)
flow0000001,12,1571,1251.4227882102132,94.99854109610484,0.9158384797376689,0.9818605613761654,22.700106859207153,mixed/absorbed,301.6545653794528,g63:12MeV(t0 709)
flow0000001,12,1711,123.96615270525217,41.54358349457128,0.8786251174444393,0.7906342862013622,25.954262048006058,mixed/absorbed,76.05348071964106,g28:26MeV(t0 283)
flow0000001,12,2086,124.79891770333052,38.37775047352575,0.6843437054680215,0.8023532348994752,24.66610237210989,mixed/absorbed,9.72368742801525,g6:25MeV(t0 60)
flow0000001,2,21,451.1548194438219,298.32457989316975,0.9978696459690984,0.9472993014740116,23.776174128055573,mixed/absorbed,601.6213331761853,g45:24MeV(t0 609)
flow0000001,2,81,201.05429016798735,79.77635640595,0.9890326453371711,0.8857720532865815,22.966018743813038,mixed/absorbed,216.06603046492035,g21:23MeV(t0 319)
flow0000001,2,91,178.7113346606493,84.43957279390048,0.9929212763059364,0.8468027544837647,27.37808421254158,mixed/absorbed,29.864631098602455,g16:27MeV(t0 215)
flow0000001,2,290,44.791323602199554,16.391345427691586,0.8721039730430967,0.5457053224181252,20.348459914326668,mixed/absorbed,331.18816551795373,g26:20MeV(t0 414)
flow0000001,2,600,352.9830567538738,70.4170150909883,0.8357928204607238,0.9344533098765696,23.1368710398674,mixed/absorbed,362.57381173957634,g27:23MeV(t0 421)
flow0000001,2,773,325.24241077154875,68.04988937437298,0.7272082417901876,0.9063361483697282,30.46345690637827,mixed/absorbed,517.766702551825,g49:16MeV(t0 648)
flow0000001,2,917,275.32344587892294,59.45773103621058,0.7857609822739063,0.6187814715489877,104.95839888602495,mixed/absorbed,192.12303537807307,g19:105MeV(t0 267)
flow0000001,2,1011,313.78973143547773,82.13987960545234,0.9465890694363486,0.7356870976253077,82.93867465108633,mixed/absorbed,483.26141239398095,g16:83MeV(t0 215)
flow0000001,2,1108,403.6202980950475,51.56680230404638,0.7238113272596014,0.8420023596225324,63.771054707467556,mixed/absorbed,29.81217214383968,g13:64MeV(t0 193)
flow0000001,2,1161,608.5933685004711,73.46699305083482,0.9397865587656722,0.8919059913933278,65.78529681265354,mixed/absorbed,281.45476362712895,g16:66MeV(t0 215)
flow0000001,2,1175,1418.2340205460787,71.36374395064442,0.5194438988458736,0.9020536313831324,138.9108721613884,mixed/absorbed,214.8787773283553,g19:123MeV(t0 267)
flow0000001,2,1278,83.19710314273834,22.8728888909174,0.6256988934606729,0.6343375422674871,30.42205721139908,mixed/absorbed,214.95825477495586,g20:30MeV(t0 297)
flow0000001,3,30,167.13780514150858,88.34784323429324,0.9810081682511235,0.8487689496124508,25.27642583101988,mixed/absorbed,317.7287187114515,g35:25MeV(t0 432)
flow0000001,3,35,81.9358534887433,30.804341525181393,0.9697174302806444,0.750435308265214,20.448296017944813,mixed/absorbed,317.6727523803711,g41:20MeV(t0 498)
flow0000001,3,87,678.3694127574563,485.73427264538645,0.9977820971935887,0.9485204150965681,34.9221757799387,mixed/absorbed,61.32347027949182,g22:27MeV(t0 266)
flow0000001,3,99,78.96114382892847,24.778816682736995,0.9105111166154436,0.6957398450634296,24.0247298553586,mixed/absorbed,227.85689562017268,g4:24MeV(t0 43)
flow0000001,3,212,350.1578656733036,57.08366242757451,0.8142356984208148,0.9327498794149501,23.548158690333366,mixed/absorbed,317.4633960440407,g38:13MeV(t0 479)
flow0000001,3,252,2862.6485650613904,102.55228807797586,0.7807215946631342,0.9676482628702108,92.61165387183428,mixed/absorbed,317.5245662307897,g2:67MeV(t0 13)
flow0000001,3,322,250.3498753681779,59.04318518629553,0.7834667268951009,0.9131947684965214,21.731678888201714,mixed/absorbed,13.380483624353008,g10:20MeV(t0 114)
flow0000001,3,424,229.36720574647188,37.02915377261608,0.8744286959566321,0.7765322909821596,51.256163991987705,mixed/absorbed,13.268085298330888,g25:51MeV(t0 319)
flow0000001,3,442,171.57423101365566,36.84491519990264,0.6780906517522213,0.46139610861225117,92.41054848581553,mixed/absorbed,218.5878899847711,g2:73MeV(t0 13)
flow0000001,3,472,66.37762697041035,18.929664974357888,0.7586554498288415,0.6776597017932503,21.39618407189846,mixed/absorbed,176.44418111340752,g36:21MeV(t0 444)
flow0000001,3,473,50.98818239569664,16.189331663260226,0.7026463922928836,0.5545125238536744,22.714596688747406,mixed/absorbed,254.67294047791282,g57:23MeV(t0 764)
flow0000001,3,509,87.82189711928368,22.201120257064552,0.7382636002264652,0.514910815329319,42.601452469825745,mixed/absorbed,176.53863833366185,g24:43MeV(t0 310)
flow0000001,3,770,291.5561652109027,48.95480263515756,0.6958065041733789,0.6768025410589122,94.23021173477173,mixed/absorbed,589.2016866207123,g14:76MeV(t0 176)
flow0000001,3,847,101.11652986705303,17.16906578052957,0.5705326235414562,0.7715403750375291,23.10104449093342,mixed/absorbed,616.4933091107537,g55:23MeV(t0 719)
flow0000001,4,49,75.24570413678885,27.42534885012308,0.9047383941130581,0.7116940721799995,21.693782545626163,mixed/absorbed,268.58665438051577,g33:22MeV(t0 364)
flow0000001,4,105,47.7733573615551,16.43753191527473,0.9258899647085395,0.5401059880385328,21.970680981874466,mixed/absorbed,426.2931620279948,g63:22MeV(t0 661)
flow0000001,4,114,83.553934417665,14.916511686819971,0.4992121960316098,0.7356624741089145,22.086440302431583,mixed/absorbed,34.54154905104479,g6:22MeV(t0 51)
flow0000001,4,803,268.8270820900798,116.25402312802834,0.9644549512686461,0.58699681393882,111.02644140273333,mixed/absorbed,154.52234022168145,g8:111MeV(t0 61)
flow0000001,4,902,64.83597519248724,16.17459982269746,0.9042829891311429,0.5818761827501728,27.109465442597866,mixed/absorbed,110.97723574971043,g15:27MeV(t0 119)
flow0000001,5,4,814.7851791754365,364.10691998997964,0.9071587141235461,0.6043124644674583,322.40033953636885,bad-stitch?(tpc50),206.25764202592427,g35:322MeV(t0 384)
flow0000001,5,18,394.5321709960699,277.081217359742,0.9997014541397478,0.9374906163363873,24.6619628444314,mixed/absorbed,156.40611816713732,g58:25MeV(t0 619)
flow0000001,5,573,159.32095269858837,32.56924169346593,0.8764175282605582,0.6990285623442085,47.95105618238449,mixed/absorbed,197.94984575327007,g45:33MeV(t0 489)
flow0000001,5,727,207.47439073771238,49.30636448062955,0.8118266968345947,0.7236478665775927,57.33599051088095,mixed/absorbed,592.4288088837659,g35:57MeV(t0 384)
flow0000001,5,760,411.95607498288155,48.82330866841815,0.6032362414417983,0.9426476273499321,23.62665832787752,mixed/absorbed,421.2813679748799,g46:24MeV(t0 494)
flow0000001,6,17,69.6838489472866,21.68867917636819,0.8894259657512571,0.6597293579135385,23.711368024349213,mixed/absorbed,41.8604850769043,g25:24MeV(t0 308)
flow0000001,6,25,299.7303299307823,201.39443139689166,0.999050188057235,0.8364525981721866,49.020116709172726,mixed/absorbed,327.8166355715236,g16:49MeV(t0 218)
flow0000001,6,37,218.20002750307322,105.88677678898756,0.9955093455562478,0.892013539486597,23.56264865398407,mixed/absorbed,591.6492883227393,g55:17MeV(t0 668)
flow0000001,6,105,51.98495355993509,11.819282191367027,0.5431910169140938,0.5768347206513356,21.998227395117283,mixed/absorbed,319.5592271758289,g30:22MeV(t0 360)
flow0000001,6,174,1575.0963153392076,68.89832450147519,0.4839141325175835,0.9821099661906096,28.17852633446455,mixed/absorbed,218.42631891038684,g35:18MeV(t0 434)
flow0000001,6,232,81.25451401621103,24.672358634183823,0.8542763239415977,0.7310058196767555,21.85699139535427,mixed/absorbed,218.6288679985151,g28:22MeV(t0 329)
flow0000001,6,496,464.0064693465829,47.6973398741345,0.8315358622040468,0.5578396698533337,205.1652536764741,mixed/absorbed,288.4476408824241,g16:165MeV(t0 218)
flow0000001,7,42,133.58754266798496,51.9214338321721,0.9562076626736512,0.5235593275481105,63.64653865993023,mixed/absorbed,133.8028626949229,g18:64MeV(t0 168)
flow0000001,7,48,629.1665041819215,402.7507883714446,0.9999381623875151,0.9122019605123968,55.23958557844162,mixed/absorbed,470.55079267638564,g54:35MeV(t0 569)
flow0000001,7,72,305.7921585291624,72.42931333131767,0.9421591214438048,0.6166616347619603,117.2218661531806,mixed/absorbed,568.0395301418753,g47:99MeV(t0 489)
flow0000001,7,77,97.39631385356188,29.49541958185964,0.9249241567696658,0.5771732136985221,41.181770384311676,mixed/absorbed,568.2209828969594,g15:22MeV(t0 134)
flow0000001,7,117,59.77091384679079,25.795896011713914,0.9273631041451889,0.5502346912773922,26.88288351893425,mixed/absorbed,555.0640289306641,g51:27MeV(t0 532)
flow0000001,7,136,376.83534406125546,164.45192477608174,0.8861473249125141,0.944572262882719,20.8871303871274,mixed/absorbed,36.98242577971962,g7:21MeV(t0 64)
flow0000001,7,270,53.35033917427063,21.012705262179775,0.6027897120199328,0.5538225065336889,23.803720608353615,mixed/absorbed,544.1567561602352,g12:24MeV(t0 112)
flow0000001,7,471,1694.570953629911,91.76206402540672,0.7282570633873876,0.9396892310614572,102.20087723433971,mixed/absorbed,567.9237954430546,g58:25MeV(t0 616)
flow0000001,7,568,605.6563955321908,91.80012507412208,0.8687821073080121,0.9012180550304439,59.827916733920574,mixed/absorbed,568.0390928563228,g5:60MeV(t0 52)
flow0000001,7,821,967.4516382813454,98.62201689443299,0.8373733512667689,0.8866474340243414,109.66312565654516,mixed/absorbed,263.5269019369706,g8:99MeV(t0 70)
flow0000001,8,15,106.48953977972269,48.99361144390416,0.977939931062334,0.7689268860175327,24.60686956346035,mixed/absorbed,556.2255498414398,g54:25MeV(t0 592)
flow0000001,8,571,56.04146137088537,17.339455594897892,0.7485929735857315,0.6269732602241141,20.90496362745762,mixed/absorbed,469.9676086425781,g58:21MeV(t0 631)
flow0000001,8,1038,75.54584938287735,15.071719013907536,0.7757199818594747,0.7269822411075997,20.625358492136,mixed/absorbed,435.83745915339546,g43:21MeV(t0 472)
flow0000001,8,1112,105.82125756144524,21.688391462048656,0.7803215127965327,0.5512882446983206,47.483242228627205,mixed/absorbed,616.1148071289062,g5:47MeV(t0 60)
flow0000001,9,106,194.76269175857306,76.27559630365297,0.9939271602671124,0.8817460287440428,23.031461752951145,mixed/absorbed,107.81642732080424,g49:22MeV(t0 588)
flow0000001,9,463,74.71260721981525,17.97638088124841,0.7183053393824386,0.6610857256132103,25.321169063448906,mixed/absorbed,41.66290997747165,g7:25MeV(t0 72)
flow0000001,9,801,978.8651472404599,78.26007622987152,0.7112844505474618,0.9543674823461324,44.66808111220598,mixed/absorbed,249.45359700352066,g25:38MeV(t0 292)
flow0000001,9,817,118.55874961614609,31.438003127879917,0.8410155532202208,0.6464405476126706,41.91756659001112,mixed/absorbed,288.5452245929897,g26:23MeV(t0 324)
flow0000001,9,1106,285.71693512797356,56.96184898463923,0.5679292578192302,0.5903492109471123,117.04416792094707,mixed/absorbed,249.9186865366422,g40:117MeV(t0 468)
flow0000002,0,489,1109.686733596027,92.14470439520028,0.6654098950597974,0.8684424843350128,145.98762983828783,mixed/absorbed,229.17325767042323,g27:124MeV(t0 302)
flow0000002,0,498,284.2751228734851,104.69179792177762,0.9260146034940941,0.5470700892582884,128.7567060291767,mixed/absorbed,489.22247027435594,g4:126MeV(t0 52)
flow0000002,1,1,1023.1303865909576,195.26173852706225,0.9948300342762488,0.9626792692016133,38.18397372961044,mixed/absorbed,298.1478972209445,g6:34MeV(t0 85)
flow0000002,1,95,304.9617809280753,102.00981259311052,0.8444396728106474,0.9200050115963443,24.395414128899574,mixed/absorbed,21.92195476526617,g22:24MeV(t0 251)
flow0000002,1,132,98.74290979653597,33.162052824833374,0.9065950320286292,0.5985586965394131,39.63948241621256,mixed/absorbed,457.01701092568175,g41:40MeV(t0 499)
flow0000002,1,137,272.5194355174899,95.25078804569313,0.977005142223666,0.505682743704262,134.7110596522689,mixed/absorbed,516.8903579862396,g39:135MeV(t0 457)
flow0000002,1,169,535.7953229695559,44.948499551469446,0.517199309320292,0.9407446303640297,31.748749911785126,mixed/absorbed,410.05993670633393,g26:16MeV(t0 326)
flow0000002,1,437,339.01027050614357,74.63032088769262,0.8876338438710423,0.8067558803593299,65.51174127310514,mixed/absorbed,298.14733140902626,g6:62MeV(t0 85)
flow0000002,1,1012,359.76205509901047,59.40441274661837,0.7538744882846741,0.8176573841295783,65.59995421767235,mixed/absorbed,328.15450329138923,g32:66MeV(t0 375)
flow0000002,1,1167,178.65146425366402,39.39615616253438,0.7357221557269941,0.8527399324735355,26.308226689696312,mixed/absorbed,305.05325109634043,g71:26MeV(t0 1061)
flow0000002,1,1411,72.43054303526878,22.458764957718444,0.8234115203203418,0.6568839552157099,24.852081447839737,mixed/absorbed,517.0423241184183,g62:25MeV(t0 834)
flow0000002,1,1515,1468.825881011784,95.34961037548584,0.9178654972247843,0.9767486759901033,34.152146473526955,mixed/absorbed,547.7310229810978,g20:34MeV(t0 239)
flow0000002,1,1578,506.96921556442976,42.541380373332906,0.7756349170758172,0.9241777717160197,38.43953559547663,mixed/absorbed,547.8436055683102,g20:38MeV(t0 239)
flow0000002,10,31,129.2436264678836,53.22270228697337,0.9036292211628435,0.8365082069463067,21.13027223199606,mixed/absorbed,317.9491841443974,g34:21MeV(t0 394)
flow0000002,10,98,223.37718895822763,64.4341397496326,0.7261177771160706,0.8898166685089774,24.61244285851717,mixed/absorbed,468.7789265237204,g3:24MeV(t0 52)
flow0000002,10,799,1074.5153623223305,67.58735366475163,0.7880090740068699,0.9636485337194738,39.06020896136761,mixed/absorbed,569.1104088205742,g56:23MeV(t0 660)
flow0000002,10,884,504.16392554342747,56.307275662824416,0.8052757191964639,0.955340792603977,22.515561312437057,mixed/absorbed,583.2620942987948,g61:23MeV(t0 930)
flow0000002,10,962,924.6960566863418,72.92428404048856,0.8929031982699853,0.9652523040151402,32.13105745613575,mixed/absorbed,178.75050255886205,g17:32MeV(t0 218)
flow0000002,10,1188,834.6967079564929,103.79485469205143,0.7696248019470515,0.8390207161989827,134.36887823790312,mixed/absorbed,348.35356603024286,g9:134MeV(t0 128)
flow0000002,11,0,1301.0268157944083,495.0878537290017,0.9987601952711529,0.5959702199864882,525.6535781770945,mixed/absorbed,382.85887075012187,g13:526MeV(t0 148)
flow0000002,11,68,281.2875156849623,189.131180193146,0.9879584463686697,0.5618409523462687,123.24866998940706,bad-stitch?(tpc36),398.6044066907831,g31:123MeV(t0 334)
flow0000002,11,96,123.6650510802865,48.03650644476291,0.9869841555011153,0.8072647831248382,23.83461043983698,mixed/absorbed,334.185681398674,g34:24MeV(t0 404)
flow0000002,11,415,48.21696770936251,15.746441699334994,0.8553655843358525,0.5278651045657392,22.764913007616997,mixed/absorbed,146.78179415189302,g31:23MeV(t0 334)
flow0000002,11,1011,828.2132355496287,64.62801598630183,0.7228548343532623,0.7656020177226207,194.1315113082528,mixed/absorbed,334.095966946827,g34:194MeV(t0 404)
flow0000002,11,1022,55.72332266718149,17.369066330484024,0.8133796398833755,0.5691397247818957,24.008966140449047,mixed/absorbed,237.10665317111545,g25:24MeV(t0 263)
flow0000002,11,1392,96.00115168094635,23.39678367672982,0.7956994049750106,0.7431308642498161,24.659732863307,mixed/absorbed,28.83047249679166,g18:25MeV(t0 198)
flow0000002,11,1711,49.22392911463976,13.562646752943351,0.6451958366291017,0.5641004086217509,21.456690587103367,mixed/absorbed,972.9103680234966,g35:21MeV(t0 436)
flow0000002,12,2,853.416268967092,294.87407240152106,0.9877062551095045,0.9380923383980935,52.8330055847764,mixed/absorbed,197.8403463470492,g39:53MeV(t0 409)
flow0000002,12,32,141.08052060753107,81.29470965489588,0.9899684317343831,0.7785581653522629,31.24112931638956,mixed/absorbed,360.34612614206605,g47:31MeV(t0 527)
flow0000002,12,52,421.6844678670168,247.036102594822,0.9985848917209398,0.7087304487393029,122.82384572923183,bad-stitch?(tpc25),109.39448569944999,g45:123MeV(t0 483)
flow0000002,12,101,812.1117223724723,246.12426767363883,0.9990532369512174,0.7646823055892794,191.1042581126094,bad-stitch?(tpc45),590.4677130435535,g16:191MeV(t0 200)
flow0000002,12,160,260.1182276159525,44.37144989816727,0.9064161538464318,0.5640453854525507,113.39974165707827,mixed/absorbed,172.7526097926296,g36:113MeV(t0 375)
flow0000002,12,476,204.62944971770048,30.098183602064175,0.8310556098777756,0.7670492465935691,47.66858448088169,mixed/absorbed,175.28548852169152,g44:48MeV(t0 467)
flow0000002,12,480,379.1782313361764,63.9797165562164,0.7453241165287291,0.9131721782696123,32.92321987450123,mixed/absorbed,175.16417679730583,g21:23MeV(t0 242)
flow0000002,12,951,1447.422681607306,85.2853599270469,0.8198073210995809,0.9845386544961309,22.379102170467377,mixed/absorbed,481.9046729866061,g66:19MeV(t0 785)
flow0000002,12,1268,948.4572622254491,50.57866502050489,0.5035727322204799,0.8316912272898676,159.63367777317762,mixed/absorbed,590.4253274836622,g16:155MeV(t0 200)
flow0000002,12,1383,1406.8695598319173,98.27841268196121,0.8550028912199122,0.9231692067504416,108.09090428054333,mixed/absorbed,590.5416439222253,g16:108MeV(t0 200)
flow0000002,12,1894,311.1371434852481,78.95700831449669,0.9120897814093591,0.9073902721506024,28.81432618200779,mixed/absorbed,212.50914949864105,g18:28MeV(t0 221)
flow0000002,2,350,416.503803499043,66.7983766641878,0.7553519686375834,0.7784705001256241,92.26787928491831,mixed/absorbed,210.08801780250664,g52:71MeV(t0 599)
flow0000002,2,613,46.04301995038986,13.175970854081191,0.6179136552507339,0.5279997809336396,21.732315503060818,mixed/absorbed,81.50957851409912,g42:22MeV(t0 459)
flow0000002,3,8,90.51413574814796,39.07240486328088,0.9493118324155959,0.654429382964511,31.279025740921497,mixed/absorbed,542.3089371530633,g47:31MeV(t0 512)
flow0000002,3,75,220.53416099399328,159.43757606087922,0.9987128076017735,0.8557150248091232,31.81976594775915,mixed/absorbed,150.25685823285903,g26:31MeV(t0 301)
flow0000002,3,95,171.43633856624365,53.403936883901856,0.9673361072359328,0.757581723706678,41.55930168926716,mixed/absorbed,558.4824687110054,g42:42MeV(t0 452)
flow0000002,3,116,507.051861487329,295.2151536360276,0.9999553476628904,0.9550898803006733,22.771759793162346,mixed/absorbed,128.0691468914824,g47:23MeV(t0 512)
flow0000002,3,124,141.58686766773462,55.07648527299407,0.9310420471704869,0.7837484039024224,30.61838611960411,mixed/absorbed,451.0832011601696,g62:31MeV(t0 717)
flow0000002,3,133,138.0583639666438,66.35458402076773,0.9839915228904742,0.6999106181958493,41.42984909564257,mixed/absorbed,512.0148772345649,g12:41MeV(t0 128)
flow0000002,3,526,175.3726293966174,38.74821882967942,0.8550315279664698,0.6393181697920107,63.25372093915939,mixed/absorbed,7.118423306024992,g30:63MeV(t0 340)
flow0000002,3,619,198.73624232411385,47.59131023048384,0.8503378867109326,0.7613264440572032,47.43308565020561,mixed/absorbed,112.38754399617513,g22:47MeV(t0 231)
flow0000002,3,658,228.5266369432211,50.259845321667555,0.787200696430878,0.8910940617539794,24.887907810509205,mixed/absorbed,602.2465206854823,g64:18MeV(t0 751)
flow0000002,3,671,63.143534913659096,22.09985038600761,0.8248650084583024,0.638240461570011,22.84277604520321,mixed/absorbed,254.0698287237258,g48:23MeV(t0 525)
flow0000002,4,6,111.04427490383387,26.881418291946776,0.9036355249907142,0.8125106642016504,20.819617345929146,mixed/absorbed,29.749948695554572,g16:21MeV(t0 188)
flow0000002,4,37,352.14551758021116,235.843855718176,0.9989203128149615,0.9264631679606391,25.895665779709816,mixed/absorbed,390.1403940000885,g36:26MeV(t0 415)
flow0000002,4,109,148.02973456680775,70.4210927938174,0.9670857918346071,0.651873572143031,51.53306271135807,mixed/absorbed,364.10533614514986,g13:52MeV(t0 151)
flow0000002,4,552,67.97564490139484,17.698217118290682,0.7453159841325052,0.655181702477823,23.439246147871017,mixed/absorbed,505.2797076416016,g46:23MeV(t0 526)
flow0000002,4,617,198.67048013955355,38.25228551999285,0.8177574631432125,0.8332972659212518,33.11891222000122,mixed/absorbed,448.41879256930366,g33:33MeV(t0 376)
flow0000002,4,1080,293.9850383102894,53.89743286931356,0.7310884348466542,0.7247225252112214,80.92745897173882,mixed/absorbed,150.23572316245426,g33:81MeV(t0 376)
flow0000002,5,60,709.0432151854038,397.22401266257543,0.9965450981754791,0.9523075403916513,33.816014900803566,mixed/absorbed,396.1775788418541,g46:33MeV(t0 529)
flow0000002,5,228,57.24761785566807,17.723931520284502,0.9448586525247461,0.5263579511645442,27.11487901210785,mixed/absorbed,393.03655162610505,g36:27MeV(t0 414)
flow0000002,5,293,529.7895420566201,94.83332758791249,0.8513396239074635,0.7058907304235202,155.81601524353027,mixed/absorbed,483.0469567266411,g22:156MeV(t0 236)
flow0000002,5,383,447.126169487834,51.28306546496047,0.654870648255453,0.7726504645926674,101.6539269015193,mixed/absorbed,294.3634305821593,g33:102MeV(t0 369)
flow0000002,5,472,288.2286069840193,31.39830299982517,0.6179098934570812,0.8247543311609062,50.510815009474754,mixed/absorbed,396.011617086298,g30:51MeV(t0 331)
flow0000002,6,0,1499.713704571128,496.94256975383337,0.9894276900627588,0.5398788783484144,690.049951903522,mixed/absorbed,131.03776238340285,g21:690MeV(t0 256)
flow0000002,6,122,552.486627869308,341.34788553111935,0.9999559460117475,0.9597543933018131,22.235159531235695,mixed/absorbed,404.38702552664813,g21:19MeV(t0 256)
flow0000002,6,419,182.58536578714848,54.26851617157233,0.877460495579853,0.8447981022226638,28.337595276534557,mixed/absorbed,255.1968704723291,g38:28MeV(t0 506)
flow0000002,6,589,130.97651017457247,30.4840204872407,0.7901701792197722,0.6244813477488873,49.18412257730961,mixed/absorbed,292.7620749060129,g31:49MeV(t0 385)
flow0000002,6,751,230.36015966534615,97.33649210314435,0.9154542446791737,0.5735868446452519,98.22860255092382,mixed/absorbed,219.65005544670524,g16:98MeV(t0 189)
flow0000002,6,895,81.1014947667718,20.307001934006912,0.533344705794263,0.6569521325275406,27.82169482856989,mixed/absorbed,190.9277010830966,g23:28MeV(t0 276)
flow0000002,6,1286,362.9007708877325,40.27588416823821,0.5455016161983511,0.8192818446491721,65.58275789022446,mixed/absorbed,480.7035320668337,g13:44MeV(t0 134)
flow0000002,7,0,968.3796286433935,198.77879227789168,0.8925357121511016,0.8153499667153521,178.81133066117764,mixed/absorbed,453.377078469438,g33:179MeV(t0 366)
flow0000002,7,77,326.9780043512583,230.67922083491823,0.9997129913195758,0.9270830045054538,23.842253670096397,mixed/absorbed,182.29845798560686,g24:24MeV(t0 260)
flow0000002,7,99,122.01560367643833,34.860990987798054,0.9003764984576373,0.6434609754477447,43.5033243149519,mixed/absorbed,395.97244797837675,g43:44MeV(t0 467)
flow0000002,7,107,57.9792735427618,24.994296440076567,0.9144698782434373,0.5939592318597569,23.54194876551628,mixed/absorbed,340.66806544614644,g45:24MeV(t0 502)
flow0000002,7,139,88.78491160273552,41.6223232122897,0.9930354011931916,0.7711847693433175,20.315340027213097,mixed/absorbed,44.214185438960435,g36:20MeV(t0 405)
flow0000002,7,1076,82.70954541116953,41.51186019836193,0.9526641329906469,0.6624724018283006,27.916754208505154,mixed/absorbed,259.10129714394634,g39:28MeV(t0 439)
flow0000002,7,1077,166.45009615272284,32.84964385552284,0.6224149819263969,0.8052160365227788,32.42180944979191,mixed/absorbed,259.1338708174856,g64:21MeV(t0 795)
flow0000002,7,1232,59.952115915715694,17.710810569621533,0.9111914670727116,0.6511436433249811,20.91467673331499,mixed/absorbed,440.7079721611237,g24:12MeV(t0 260)
flow0000002,8,19,563.6100233644247,398.3277516446647,0.9996112756170143,0.8560879836081731,81.11025492101908,bad-stitch?(tpc3),25.47468603960853,g4:81MeV(t0 54)
flow0000002,8,59,343.18508775532246,217.64295064524515,0.9976132608970587,0.9388042867891151,21.001456208527088,mixed/absorbed,130.26038052234975,g14:19MeV(t0 160)
flow0000002,8,127,70.57473335415125,28.084110157158538,0.9099009512149369,0.5701973485943309,30.33320751786232,mixed/absorbed,388.8268823356272,g39:30MeV(t0 396)
flow0000002,8,260,235.73698938637972,94.94170910425473,0.9464414716332776,0.6350495219357992,86.0323269739747,mixed/absorbed,463.22079162020765,g6:86MeV(t0 76)
flow0000002,8,345,242.15406066179276,96.24159435191477,0.859668986285443,0.5141481930591514,117.65098793059587,mixed/absorbed,132.64864946276413,g14:118MeV(t0 160)
flow0000002,8,431,695.4662577956915,96.96972096124524,0.81608395402755,0.9603937701925629,27.54479642957449,mixed/absorbed,77.36767310331773,g16:27MeV(t0 178)
flow0000002,8,635,414.78588988631964,42.28168817452263,0.8371977366785699,0.9429425511879206,23.666624680161476,mixed/absorbed,364.9655503431258,g69:24MeV(t0 764)
flow0000002,9,177,51.15282503515482,15.873122997768217,0.7667447891616266,0.509083154794934,25.111783489584923,mixed/absorbed,498.9743087356155,g40:25MeV(t0 454)
flow0000002,9,713,402.8372124582529,81.37434908673636,0.7136932301077692,0.6228737501547223,151.92048723250628,mixed/absorbed,185.8133971315182,g4:135MeV(t0 50)
flow0000003,0,19,492.8895903080702,302.16521816419663,0.9993191671136857,0.9391474816351707,29.99357284605503,mixed/absorbed,278.0142930527984,g9:30MeV(t0 134)
flow0000003,0,175,1285.0669975876808,73.68589092911309,0.8563444790644956,0.9830001043586275,21.846004851162434,mixed/absorbed,115.79141130634383,g30:22MeV(t0 338)
flow0000003,0,706,199.83539652079344,53.582129427948885,0.8526057558257248,0.8700978945980398,25.959038741886616,mixed/absorbed,53.49117952134874,g11:24MeV(t0 153)
flow0000003,0,790,167.36804680526257,63.10897145581535,0.8319911582405042,0.6598345767454602,56.93282248079777,mixed/absorbed,386.66380125103575,g3:57MeV(t0 43)
flow0000003,0,823,628.3514082580805,61.56099811359385,0.6067226829424487,0.9426902490922492,36.01066268980503,mixed/absorbed,381.6026515061001,g41:19MeV(t0 498)
flow0000003,0,865,254.89043682068586,44.546022873644674,0.8474370916171199,0.8444817325050669,39.64011913537979,mixed/absorbed,386.71781791700806,g3:39MeV(t0 43)
flow0000003,0,1071,65.5730449706316,20.82441251829943,0.7048698296913761,0.6091832049363475,25.627047277987003,mixed/absorbed,386.88833348891313,g41:26MeV(t0 498)
flow0000003,0,1118,302.645486779511,99.78130512128335,0.8036466539982355,0.514412073293844,146.96099445223808,mixed/absorbed,54.21739302741157,g49:146MeV(t0 616)
flow0000003,0,1204,453.9997543990612,79.09176089293912,0.7592938780938373,0.6853907669926602,142.83251451700926,mixed/absorbed,561.9131450189923,g15:143MeV(t0 191)
flow0000003,1,22,807.6396339312196,497.68084241238137,0.9999759666937581,0.929186179417626,57.192048132419586,mixed/absorbed,98.90107090726812,g17:57MeV(t0 228)
flow0000003,1,495,209.432263225317,47.895007758484155,0.8542870624329393,0.8780104495150917,25.54854764789343,mixed/absorbed,171.5536319591381,g45:26MeV(t0 507)
flow0000003,1,722,645.2110092937946,50.8215376172372,0.6083102921438915,0.8557831052521971,93.0503282174468,mixed/absorbed,255.26747134537646,g4:86MeV(t0 89)
flow0000003,1,1194,70.36057129502296,21.843385895614013,0.8154259086354666,0.5872355620499656,29.04234166443348,mixed/absorbed,507.0473247590612,g52:29MeV(t0 588)
flow0000003,1,1282,322.97212790697813,30.552549717362567,0.5004874258554869,0.9090198699348716,29.38404620438814,mixed/absorbed,477.2431907159819,g49:29MeV(t0 559)
flow0000003,10,135,791.7632719948888,500.30486522289067,0.9999374589413212,0.9717759340443762,22.34677881002426,mixed/absorbed,433.0304452448256,g10:22MeV(t0 150)
flow0000003,10,268,90.95631287246943,30.44073188612296,0.7251689886973189,0.7468904834305411,23.02190838009119,mixed/absorbed,617.8887072286971,g56:21MeV(t0 795)
flow0000003,10,330,1114.968023352325,91.51003937479565,0.9174833448081864,0.9746337995635012,28.282502360641956,mixed/absorbed,492.5672177692857,g56:24MeV(t0 795)
flow0000003,10,398,384.3413781374693,67.30760984702356,0.7580900704779465,0.5208799848336235,184.14564692229033,mixed/absorbed,316.2814758073038,g37:169MeV(t0 558)
flow0000003,10,583,209.8174378424883,87.09723906113945,0.8923840987373858,0.8911400963610859,22.840706065297127,mixed/absorbed,55.15060350450419,g11:23MeV(t0 181)
flow0000003,10,1276,65.42129938304424,14.88090893352652,0.7394417394293211,0.6587970672308382,22.32193921506405,mixed/absorbed,618.325138092041,g60:22MeV(t0 865)
flow0000003,11,19,66.58701226115227,31.29160991302818,0.9180067986752158,0.6344799542807654,24.33888776600361,mixed/absorbed,304.15492248535156,g56:24MeV(t0 566)
flow0000003,11,23,74.46596207469702,26.83150606375179,0.9241964748068311,0.7130971387215278,21.36449758708477,mixed/absorbed,544.3206268310547,g58:21MeV(t0 599)
flow0000003,11,56,543.7693300917745,246.83042509333404,0.9898567918365248,0.8987151773975696,55.07558013498783,mixed/absorbed,123.03916428664635,g61:55MeV(t0 621)
flow0000003,11,68,859.3250825479627,500.88477267718054,0.9999846958380282,0.9591394978134973,35.112454414367676,mixed/absorbed,471.90787644426814,g16:32MeV(t0 169)
flow0000003,11,143,193.66576731950045,93.95091641121687,0.9965169713961366,0.8436899566586984,30.271904483437538,mixed/absorbed,381.24802425399366,g37:30MeV(t0 387)
flow0000003,11,269,345.0329306870699,50.88889033338402,0.8691991133434959,0.9408829093533332,20.397343039512634,mixed/absorbed,567.9699121284236,g28:20MeV(t0 305)
flow0000003,11,337,90.020048558712,22.471425095199617,0.8210705691341638,0.5129432858091781,43.8448690623045,mixed/absorbed,551.379420924831,g28:37MeV(t0 305)
flow0000003,11,602,90.34662660211325,22.524565671601202,0.7748169127292074,0.6217126474659427,34.17698618769646,mixed/absorbed,330.73745974978885,g51:34MeV(t0 512)
flow0000003,11,656,252.97141717374325,96.50074285931507,0.7592939032224878,0.5636070555951147,110.39494159072638,mixed/absorbed,604.0574453350059,g6:110MeV(t0 53)
flow0000003,11,673,270.1021846756339,95.91249177878257,0.9402898269572587,0.4991549370888648,135.2793456763029,mixed/absorbed,168.895414711305,g57:88MeV(t0 582)
flow0000003,11,706,1386.726491883397,55.50142068583672,0.6844375169919803,0.9836701656787399,22.645013861358166,mixed/absorbed,335.395793976998,g68:21MeV(t0 726)
flow0000003,11,790,266.8088566958904,48.80261497670469,0.8164304507638512,0.7112865934245461,77.03129392117262,mixed/absorbed,368.5060547385755,g23:77MeV(t0 253)
flow0000003,12,287,757.2160680145025,54.37511599433121,0.8778906170407086,0.9419309490251138,43.97081845253706,mixed/absorbed,458.08208030138434,g14:44MeV(t0 197)
flow0000003,12,327,2617.439543053508,97.74311639945797,0.817347877222074,0.7209610515076617,730.3675778359175,mixed/absorbed,458.22412387359304,g14:730MeV(t0 197)
flow0000003,12,481,1344.0842848196626,97.2957993860158,0.9632176710515438,0.9506611839679376,66.3155272603035,mixed/absorbed,218.658091400626,g33:66MeV(t0 406)
flow0000003,12,818,219.81715495884418,53.52578130236704,0.6700634158812752,0.6371558955834224,79.75935872644186,mixed/absorbed,59.468486822656835,g36:52MeV(t0 436)
flow0000003,12,882,654.6874946430326,49.896405280311825,0.8257643817790068,0.7752576823156064,147.1359849050641,mixed/absorbed,59.72861132891138,g45:147MeV(t0 541)
flow0000003,12,1440,337.37960682809353,54.740842014823286,0.9167482692631955,0.905481683990966,31.88855229318142,mixed/absorbed,42.89791301096336,g5:32MeV(t0 93)
flow0000003,2,67,181.70738073438406,54.709770509479156,0.9000364091298539,0.5523448201342973,81.34225020557642,mixed/absorbed,615.6105147801088,g24:81MeV(t0 264)
flow0000003,2,87,256.151213131845,163.4061499946364,0.9976718259312016,0.8876205085560839,28.7861430644989,mixed/absorbed,546.8336999496516,g0:29MeV(t0 8)
flow0000003,2,290,115.15523827821016,25.451499872305057,0.6252816160210308,0.6650391922447998,38.57249163091183,mixed/absorbed,347.7806575900906,g11:39MeV(t0 126)
flow0000003,2,570,243.5371168628335,30.08270853640066,0.7181684582286408,0.9082407678645023,22.346778839826584,mixed/absorbed,408.88075889943565,g39:22MeV(t0 464)
flow0000003,2,734,229.2984185218811,41.90849003525283,0.8365780775294129,0.743266588693497,58.86856519430876,bad-stitch?(tpc27),194.14032500492166,g18:23MeV(t0 204)
flow0000003,2,885,991.1862604469061,99.67844162137655,0.9127375402626483,0.9787756512938033,21.037282824516296,mixed/absorbed,615.8365207081638,g69:20MeV(t0 789)
flow0000003,2,1559,407.1859014928341,60.34680943819961,0.9004570687381771,0.9136006340316111,35.180603720247746,mixed/absorbed,462.7896767364027,g41:35MeV(t0 506)
flow0000003,3,0,681.3191269263625,285.8699495635746,0.9039105393166,0.9053905314724484,64.4592404961586,mixed/absorbed,210.2673286718937,g1:64MeV(t0 48)
flow0000003,3,50,196.25211653113365,78.27531578993445,0.9819911444696311,0.8688595212137111,25.736596524715424,mixed/absorbed,233.9804769741135,g25:25MeV(t0 288)
flow0000003,3,53,479.17442870140076,262.94259416143893,0.9936220697011766,0.9440673050750451,26.801517136394978,mixed/absorbed,563.244860758599,g70:27MeV(t0 982)
flow0000003,3,94,506.41271797567606,274.06633131260895,0.9988833407823474,0.8266288064575964,87.79737734049559,mixed/absorbed,357.23153883477914,g47:88MeV(t0 535)
flow0000003,3,137,143.88007809966803,73.22434588463184,0.9920076580690944,0.8451351109334693,22.28197233378887,mixed/absorbed,591.7775910750679,g68:22MeV(t0 878)
flow0000003,3,457,577.74601059407,65.64345843837822,0.8584074971208817,0.9401467192799832,34.57999415695667,mixed/absorbed,303.03924727230884,g4:18MeV(t0 78)
flow0000003,3,646,149.63825995475054,18.704537212127207,0.7149604024251617,0.8284867535222311,25.664943762123585,mixed/absorbed,233.79268776286733,g27:26MeV(t0 303)
flow0000003,4,29,246.74048154056072,149.8628253698621,0.9985332185137193,0.9180278247182782,20.225854001939297,mixed/absorbed,47.919653315844336,g24:20MeV(t0 300)
flow0000003,4,38,581.3767470642924,397.759229101422,0.9997544135941437,0.9515990331464305,28.139196664094925,mixed/absorbed,534.9244808531362,g31:28MeV(t0 415)
flow0000003,4,93,728.5991933271289,497.6409159928129,0.9981302897951388,0.8002795590722063,145.51615215092897,bad-stitch?(tpc58),446.1777027724902,g37:146MeV(t0 543)
flow0000003,4,910,2143.177954673767,94.98475020931687,0.912050355985678,0.9647440090767815,75.55986251682043,mixed/absorbed,82.12392940330777,g41:33MeV(t0 602)
flow0000003,4,1074,43.90887863188982,13.731649308361186,0.9238914371977875,0.5204815817750842,21.055116027593613,mixed/absorbed,297.8467125525841,g18:21MeV(t0 259)
flow0000003,4,1157,322.93072724342346,86.34979324890912,0.8585426934964226,0.549200607392019,145.57697569578886,mixed/absorbed,162.43092141500333,g27:138MeV(t0 369)
flow0000003,4,1506,79.89486129581928,26.81813251352051,0.8130399022176952,0.7122958656808405,22.986081905663013,mixed/absorbed,125.31613622927198,g25:23MeV(t0 332)
flow0000003,4,1691,450.6443260014057,47.26582027565142,0.5385514003542297,0.9554542971507562,20.074268236756325,mixed/absorbed,479.5011439067737,g52:20MeV(t0 832)
flow0000003,5,8,475.5546898767352,351.95944980832854,0.9996250770378609,0.936349701783167,30.269197829067707,mixed/absorbed,116.62621443030844,g18:30MeV(t0 178)
flow0000003,5,44,95.0940266251564,40.65668724259048,0.9634922297349554,0.761004793962366,22.727016486227512,mixed/absorbed,200.1099159516484,g22:23MeV(t0 227)
flow0000003,5,91,177.06857337802649,64.83718704206598,0.9760749256824579,0.8593476867842573,24.9051044434309,mixed/absorbed,365.00003490757774,g61:25MeV(t0 643)
flow0000003,5,228,347.2339491993189,70.76224551876892,0.7527062039665127,0.9240839983638935,26.36061305552721,mixed/absorbed,344.79068943345067,g65:22MeV(t0 958)
flow0000003,5,251,181.81151411682367,37.867534855088465,0.8616573482569987,0.8448267544455375,28.212282724678516,mixed/absorbed,471.3671032182322,g56:28MeV(t0 589)
flow0000003,5,434,240.07994888722897,54.26645182388794,0.6681021407525446,0.6085448059459588,93.98054298013449,mixed/absorbed,58.23748928111988,g13:66MeV(t0 120)
flow0000003,5,440,220.54578217864037,50.29080206839981,0.8198821596455595,0.6645789498699096,73.97569786012173,mixed/absorbed,77.40842928205218,g38:61MeV(t0 365)
flow0000003,5,1158,136.13089799135923,27.931366050024863,0.8248816958902714,0.7699651405636848,31.314851984381676,mixed/absorbed,296.8291523642169,g13:31MeV(t0 120)
flow0000003,6,7,237.21256182342768,140.24988978036214,0.9941073193995066,0.8517440061721543,35.16818410158157,mixed/absorbed,425.3283030266965,g38:35MeV(t0 479)
flow0000003,6,123,99.52058229595423,39.92988735824731,0.9430113102956948,0.7401350692595935,25.861909225583076,mixed/absorbed,127.94957713389026,g20:26MeV(t0 267)
flow0000003,6,407,66.48510596901178,14.657961801016125,0.557655818827774,0.5534876477009958,29.686421059072018,mixed/absorbed,584.9110931711099,g52:30MeV(t0 622)
flow0000003,6,610,93.71765460073948,22.728774499090022,0.8603499717351131,0.738627152702199,24.49525022506714,mixed/absorbed,71.50558767513353,g18:24MeV(t0 233)
flow0000003,6,817,62.016991183161736,10.750579493145384,0.826893582332619,0.5961605583366635,25.044907093048096,mixed/absorbed,317.50151523323945,g52:25MeV(t0 622)
flow0000003,6,1089,419.16339821368456,69.68295384256942,0.8547849231057174,0.6239855971779378,157.61147486418486,mixed/absorbed,531.3058162235714,g31:76MeV(t0 392)
flow0000003,6,1199,225.06851591914892,94.27701983207291,0.9035743909658208,0.5844252497155775,93.53279229998589,mixed/absorbed,144.52014505638266,g31:94MeV(t0 392)
flow0000003,6,1378,199.23606003820896,41.96998881391799,0.7839850150916546,0.6424997898267596,71.22693333774805,mixed/absorbed,181.25000187465122,g31:71MeV(t0 392)
flow0000003,6,1470,626.8709038570523,97.65710457211777,0.962207137240908,0.8702901031267541,81.31136029213667,mixed/absorbed,317.80580445459975,g31:81MeV(t0 392)
flow0000003,6,1489,57.54171288013458,12.106892364756922,0.7149753288176496,0.6184189408719906,21.956827744841576,mixed/absorbed,217.72111015815238,g21:22MeV(t0 291)
flow0000003,7,6,795.3315886855125,505.65095080899584,0.9997843761683153,0.5211589648155499,380.8374012410641,mixed/absorbed,78.20410322718661,g38:381MeV(t0 501)
flow0000003,7,367,771.8590454608202,75.79514610553423,0.9432409360965403,0.9199369159531783,61.797415629029274,mixed/absorbed,80.8476857927605,g16:62MeV(t0 198)
flow0000003,7,403,105.33847649395466,27.578006115780823,0.8671667340576368,0.7611249261071051,25.162736356258392,mixed/absorbed,80.9533411391238,g16:25MeV(t0 198)
flow0000003,7,505,948.0875378400087,101.13142585919917,0.8452710434551877,0.8585268616589398,134.12891940027475,mixed/absorbed,177.59282590213576,g16:122MeV(t0 198)
flow0000003,7,809,83.94006244838238,18.374327192474908,0.8445972185825737,0.7546868398462864,20.591601982712746,mixed/absorbed,623.6473045349121,g54:21MeV(t0 736)
flow0000003,7,922,249.86597768217325,27.494544511873116,0.7217870956605278,0.9022780633298375,24.41738724708557,mixed/absorbed,461.6371124591086,g39:24MeV(t0 540)
flow0000003,7,1117,398.4132068455219,71.25703786980887,0.7629064359495343,0.7123641089171492,114.59793777018785,mixed/absorbed,177.56906028211338,g45:115MeV(t0 615)
flow0000003,8,35,389.6823802217841,126.82067805113087,0.9945764556158158,0.927575291823947,28.22263266891241,mixed/absorbed,472.44988034719444,g55:17MeV(t0 621)
flow0000003,8,85,162.1716203764081,40.682223562093924,0.9786621234877652,0.8558404997348225,23.37857975065708,mixed/absorbed,472.6210176071318,g52:20MeV(t0 576)
flow0000003,8,109,119.93289487808943,59.46465326878274,0.9352091348455339,0.5365381890223332,55.58431665599346,mixed/absorbed,132.14958268102504,g8:55MeV(t0 87)
flow0000003,8,120,796.0141936913133,498.12803125189305,0.9926954158195551,0.5928085164536687,324.1302004531026,bad-stitch?(tpc52),458.51366119881794,g35:324MeV(t0 393)
flow0000003,8,122,381.16859305649996,228.98546750809578,0.9999628165020392,0.9151490605267995,32.34251321852207,mixed/absorbed,394.95848867127694,g40:32MeV(t0 457)
flow0000003,8,143,96.73424112796783,29.661703073727423,0.9596154132878021,0.7735030093307871,21.910014510154724,mixed/absorbed,261.25352098418443,g36:22MeV(t0 399)
flow0000003,8,187,84.4266659617424,42.199977483432406,0.9122379778396574,0.6451040354311511,29.96268305182457,mixed/absorbed,286.36863911946614,g5:30MeV(t0 56)
flow0000003,8,957,279.29301685094833,44.07679691022949,0.768978872396358,0.7045149536769705,82.52691002190113,mixed/absorbed,505.5568622162245,g37:83MeV(t0 406)
flow0000003,8,1049,194.45092337578535,38.115838910789705,0.58423623525925,0.6268115314886386,72.56684229522943,mixed/absorbed,603.697267735258,g33:73MeV(t0 371)
flow0000003,9,14,82.96287756413221,23.14300924325287,0.9729171379947752,0.6847340847933695,26.155367523431778,mixed/absorbed,541.7025069173177,g74:25MeV(t0 779)
flow0000003,9,54,514.7424424365163,280.04098920839476,0.9868299050072136,0.9559950336309693,22.651223868131638,mixed/absorbed,13.348354794871268,g22:23MeV(t0 186)
flow0000003,9,61,339.45595183223486,173.01562097236769,0.9950228301082285,0.9104793995702616,30.388300627470016,mixed/absorbed,452.27597820679523,g8:30MeV(t0 62)
flow0000003,9,68,48.5069230645895,22.729220658579326,0.9635624269908175,0.5102236374162767,23.757544338703156,mixed/absorbed,177.54353462381565,g33:22MeV(t0 289)
flow0000003,9,92,259.6518530547619,159.50234592341343,0.9969778882554771,0.817296525774947,47.43929564207792,mixed/absorbed,408.2894390318691,g37:36MeV(t0 319)
flow0000003,9,145,137.93607458472252,63.807911057173285,0.9810102482905556,0.8006168898717766,27.502123549580574,mixed/absorbed,598.863354533708,g24:15MeV(t0 203)
flow0000003,9,434,934.0133168250322,74.91267503814025,0.7825778968863469,0.7668519100263748,217.7634208276868,mixed/absorbed,452.1587990106321,g17:199MeV(t0 140)
flow0000003,9,537,214.46930176764727,46.54552851378385,0.7468915332130543,0.6948201359909473,65.45171234756708,mixed/absorbed,359.05774222671715,g6:65MeV(t0 41)
flow0000003,9,733,1876.8265586793423,66.4090141539031,0.7026714084209315,0.9853898289014066,27.42075714468956,mixed/absorbed,139.52716364358602,g27:16MeV(t0 224)
flow0000003,9,1748,374.769991569221,71.3237114584585,0.6081157917141141,0.7746369474948492,84.45930928736925,mixed/absorbed,515.1065114671628,g11:84MeV(t0 85)
flow0000004,0,0,1661.0269154459238,495.3079384161168,0.9821186888464191,0.6073236122944088,652.2460490390658,mixed/absorbed,481.0353927802801,g14:335MeV(t0 172)
flow0000004,0,5,367.4914899021387,68.41133869077646,0.6592277544993254,0.7355461515988548,97.18453875929117,bad-stitch?(tpc28),60.635543987094955,g35:73MeV(t0 387)
flow0000004,0,31,244.82942228019238,129.09212152382287,0.9920596960457756,0.7612963591182669,58.44167449325323,mixed/absorbed,571.9699984547594,g19:58MeV(t0 227)
flow0000004,0,52,87.87492074072361,32.34981449487152,0.8919642809330723,0.731587901447109,23.5866918861866,mixed/absorbed,481.36128212423887,g62:24MeV(t0 632)
flow0000004,0,60,233.20620784163475,55.994071321030354,0.9472970272589784,0.890777687319871,25.47132135182619,mixed/absorbed,115.78109154574466,g57:22MeV(t0 590)
flow0000004,0,63,374.5456364750862,56.77073690417532,0.9496365068701857,0.88380066393855,43.52195428311825,mixed/absorbed,223.3252066566434,g5:44MeV(t0 62)
flow0000004,0,170,114.75987382978201,37.68341487458997,0.8849497927352354,0.7171330482772559,32.461775690317154,mixed/absorbed,134.6958225795201,g59:32MeV(t0 612)
flow0000004,0,187,282.5721697434783,70.06292005374821,0.9651459821152718,0.9131741104510837,24.534579999744892,mixed/absorbed,287.29805634353335,g33:25MeV(t0 369)
flow0000004,0,311,62.75501700490713,14.315965660763407,0.6387776961140288,0.6761105151749092,20.325690127909184,mixed/absorbed,265.83288921573296,g14:16MeV(t0 172)
flow0000004,0,382,1790.5558722242713,95.67727908304923,0.8258753550387584,0.811246496850256,337.97369346767664,mixed/absorbed,171.8597698976101,g22:336MeV(t0 265)
flow0000004,0,499,2316.5191478282213,96.96597944165524,0.8095201419765757,0.5347098295001812,1077.853589259088,mixed/absorbed,171.98111682317153,g22:1078MeV(t0 265)
flow0000004,0,831,474.2165310382843,72.95113006634625,0.9284410501376037,0.8890032018427336,52.6365165784955,mixed/absorbed,223.32170891704604,g46:52MeV(t0 495)
flow0000004,0,1082,1229.2865145280957,68.58563244348917,0.4588777773161837,0.9781594201175838,26.848330318927765,mixed/absorbed,229.14341255282358,g54:25MeV(t0 568)
flow0000004,0,1404,436.0252301618457,54.12064296793115,0.6023139711908335,0.6648811691744131,146.12026534229517,mixed/absorbed,60.670350595194215,g35:143MeV(t0 387)
flow0000004,0,1442,80.63670736551285,25.842997835930397,0.8650086594294618,0.6225985908157791,30.4324069917202,mixed/absorbed,602.5145454406738,g61:30MeV(t0 623)
flow0000004,0,1549,161.69329876452684,42.97431086325298,0.8346073857280596,0.5187354909771688,77.81724604219198,mixed/absorbed,386.6162057851816,g22:67MeV(t0 265)
flow0000004,0,1567,224.16568528860807,38.36392401831957,0.7893279565256104,0.9036640255131908,21.595219738781452,mixed/absorbed,599.4559267703618,g67:22MeV(t0 728)
flow0000004,1,6,5232.619096174836,298.4863722481139,0.9970652274135273,0.9433167600786546,296.6018036454916,bad-stitch?(tpc31),399.53293091151556,g35:297MeV(t0 410)
flow0000004,1,7,2214.747686088085,274.6986142025786,0.9820942810547563,0.8233308731770278,391.27753983438015,mixed/absorbed,196.56146637544086,g5:391MeV(t0 80)
flow0000004,1,13,1813.7081738039851,239.94183070987262,0.9938270741009143,0.9150833482394654,154.01402539014816,bad-stitch?(tpc48),399.71699459086733,g35:154MeV(t0 410)
flow0000004,1,29,123.76329673081636,57.497154809052525,0.9809639619653245,0.8249882930979466,21.66002581268549,mixed/absorbed,7.189882241875116,g6:22MeV(t0 94)
flow0000004,1,129,156.7266431748867,48.55933733925367,0.9299141468394958,0.7405248671440231,40.66666655987501,mixed/absorbed,12.159468957805382,g45:41MeV(t0 497)
flow0000004,1,186,71.10448731482029,23.250808550652284,0.825333299729617,0.7019455529925223,21.19300864636898,mixed/absorbed,92.81404675292968,g21:21MeV(t0 279)
flow0000004,1,397,62.89895948022604,20.098726458756353,0.8728069779849631,0.665670100398951,21.02900280803442,mixed/absorbed,225.88725982936083,g32:21MeV(t0 390)
flow0000004,1,472,251.34727987647057,31.22844040313334,0.7016630941820047,0.9007875040754199,24.936790980398655,mixed/absorbed,255.20241677469028,g37:25MeV(t0 428)
flow0000004,1,796,96.52708563953638,37.16527876285601,0.7912619049428438,0.7906574715122515,20.207224175333977,mixed/absorbed,225.83902145746185,g34:20MeV(t0 400)
flow0000004,1,848,388.263021171093,67.61493210859344,0.5414447155531564,0.6116683047014015,150.77483723312616,mixed/absorbed,92.51081762377848,g56:151MeV(t0 611)
flow0000004,1,1289,1697.1759336665273,94.06239494673883,0.6630417223880417,0.7255795211679948,465.7398323789239,bad-stitch?(tpc37),196.54064601408075,g34:444MeV(t0 400)
flow0000004,1,1303,109.28145442903042,30.56271936336655,0.7486267563620441,0.8126131048686326,20.477912440896034,mixed/absorbed,560.1265302581103,g60:20MeV(t0 706)
flow0000004,1,1399,1717.8785199522972,97.82813554186285,0.9395844363612795,0.9678152881505581,55.289425157010555,mixed/absorbed,196.65354757390324,g5:55MeV(t0 80)
flow0000004,1,1577,714.4620673209429,65.08496175568584,0.8061108421629538,0.9185550939523671,58.18929594755173,mixed/absorbed,399.4053658435219,g6:47MeV(t0 94)
flow0000004,1,1651,2325.890373945236,97.78554642063798,0.9059653531688108,0.8588045389865505,328.405163615942,mixed/absorbed,399.5569892793251,g19:312MeV(t0 252)
flow0000004,1,1739,2648.7727063968778,96.38039903996173,0.9526757462202562,0.9516135557707547,128.16469283401966,mixed/absorbed,399.7322418040685,g35:72MeV(t0 410)
flow0000004,1,1837,156.72871002554893,44.04622990306433,0.8138586624130673,0.6055806120310024,61.8168418854475,mixed/absorbed,120.53512221116286,g53:54MeV(t0 579)
flow0000004,10,0,551.4930380955338,179.6685672295801,0.9570632984391251,0.5997866299084372,220.71488735824823,bad-stitch?(tpc9),391.19181256133004,g20:221MeV(t0 249)
flow0000004,10,246,1397.425546683371,74.93157528770962,0.7982361560430357,0.9852690599012592,20.585392020642757,mixed/absorbed,191.8209497952382,g17:21MeV(t0 205)
flow0000004,10,365,238.3263656795025,61.88883795072692,0.7811186430051928,0.7070030110374573,69.8289075344801,mixed/absorbed,614.1727204850577,g20:58MeV(t0 249)
flow0000004,10,798,158.4450372979045,41.37172255443623,0.8840314121031152,0.867078895313661,21.060689389705658,mixed/absorbed,573.7558683598708,g29:16MeV(t0 352)
flow0000004,10,1292,223.88034952431917,67.65729943289239,0.6653179406346762,0.910279361264135,20.086687959730625,mixed/absorbed,547.6368897545856,g60:20MeV(t0 736)
flow0000004,10,1514,356.5208000391722,70.36294648108273,0.7795487045274471,0.9209160135022629,28.195086136460304,mixed/absorbed,401.8161976975661,g55:28MeV(t0 670)
flow0000004,11,156,206.92935025691986,42.784913953269665,0.7369619358550639,0.7854466146993991,44.397392615675926,mixed/absorbed,279.90167347897767,g14:44MeV(t0 195)
flow0000004,11,264,129.0780277773738,41.33293876450378,0.753577134223102,0.6173681219464033,49.38936818391085,mixed/absorbed,532.4062891063576,g17:49MeV(t0 234)
flow0000004,11,279,343.1928868815303,51.90057596980999,0.7614477706183862,0.8347602489284778,56.70910719782114,mixed/absorbed,531.003979278297,g41:57MeV(t0 499)
flow0000004,11,589,827.8054543435574,77.44534147076749,0.7703941583427588,0.6977840686474451,250.175996363163,mixed/absorbed,437.2353341711363,g14:250MeV(t0 195)
flow0000004,11,656,175.88980370014906,61.75371832861008,0.9227252431365629,0.8702949474205834,22.81379623711109,mixed/absorbed,357.8240167108506,g30:23MeV(t0 383)
flow0000004,2,8,274.3486506640911,187.10410936103807,0.9983699418725466,0.924883312468348,20.608161866664886,mixed/absorbed,475.11963690561515,g11:21MeV(t0 126)
flow0000004,2,35,525.9878058433533,381.2364653932516,0.9980750555099042,0.9396082777538336,31.7653094753623,mixed/absorbed,477.6754236757921,g49:32MeV(t0 517)
flow0000004,2,94,85.21134503185749,28.379332731452056,0.9305579622760598,0.6738285065683858,27.793511666357517,mixed/absorbed,158.66614393754438,g44:28MeV(t0 450)
flow0000004,2,109,279.97116900235415,132.80159619320722,0.9894606597221232,0.9087656971842466,25.542974412441254,mixed/absorbed,158.7186357990001,g18:26MeV(t0 198)
flow0000004,2,185,318.9256497621536,50.091029313041155,0.773106914503154,0.9362812304466958,20.321549981832504,mixed/absorbed,479.4623903465556,g65:20MeV(t0 751)
flow0000004,2,342,52.604830369353294,11.603341645270232,0.6583807157664916,0.554506572428532,23.435106188058853,mixed/absorbed,603.4273707798549,g64:23MeV(t0 743)
flow0000004,2,505,115.62846607714891,23.57512312623477,0.711777413907674,0.7798270131095073,25.458264745771885,mixed/absorbed,259.94183742947047,g30:25MeV(t0 307)
flow0000004,2,565,266.0348448380828,39.00658697844697,0.7701340064129377,0.9201459435662566,21.24396151304245,mixed/absorbed,210.06743532611478,g41:21MeV(t0 421)
flow0000004,2,922,769.5545341819525,95.009613162267,0.8182411806523391,0.9521584547207946,36.81667809188366,mixed/absorbed,158.67582715415014,g22:20MeV(t0 232)
flow0000004,2,1037,103.86035817116499,25.749559790058377,0.8043274083449166,0.49683260809812924,52.25914554297924,mixed/absorbed,376.8278857891376,g45:23MeV(t0 461)
flow0000004,3,37,609.6721493378282,226.09794110899222,0.7023561799718196,0.9643517440406943,21.733748830854893,mixed/absorbed,458.26224617241104,g55:22MeV(t0 560)
flow0000004,3,468,1734.9615211859345,94.77721334070114,0.7271574570445962,0.9780621256238798,38.06136789917946,mixed/absorbed,422.54805982692704,g74:22MeV(t0 915)
flow0000004,4,44,83.2184398919344,33.493158522510946,0.9730267236687156,0.7287782100020211,22.57065422832966,mixed/absorbed,454.5869754965788,g47:23MeV(t0 515)
flow0000004,4,296,361.7275743111968,37.96224865693605,0.8716978867171244,0.9402082091663401,21.62833946198225,mixed/absorbed,597.5988986644765,g14:17MeV(t0 138)
flow0000004,4,355,516.6119420081377,66.9034565967718,0.7430296798793985,0.9343186416282709,33.931774102151394,mixed/absorbed,245.74847611481823,g32:19MeV(t0 346)
flow0000004,4,455,2979.47730422765,84.22239236296059,0.7825766748955351,0.9911845096078888,26.265553548932076,mixed/absorbed,454.57151540000484,g45:26MeV(t0 492)
flow0000004,5,31,648.8970015272498,456.22554198629314,0.9997503217568193,0.8453507455605886,100.35143749415874,bad-stitch?(tpc10),478.7887618560791,g46:100MeV(t0 592)
flow0000004,5,42,672.1173043623567,257.43495486463047,0.9936037730717059,0.5099116747718914,329.3968440517783,bad-stitch?(tpc15),379.9057178733958,g15:328MeV(t0 218)
flow0000004,5,48,330.75888595730066,71.6541381156284,0.9711927658953443,0.9343933195710145,21.699992530047894,mixed/absorbed,592.6208837865167,g31:22MeV(t0 455)
flow0000004,5,53,209.5903758481145,33.83539434575347,0.9257916364367365,0.8995841319989156,21.04619951546192,mixed/absorbed,592.9287440802461,g56:21MeV(t0 713)
flow0000004,5,63,134.28973810374737,29.110649994867188,0.8819511373194704,0.7643035070254415,31.6516203135252,mixed/absorbed,337.61643567063294,g39:32MeV(t0 520)
flow0000004,5,254,254.03155850619078,58.35359589457754,0.8993259667080759,0.9154914564964137,21.467837013304234,mixed/absorbed,611.7924411237732,g53:21MeV(t0 689)
flow0000004,5,359,937.8378271758556,96.88402279236433,0.8635029632704783,0.9619814178515048,35.65526447445154,mixed/absorbed,163.3288615465666,g48:36MeV(t0 613)
flow0000004,5,425,182.17328207939863,22.878176436587204,0.7160012520400453,0.6452658359983584,64.62308692187071,mixed/absorbed,263.54882919370897,g46:65MeV(t0 592)
flow0000004,5,439,4214.914501644671,98.44706840016846,0.8309059694665987,0.8971373326188394,433.5573484227061,mixed/absorbed,592.6324202938664,g31:316MeV(t0 455)
flow0000004,5,882,45.14608493447304,19.86210592372826,0.876655533935758,0.510337531413984,22.106343396008015,bad-stitch?(tpc19),223.5330541701544,g16:22MeV(t0 230)
flow0000004,5,1499,910.5452498495579,95.63994706417921,0.8615040243832511,0.9662018461715218,30.774748422205448,mixed/absorbed,294.4046774570603,g20:30MeV(t0 331)
flow0000004,5,1759,218.6417278572917,41.53449810938226,0.6516515838343305,0.6853978238540908,68.78516338020563,mixed/absorbed,230.28846962221206,g18:68MeV(t0 295)
flow0000004,6,0,330.3453727439046,202.32311486275728,0.982085127366052,0.8384367384336343,53.37167586386204,mixed/absorbed,407.9549080415902,g47:53MeV(t0 567)
flow0000004,6,35,152.62204622477293,71.78399108376061,0.9827063064760658,0.855756178372867,22.0147872120142,mixed/absorbed,347.44346267298647,g40:21MeV(t0 431)
flow0000004,6,133,751.9416339918971,500.11538711782475,0.9999712791972122,0.9712366777832668,21.628339506685734,mixed/absorbed,585.4830618165895,g30:22MeV(t0 318)
flow0000004,6,368,148.75709119439125,28.511929871240802,0.6337180216471958,0.8263500862630725,25.8316560536623,mixed/absorbed,47.56716504911097,g7:26MeV(t0 84)
flow0000004,6,413,617.8418443500996,86.30155157235276,0.9119239898023603,0.9281824037156943,44.37191614508629,mixed/absorbed,567.8398531428575,g4:44MeV(t0 47)
flow0000004,6,782,467.03786727786064,90.72609601031496,0.9504979217419043,0.8706316247166455,60.41993008553982,mixed/absorbed,593.9974039156143,g50:27MeV(t0 616)
flow0000004,6,852,58.07210319489241,17.894932956520705,0.8665259966281624,0.6503952439060534,20.302283473312855,mixed/absorbed,224.4417239329854,g34:20MeV(t0 374)
flow0000004,6,1222,285.6333387121558,63.4490599595663,0.9145835240163404,0.9278320402910467,20.613575279712677,mixed/absorbed,574.9264193534851,g59:21MeV(t0 705)
flow0000004,7,76,332.95624127984047,148.26652378033947,0.9931654764262906,0.5295367243584247,156.64368391782045,bad-stitch?(tpc37),21.608056732412084,g23:157MeV(t0 283)
flow0000004,7,739,2019.86718403548,97.40581551438834,0.8685053739500188,0.9036441222362867,194.62607548385859,mixed/absorbed,282.5627548707628,g1:157MeV(t0 18)
flow0000004,7,851,68.14044705033302,23.675650676027235,0.776986195304553,0.6744738166506247,22.181499660015106,mixed/absorbed,596.9713044868884,g53:22MeV(t0 675)
flow0000004,7,971,83.81092981994152,24.150342318021348,0.8366070527534767,0.6898220959967987,25.996298544108868,mixed/absorbed,290.8410171697169,g36:26MeV(t0 450)
flow0000004,8,0,788.2054576650262,308.36080121280634,0.9860931789107535,0.5502512093338991,354.4944513812661,mixed/absorbed,180.7019419754233,g14:335MeV(t0 194)
flow0000004,8,133,713.634417898953,501.0791938794316,0.9992208961185928,0.5690811534893558,307.51852019131184,bad-stitch?(tpc58),413.5596292478229,g44:307MeV(t0 582)
flow0000004,8,440,282.35116047412157,64.11866797107024,0.665149360606753,0.901164194353325,27.906404420733452,mixed/absorbed,192.9881894603279,g26:28MeV(t0 344)
flow0000004,8,1153,400.79128769785166,60.13038950848644,0.792269648331327,0.944473777997438,22.254426017403603,mixed/absorbed,13.144018878781699,g3:22MeV(t0 66)
flow0000004,8,1192,2284.812755867839,96.78833745937172,0.8218810034342381,0.9856157052645921,32.86542009562254,mixed/absorbed,13.30540014832344,g3:32MeV(t0 66)
flow0000004,9,1,2289.5504466295242,419.01412067368074,0.8666265667541941,0.9888924243009704,25.43135490268469,mixed/absorbed,136.24239837165163,g46:16MeV(t0 578)
flow0000004,9,2,872.7029811367393,134.44726263132353,0.8335634015314198,0.9770457622452386,20.032231718301773,mixed/absorbed,577.4425448888254,g45:19MeV(t0 562)
flow0000004,9,6,160.08732096850872,69.52711382296681,0.9266667429039005,0.6409811889456571,57.47435963898897,mixed/absorbed,607.5319577730619,g10:57MeV(t0 137)
flow0000004,9,7,405.89456421881914,121.04174597807909,0.8307143204430595,0.9046926196500839,38.684747613966465,mixed/absorbed,489.0354756988604,g35:37MeV(t0 448)
flow0000004,9,33,348.9388092905283,81.90827554617279,0.9990628724031945,0.9401866276162966,20.87120693922043,mixed/absorbed,577.3465272092534,g10:21MeV(t0 137)
flow0000004,9,45,134.43670699745417,25.880403573120468,0.9126289098067881,0.764422598206528,31.67025014013052,mixed/absorbed,577.582757984011,g10:32MeV(t0 137)
flow0000004,9,62,291.68402422964573,47.428100243316365,0.9260766889570401,0.8749039929573086,36.48850674927235,mixed/absorbed,136.05889591803918,g45:36MeV(t0 562)
flow0000004,9,122,650.8617152944207,467.03641951233726,0.9993120121979698,0.9577695238474065,27.486200146377087,mixed/absorbed,516.9545232955305,g5:19MeV(t0 41)
flow0000004,9,388,4952.119663581252,117.19865191230835,0.7096918983957404,0.5821621908533773,2069.182830862701,mixed/absorbed,136.08847508169606,g46:1604MeV(t0 578)
flow0000004,9,506,1342.3619114011526,69.42677375551408,0.4632668310735237,0.8314291341179528,226.28310973197222,mixed/absorbed,136.2370950712943,g46:218MeV(t0 578)
flow0000004,9,524,1058.6928170472383,95.0520931593063,0.9027317659978037,0.9353523283409962,68.4420256242156,bad-stitch?(tpc14),577.5305155793867,g45:51MeV(t0 562)
flow0000004,9,728,385.6330414786935,47.39518630828822,0.6657075614778616,0.5536588695485775,172.12388767302036,mixed/absorbed,577.6990292929053,g10:172MeV(t0 137)
flow0000004,9,989,150.90094323456287,17.43523453096871,0.7730328998799697,0.8311501517836666,25.479601360857487,mixed/absorbed,137.34177489327914,g23:25MeV(t0 317)
flow0000004,9,1052,746.8238554224372,61.48472651307307,0.6392164029569712,0.9398176479708984,44.94561617076397,mixed/absorbed,132.4194148180059,g49:31MeV(t0 610)
flow0000004,9,1181,869.0819598585367,79.7857337658754,0.8577652940275057,0.8514806580469055,129.07548078149557,mixed/absorbed,144.30490864861187,g13:129MeV(t0 194)
flow0000004,9,1241,295.72588930279016,95.12607407650538,0.9277795537817562,0.6037864736738563,117.1705974265933,mixed/absorbed,468.75421501933664,g16:114MeV(t0 217)
flow0000004,9,1243,375.25977885723114,94.76471321304987,0.866339496896022,0.6595953021862018,127.74019162356853,mixed/absorbed,468.7643536892289,g17:126MeV(t0 233)
flow0000004,9,1262,199.5812676101923,80.01056354263334,0.7155722059538241,0.6272895276995747,74.38602851331234,mixed/absorbed,220.9452093194632,g0:74MeV(t0 7)
flow0000005,0,116,136.99996986985207,57.97520082900854,0.9802901831450069,0.6828095814108167,43.45507778972387,mixed/absorbed,372.4160477422899,g6:38MeV(t0 73)
flow0000005,0,1551,70.17045249044895,23.612432612716944,0.8651884795328775,0.6897524336640061,21.77021211385727,mixed/absorbed,440.1282131852775,g34:22MeV(t0 458)
flow0000005,1,20,211.1891929283738,44.69341390705573,0.8830764157739049,0.8784967796053623,25.660167053341866,mixed/absorbed,31.214845962240794,g5:26MeV(t0 78)
flow0000005,1,81,172.98021937161684,49.440211209978,0.924274187635141,0.756336733471167,42.14892529696226,mixed/absorbed,4.849710143869079,g14:39MeV(t0 186)
flow0000005,1,97,259.6286008581519,40.059937833720866,0.8951578639148959,0.7926803386029176,53.82611361891031,mixed/absorbed,160.17473673597675,g53:54MeV(t0 614)
flow0000005,1,108,727.2854011133313,510.1990000876099,0.9995299275282529,0.9420083621144681,42.17647162079811,mixed/absorbed,515.2836419944417,g27:42MeV(t0 327)
flow0000005,1,151,664.8618956431746,401.42255137995835,0.9997932486859484,0.9258422555569267,49.3046585470438,mixed/absorbed,494.35468282671997,g21:45MeV(t0 254)
flow0000005,1,154,361.30402586609125,244.41873945196903,0.995268873262599,0.9383708888642498,22.26684596389532,mixed/absorbed,458.4140100565736,g40:22MeV(t0 494)
flow0000005,1,425,251.5737048536539,39.19969120085848,0.5933012705776785,0.9011287055563779,24.8734178468585,mixed/absorbed,124.07182229111676,g12:17MeV(t0 161)
flow0000005,1,508,223.86092294752598,38.20315346317567,0.8461627084769541,0.6392184686615008,80.7648865878582,mixed/absorbed,225.78936737233943,g29:79MeV(t0 360)
flow0000005,1,547,1937.460494093597,96.26310563815782,0.9483078617860236,0.8934058044329135,206.5220428109169,mixed/absorbed,285.23856759096634,g14:206MeV(t0 186)
flow0000005,1,925,72.02817200124264,25.790598582439515,0.8770377691400478,0.5257926826647354,34.15628621727228,mixed/absorbed,129.9309539794922,g27:34MeV(t0 327)
flow0000005,1,981,171.96656927466393,28.12936872343489,0.7167554385571012,0.690857759048834,53.16213059425354,mixed/absorbed,326.11875707452947,g53:41MeV(t0 614)
flow0000005,1,1029,131.32665461301804,37.232927400455765,0.903981056205075,0.7582665667186941,31.746043100953102,mixed/absorbed,65.40705655504773,g32:29MeV(t0 386)
flow0000005,1,1136,103.93121437728405,15.61188276496689,0.7039476647845835,0.5210297852206262,49.77995607256889,mixed/absorbed,166.31867580726498,g15:50MeV(t0 195)
flow0000005,1,1460,350.58682581037283,96.86209408829829,0.956187090981306,0.39167756539047605,213.2698314189911,mixed/absorbed,195.45540448193137,g40:111MeV(t0 494)
flow0000005,1,1695,1281.9066305160522,99.87348125491755,0.7447888061898524,0.8825948830691603,150.50239785015583,mixed/absorbed,325.87866669508514,g9:151MeV(t0 122)
flow0000005,10,52,116.50693070888519,38.400572198450696,0.9576157772583165,0.8169554015008289,21.325964353978634,mixed/absorbed,125.5267309391455,g12:21MeV(t0 134)
flow0000005,10,668,103.7535153478384,22.3019202146642,0.8501790940762576,0.5732035394145514,44.281633123755455,mixed/absorbed,122.87118356368121,g13:23MeV(t0 146)
flow0000005,10,674,2909.0944377332926,97.92735993743582,0.6111227889172802,0.9831815392318253,48.9264906719327,mixed/absorbed,490.2146359623855,g64:26MeV(t0 653)
flow0000005,11,34,365.4535270407796,267.0206413274917,0.9963588211662024,0.943307845132774,20.71834795176983,mixed/absorbed,231.50478222427108,g23:21MeV(t0 269)
flow0000005,11,77,499.46795935183764,337.77599307407127,0.9951333213538095,0.9169748901740347,41.46838217973709,mixed/absorbed,6.3494847282757165,g20:39MeV(t0 229)
flow0000005,11,113,226.19680673629045,105.66678284869806,0.9946674119855599,0.7593805097151237,54.42736034095287,mixed/absorbed,87.31078922220279,g46:54MeV(t0 531)
flow0000005,11,648,179.2590810507536,34.6625807020358,0.7336381765825071,0.7634804501948764,42.39827714860439,mixed/absorbed,274.26560499754595,g25:32MeV(t0 291)
flow0000005,11,682,417.38290790468454,94.4733240687063,0.7994829810957499,0.5507498059100727,187.50935238599777,mixed/absorbed,378.01233990202223,g12:102MeV(t0 137)
flow0000005,11,765,447.32154869288206,101.80592369176676,0.8259814027140098,0.6798324401225165,143.21784872561693,mixed/absorbed,226.7517458146909,g37:126MeV(t0 396)
flow0000005,11,903,361.9926871135831,65.06568716995392,0.9039452421795305,0.534573318217932,168.48105519264936,mixed/absorbed,446.2656255486306,g9:168MeV(t0 96)
flow0000005,11,1268,176.34599346667528,39.8160869054963,0.849918362172219,0.5706770745703645,75.70937780290842,mixed/absorbed,193.1839057948581,g8:76MeV(t0 82)
flow0000005,11,1300,487.0027458667755,69.36748715657147,0.736759559891995,0.8121165425185206,91.49975969642401,mixed/absorbed,193.35765150017818,g45:91MeV(t0 525)
flow0000005,2,65,411.6059321910143,258.8118534248317,0.9997491182077186,0.9194588009199535,33.151235327124596,mixed/absorbed,158.7043588442494,g18:20MeV(t0 226)
flow0000005,2,617,2616.4636279940605,97.94489441236912,0.7375619189450443,0.9604314623337682,103.52963961660862,mixed/absorbed,620.204630959879,g24:84MeV(t0 292)
flow0000005,3,18,204.45700800418854,58.28349496541694,0.9379888480695698,0.8675998630791366,27.070135854184628,mixed/absorbed,176.35620829064075,g16:26MeV(t0 228)
flow0000005,3,116,393.5849234610796,280.6705034880559,0.9981390962194867,0.9384462406090193,24.226631678640842,mixed/absorbed,500.47939170663113,g30:23MeV(t0 400)
flow0000005,3,320,104.84550576657057,25.473292988636192,0.7850516432090294,0.766551904721757,24.47598361968994,bad-stitch?(tpc12),616.4711709801419,g51:24MeV(t0 626)
flow0000005,3,533,590.7347653657198,75.69457262523986,0.9309279106338323,0.9583488209694873,24.60479947179556,mixed/absorbed,13.210767747210218,g9:24MeV(t0 129)
flow0000005,3,889,1238.8028126507998,75.32591910061508,0.7168701623266746,0.9667367480298927,41.20661009848118,mixed/absorbed,392.3179523136838,g40:21MeV(t0 527)
flow0000005,3,900,115.24536148458719,24.636724414822982,0.8464005988186198,0.5723811214042029,49.28109224140644,mixed/absorbed,392.2867986505682,g18:49MeV(t0 249)
flow0000005,3,1025,117.55178838223219,49.45560907199288,0.875337876416552,0.8209325183934468,21.04970270395279,bad-stitch?(tpc38),406.8184815659353,g58:21MeV(t0 863)
flow0000005,3,1169,48.79974464327097,21.99052454796642,0.8188952682236407,0.5447539115490594,22.215892866253853,mixed/absorbed,129.9861646953382,g16:20MeV(t0 228)
flow0000005,3,1347,142.9129237756133,36.958195869771686,0.8771712716949567,0.8153449511350135,26.389592923223972,mixed/absorbed,378.03627258692035,g54:26MeV(t0 698)
flow0000005,3,1349,631.9442400112748,95.99514293428389,0.7143536434145223,0.8084389028477954,121.05593195557594,mixed/absorbed,344.77890499251674,g3:121MeV(t0 35)
flow0000005,4,3,1601.2684028819203,161.20776251506052,0.9905337606651953,0.8849937733571608,184.15583685785532,mixed/absorbed,146.79600026788682,g41:184MeV(t0 478)
flow0000005,4,4,1786.5600205510855,103.16666625091626,0.8536312204070712,0.8516934122581504,264.95862044394016,mixed/absorbed,478.33886997094385,g11:265MeV(t0 149)
flow0000005,4,12,502.3200643360615,343.1696777112363,0.9967776783205948,0.5867017910619924,207.60798290371895,bad-stitch?(tpc5),583.1542953476525,g38:208MeV(t0 451)
flow0000005,4,42,79.49742701649666,25.848267182375665,0.8966568732689768,0.687176776159848,24.868641406297684,mixed/absorbed,76.45447192671736,g7:25MeV(t0 83)
flow0000005,4,119,69.24310429394245,28.219682102159915,0.9555996748177151,0.6115539053544894,26.89721344411373,mixed/absorbed,580.6228432168766,g54:27MeV(t0 595)
flow0000005,4,248,515.0408309772611,98.14908747376856,0.8559235278402294,0.5655716321444205,223.7483475804329,mixed/absorbed,583.4819081624349,g38:224MeV(t0 451)
flow0000005,4,591,1610.005282446742,93.93953090498255,0.7460018277051449,0.8880854089309212,180.18308280408382,mixed/absorbed,504.53123623624003,g11:180MeV(t0 149)
flow0000005,4,694,1316.0778831541538,77.65229223840086,0.7744927473475044,0.9799258010016046,26.419209323823452,mixed/absorbed,504.7699373362667,g41:25MeV(t0 478)
flow0000005,4,1018,3002.6915512681007,100.68588511782491,0.8880604756669023,0.6034613374019121,1190.6832919344306,mixed/absorbed,478.3706955489535,g11:1057MeV(t0 149)
flow0000005,4,1130,1143.3277521207929,98.46521733925414,0.8633330487598593,0.6652006417637704,382.7853976637125,mixed/absorbed,478.57714435212887,g11:331MeV(t0 149)
flow0000005,4,1151,54.42544998973608,19.192009073800968,0.7832237893282356,0.5788003166866337,22.923982299864292,mixed/absorbed,478.4896228645421,g11:23MeV(t0 149)
flow0000005,4,1165,995.1900536492467,68.57779992851744,0.8751591613121736,0.8756388526983212,123.7629768550396,mixed/absorbed,505.00540838942584,g41:123MeV(t0 478)
flow0000005,4,1625,415.4165913313627,44.260051807061046,0.7895892750105081,0.9404606944336618,24.73361536860466,mixed/absorbed,354.4060711601214,g28:25MeV(t0 342)
flow0000005,4,1758,135.213106200099,41.66680910585647,0.5602820048806695,0.8235571913350734,23.857380226254463,mixed/absorbed,170.39556767750372,g14:24MeV(t0 179)
flow0000005,5,57,237.05062562972307,61.518464717512416,0.9459163927429307,0.6701252856118827,78.19700742512941,mixed/absorbed,259.7965553618174,g2:78MeV(t0 34)
flow0000005,5,156,269.04665756225586,147.72005406425995,0.9960809808661495,0.8385518523179544,43.43708450347185,mixed/absorbed,12.967213376363118,g34:43MeV(t0 366)
flow0000005,5,496,1588.8312245979905,95.90339285011416,0.9367393195257113,0.9808217891675786,30.470940202474594,mixed/absorbed,169.3313695840189,g17:29MeV(t0 203)
flow0000005,5,671,800.2276947647333,67.6643718089205,0.6059339502438075,0.9100986469810993,71.94155248254538,mixed/absorbed,394.66955323871815,g2:68MeV(t0 34)
flow0000005,5,807,294.3597061932087,97.5055847186517,0.9072528346260166,0.494961487043295,148.6629882901907,mixed/absorbed,301.54968378302755,g52:144MeV(t0 601)
flow0000005,5,834,353.7930521965027,85.55626922300368,0.8535062076160582,0.6484840330221433,124.36390685290098,mixed/absorbed,589.273048905428,g24:116MeV(t0 297)
flow0000005,5,1191,136.76542538404465,22.611963304366554,0.7883361488223605,0.8197071918958604,24.657822594046593,mixed/absorbed,610.5836006496263,g76:25MeV(t0 1016)
flow0000005,5,1361,148.3623627126217,43.31684129716599,0.8234619145591902,0.5927038908064508,60.42741308361292,mixed/absorbed,617.770102139177,g8:60MeV(t0 117)
flow0000005,5,1543,75.60126207023859,26.733892720536105,0.861329764844464,0.7217884702995382,21.033142767846584,mixed/absorbed,294.50213426159274,g67:21MeV(t0 836)
flow0000005,5,1654,403.0196885243058,44.87890512103525,0.6466083896946843,0.9495732244469338,20.322983376681805,mixed/absorbed,126.45467895541834,g17:20MeV(t0 203)
flow0000005,5,1784,123.32207337021828,31.730841631795172,0.5561925791164597,0.5089871214118818,60.55272623896599,mixed/absorbed,126.62990809531108,g36:61MeV(t0 399)
flow0000005,6,0,258.4776998460293,63.186605881958734,0.6959547312581823,0.7930601162018225,53.4893451705575,mixed/absorbed,501.16259383565676,g57:52MeV(t0 589)
flow0000005,6,20,255.49598349630833,70.86021158195166,0.9405558621646916,0.5643879463481473,111.29713007062674,mixed/absorbed,53.75619852235461,g47:111MeV(t0 483)
flow0000005,6,604,61.95919191837311,12.725432704046872,0.8197976355888112,0.6687380015829222,20.52472573518753,mixed/absorbed,393.73224736603214,g35:21MeV(t0 348)
flow0000005,6,854,364.9509997367859,108.1690887467094,0.8569845507366731,0.5823169658918669,152.43384087085724,mixed/absorbed,588.0530211889443,g44:138MeV(t0 431)
flow0000005,6,1079,442.8797058686614,94.93722722451845,0.9522935044964991,0.9009616721981443,43.862065486609936,mixed/absorbed,500.97527886239095,g57:44MeV(t0 589)
flow0000005,6,1166,169.15507095307112,23.80216860496973,0.5539383060224929,0.8598331439054715,23.70993448793888,mixed/absorbed,501.2015662384033,g56:21MeV(t0 584)
flow0000005,6,1210,95.6947970315814,23.74075967777757,0.6025369523828142,0.7576032905120543,23.196103915572166,mixed/absorbed,501.18768862623665,g49:23MeV(t0 527)
flow0000005,6,1237,85.92150428146124,19.654014341037634,0.614800118372709,0.6478648559301533,30.255981288850307,mixed/absorbed,429.67143181694877,g57:30MeV(t0 589)
flow0000005,7,28,299.1641093567014,68.7312941098304,0.9420691374877352,0.8531663828914126,43.92734828591347,mixed/absorbed,226.2001636653503,g53:44MeV(t0 537)
flow0000005,7,272,88.9998710155487,27.04450116207093,0.8465782682424229,0.7237272436001028,24.588239684700966,mixed/absorbed,621.2359937263258,g69:25MeV(t0 817)
flow0000005,7,592,160.74031741917133,50.14485567250594,0.8199238656020457,0.8357048193762747,26.408859483897686,mixed/absorbed,537.7167338758412,g68:26MeV(t0 795)
flow0000005,7,598,201.98052529245615,39.93834533445532,0.8546871401447586,0.47326436128076343,106.3903409987688,mixed/absorbed,226.44882887996448,g53:91MeV(t0 537)
flow0000005,7,897,203.72312154620886,51.947848779880104,0.8995570917149083,0.8752647635222438,25.411451742053032,mixed/absorbed,478.7024652667717,g48:24MeV(t0 502)
flow0000005,7,1661,244.62274023145437,32.28184643744016,0.8114082481621829,0.8965761225820061,25.299832299351692,mixed/absorbed,401.8164450631307,g16:25MeV(t0 173)
flow0000005,8,5,739.4858135059476,366.2143126778062,0.9995477733993812,0.7406207825973832,191.8072515875101,mixed/absorbed,70.29435321612236,g27:192MeV(t0 337)
flow0000005,8,12,1897.9995153397322,498.72715359482174,0.999013226880404,0.5465767238756875,860.5971583276987,mixed/absorbed,200.62673948501774,g26:813MeV(t0 326)
flow0000005,8,158,635.4846964776516,294.385082560495,0.9726678123915424,0.5774269275902926,268.53872065991163,mixed/absorbed,3.7257487953327932,g34:259MeV(t0 461)
flow0000005,8,164,472.22840344160795,191.92893217465655,0.98144608626816,0.755425823092386,115.4948730841279,mixed/absorbed,3.8371794453167705,g31:115MeV(t0 399)
flow0000005,8,210,275.9245352819562,146.8335950393249,0.9998825104632184,0.9098617746477557,24.871347941458225,mixed/absorbed,180.54271967146133,g15:25MeV(t0 200)
flow0000005,8,217,116.79561258852482,44.41110478745645,0.9007898354808955,0.7016151118365462,34.850045800209045,mixed/absorbed,151.38932336969415,g23:35MeV(t0 295)
flow0000005,8,237,65.25410974025726,16.538011983437464,0.6263680903685565,0.5265486276671552,30.89464780688286,mixed/absorbed,120.66117235509361,g14:31MeV(t0 180)
flow0000005,8,472,277.76680889725685,54.68426016328377,0.7525148105966005,0.8752543054641433,34.65021349489689,mixed/absorbed,324.5935455056895,g27:19MeV(t0 337)
flow0000005,8,1322,2709.8975569456816,99.28241485552067,0.7622614079660732,0.9262266000995378,199.9183561578393,mixed/absorbed,461.89765324282297,g45:124MeV(t0 584)
flow0000005,8,1726,62.95261923968792,12.653091739244484,0.6589390798999278,0.5272839931664173,29.75871078670025,mixed/absorbed,306.8049525669643,g26:30MeV(t0 326)
flow0000005,8,2039,2078.154092758894,88.84947296214025,0.69216675302265,0.9123818026642431,182.0841153934598,mixed/absorbed,360.27068170393085,g7:115MeV(t0 74)
flow0000005,8,2382,2180.016600318253,100.64268081356181,0.6755066290652397,0.9021310324879351,213.35597383230925,mixed/absorbed,200.43939656224745,g28:172MeV(t0 358)
flow0000005,9,2,697.6228596270084,210.46273634411335,0.9873613240207083,0.5170580856709366,336.9113193079829,bad-stitch?(tpc54),23.979709906425757,g56:337MeV(t0 600)
flow0000005,9,32,80.57206097990274,36.1014560910098,0.9453520832464497,0.7399523744567983,20.952573142945766,mixed/absorbed,432.925395488739,g44:21MeV(t0 497)
flow0000005,9,35,492.7515370026231,240.821836945717,0.9319753190252923,0.8967781811414105,50.862709894776344,mixed/absorbed,335.4207251637813,g42:51MeV(t0 462)
flow0000005,9,48,276.2700641900301,169.8179668559543,0.9984006122225417,0.8587311187982292,39.02836287766695,mixed/absorbed,509.96289574194014,g15:39MeV(t0 169)
flow0000005,9,85,70.04911945015192,26.82681150405995,0.9800966721796532,0.6797157701809717,22.43562827259302,mixed/absorbed,44.94136014759031,g6:22MeV(t0 89)
flow0000005,9,105,145.717734888196,73.2567580249897,0.9813109264975007,0.8167957531060718,26.696107879281044,mixed/absorbed,464.09188295863436,g43:27MeV(t0 476)
flow0000005,9,146,80.06141395866871,28.76796506548976,0.9553725590655522,0.7404536125123251,20.779650770127773,mixed/absorbed,246.98669960919548,g48:21MeV(t0 530)
flow0000005,9,158,149.42505349963903,75.71013771841729,0.9900654627144405,0.7198717863543693,41.85817331075668,mixed/absorbed,382.78609442710876,g16:42MeV(t0 190)
flow0000005,9,456,172.68262073397636,38.15681515989265,0.8684750459723855,0.8716637696753945,22.161436587572098,mixed/absorbed,78.49771949256916,g42:22MeV(t0 462)
flow0000005,9,457,190.4553989097476,56.512460617113604,0.8789985335097026,0.571486138996332,81.61277833580971,mixed/absorbed,243.01855292687048,g42:79MeV(t0 462)
flow0000005,9,495,62.51872131228447,15.03102073631064,0.6599294220215882,0.6428565992893641,22.328148737549782,mixed/absorbed,459.88601387496544,g43:22MeV(t0 476)
flow0000005,9,701,93.84519673883915,30.73566885404002,0.857319893302625,0.7763949529179749,20.984259635210037,mixed/absorbed,240.90885454450336,g24:21MeV(t0 281)
flow0000005,9,733,297.07693888247013,21.747658446892736,0.6237938836864008,0.8924177503688898,31.960205398499966,mixed/absorbed,288.1215865960642,g28:22MeV(t0 340)
flow0000005,9,912,60.45623325556517,13.158388391730178,0.8271297153419439,0.6195974523106115,22.997705154120922,mixed/absorbed,600.2423945559731,g60:23MeV(t0 686)
flow0000005,9,928,263.01507445424795,41.00244502924458,0.789459629597755,0.7649006420581244,61.8346751332283,mixed/absorbed,222.08947402599247,g44:62MeV(t0 497)
flow0000005,9,969,1098.1956704631448,48.58437784462654,0.7286863581602301,0.9023309490684379,107.25972887128592,mixed/absorbed,464.2338237873294,g56:107MeV(t0 600)
flow0000005,9,1258,1834.415220655501,96.0439262071173,0.8881885318635929,0.9468612811028234,97.47847475111485,mixed/absorbed,222.12390126406353,g33:95MeV(t0 385)
flow0000006,0,93,687.4317470565438,86.37561778959946,0.9723179680121596,0.9611633570414113,26.697541318833828,mixed/absorbed,404.3316699696236,g25:26MeV(t0 343)
flow0000006,0,524,648.5891993194818,53.06269733887691,0.814980864007854,0.9451062167172173,35.603514946997166,mixed/absorbed,11.968245174085665,g19:22MeV(t0 271)
flow0000006,0,944,335.69497053325176,66.19485888407196,0.725801282962705,0.9071105151806538,31.182532869279385,mixed/absorbed,218.37533277685952,g16:31MeV(t0 244)
flow0000006,0,1295,295.1263892427087,35.005403731787844,0.6028816353817456,0.9025037271310125,28.77372297644615,mixed/absorbed,223.1992607652304,g21:29MeV(t0 293)
flow0000006,1,8,840.5415204539895,496.9540459758116,0.9997243021895915,0.8681568966525048,110.81960254907608,mixed/absorbed,491.8297640308941,g24:107MeV(t0 298)
flow0000006,1,15,450.0126731544733,298.06002403814216,0.9998425282615067,0.9274638615749791,32.64218155294657,mixed/absorbed,338.89537788449513,g23:33MeV(t0 288)
flow0000006,1,84,442.27400213479996,326.5693340060377,0.9981111163545794,0.9394427723038815,26.78288745135069,mixed/absorbed,624.5135827485356,g65:27MeV(t0 951)
flow0000006,1,239,78.99044302850962,24.576089091276295,0.8176029189728081,0.7442156722091023,20.204517371952534,mixed/absorbed,286.4680938720703,g34:20MeV(t0 411)
flow0000006,1,616,696.3453659266233,100.87503577460137,0.7514072014810559,0.8442736879856525,108.43929572403431,mixed/absorbed,588.0630526319842,g39:108MeV(t0 459)
flow0000006,1,1089,145.35978990793228,34.69501155688628,0.640529958312752,0.5492419765884516,65.52209158241749,mixed/absorbed,499.9189703394678,g6:52MeV(t0 80)
flow0000006,1,1096,1133.7455348819494,100.34146839256567,0.8899522655031247,0.856241040669723,162.98607823997736,mixed/absorbed,499.8159644232856,g0:160MeV(t0 13)
flow0000006,10,76,306.93255158513784,82.44914034422155,0.9459424119747283,0.7286392217950685,83.28945605456829,mixed/absorbed,447.5562776218761,g16:83MeV(t0 207)
flow0000006,10,137,90.89166694134474,36.21929248313483,0.937682087663095,0.6170612712635499,34.80593939125538,mixed/absorbed,321.267288705577,g38:35MeV(t0 440)
flow0000006,10,697,58.20378578454256,15.44287910360853,0.6884106283351379,0.5879393539488412,23.98348957300186,mixed/absorbed,448.30157350239,g47:24MeV(t0 531)
flow0000006,10,1292,53.38536920398474,17.052713541541422,0.8252561194971817,0.5201938707968113,25.614627353847027,mixed/absorbed,469.8202746287886,g40:26MeV(t0 464)
flow0000006,10,1368,120.86788320541382,31.84361822066403,0.8717381545555619,0.8270652528835769,20.902256816625595,mixed/absorbed,612.1826800112323,g62:21MeV(t0 840)
flow0000006,10,1390,102.14244071394205,42.8158729224411,0.7254297655111871,0.5151905821309567,49.51961722224951,mixed/absorbed,485.4051618128015,g38:50MeV(t0 440)
flow0000006,11,2,811.7133371531963,275.11508637909134,0.9789053201304585,0.5960705276103594,327.87494000792503,mixed/absorbed,58.8843317191694,g27:328MeV(t0 320)
flow0000006,11,3,965.3331035003066,163.05142198533818,0.9625239297828971,0.7605597684378109,231.13958183676004,mixed/absorbed,125.29252166585373,g21:231MeV(t0 261)
flow0000006,11,15,472.4909701272845,318.2175108958867,0.9984320018201187,0.9497141410922542,23.759614259004593,mixed/absorbed,349.97327407188857,g49:21MeV(t0 608)
flow0000006,11,31,773.5516566857696,496.2648412997896,0.9999933841947303,0.9704124230803385,22.887519143521786,mixed/absorbed,471.9943223330054,g6:23MeV(t0 60)
flow0000006,11,52,555.8312229588628,328.3746313272833,0.9999770254184442,0.9463643474341058,29.812370359897614,mixed/absorbed,232.45430974819666,g14:30MeV(t0 164)
flow0000006,11,91,531.4830982387066,296.47990664056806,0.9985553075650128,0.8035236331450155,104.42386818677187,mixed/absorbed,413.2144316579439,g14:80MeV(t0 164)
flow0000006,11,106,218.7068516239524,96.27926554585045,0.9850854298240436,0.876808829198767,26.942753113806248,mixed/absorbed,78.47732703862752,g8:27MeV(t0 93)
flow0000006,11,615,896.4434858560562,71.20437662801496,0.7986806181749121,0.8533427229307744,131.4699606820941,mixed/absorbed,164.7713552428356,g31:114MeV(t0 378)
flow0000006,11,932,57.52722255885601,15.130134657455683,0.7317027898041556,0.596002622974477,23.240847021341324,mixed/absorbed,394.68719433199976,g52:23MeV(t0 710)
flow0000006,11,1023,288.85946825891733,46.83718977915066,0.7821363632630257,0.9146373046506483,24.65782278776169,mixed/absorbed,411.26008494159964,g36:25MeV(t0 450)
flow0000006,11,1163,261.4149902164936,104.55642524300268,0.8221931026317141,0.5109324796484984,127.84958104789257,mixed/absorbed,135.96069292453905,g38:128MeV(t0 464)
flow0000006,12,2,681.5942712202668,268.9790426401783,0.9804807742413462,0.5709040469736065,292.4693433865905,mixed/absorbed,383.2020587965397,g15:149MeV(t0 154)
flow0000006,12,481,285.4180628731847,48.0175240359754,0.7432512922958388,0.9228225305060405,22.027843840420246,mixed/absorbed,387.9152616259078,g40:22MeV(t0 463)
flow0000006,12,1129,1603.0524077489972,75.895288017946,0.6129210983055671,0.9647480592925396,56.510708428919315,mixed/absorbed,184.69267138367218,g19:33MeV(t0 201)
flow0000006,2,5,168.43599486351013,63.85865540674675,0.9829831097315976,0.647022901836642,59.454048693180084,mixed/absorbed,210.15834558927097,g40:59MeV(t0 461)
flow0000006,2,95,650.1243298724294,474.51877113169246,0.9965322245958002,0.9571494916784139,27.858158007264137,mixed/absorbed,241.83189232404843,g28:27MeV(t0 320)
flow0000006,2,678,397.4043328240514,51.8606163746183,0.6771010426616455,0.8155172071990148,73.31426119059324,mixed/absorbed,461.6404531090574,g46:73MeV(t0 515)
flow0000006,2,732,3177.5939785912633,95.92657630342892,0.7805651371495466,0.5586744180311645,1402.3535118624568,mixed/absorbed,461.78010378879486,g19:1402MeV(t0 211)
flow0000006,2,1254,1509.8032041713595,71.05293889831383,0.7249252267518952,0.9765147279727224,35.45813895761967,mixed/absorbed,483.0413236494926,g47:34MeV(t0 532)
flow0000006,3,13,244.47815769910812,139.90330093846813,0.9978763944732437,0.8997805768340942,24.501459941267967,mixed/absorbed,246.0530328552387,g34:25MeV(t0 368)
flow0000006,3,49,182.55017674714327,63.51017846703491,0.9872040536751547,0.8782685219795516,22.22210282832384,mixed/absorbed,273.06434326171876,g58:22MeV(t0 603)
flow0000006,3,508,105.77285385876894,35.80434432848793,0.8073037318547952,0.5458245932959563,48.03942891955376,mixed/absorbed,227.97788636580756,g49:48MeV(t0 525)
flow0000006,3,561,360.50438130646944,102.1275864647666,0.9434420909252802,0.5723750327032414,154.16067426651716,mixed/absorbed,273.49449122729965,g38:154MeV(t0 409)
flow0000006,3,582,1414.1299059912562,107.0653344055082,0.9160583805451848,0.6122282860230626,548.3595774322748,mixed/absorbed,40.56463154515912,g49:547MeV(t0 525)
flow0000006,3,1333,227.00775602459908,42.48105161268161,0.5693540830556051,0.5529146971029061,101.49183136224747,mixed/absorbed,0.628348992577977,g58:101MeV(t0 603)
flow0000006,4,19,102.64162168651819,43.24664235812608,0.9726571912746353,0.782364128372622,22.338498800992966,mixed/absorbed,458.4014160509054,g54:22MeV(t0 683)
flow0000006,4,40,75.62466845661402,25.229674420450166,0.9372349470962916,0.5160987364238621,36.59487262368202,mixed/absorbed,264.08237387917256,g23:37MeV(t0 342)
flow0000006,4,91,724.7434787973762,500.2029862310715,0.9999898693993483,0.9512352934286873,35.34190308302641,mixed/absorbed,114.21737712443176,g26:35MeV(t0 383)
flow0000006,4,127,231.5729999691248,110.67032646062013,0.9947158824348045,0.7474962920772726,58.47304114699364,mixed/absorbed,244.75370899352313,g19:58MeV(t0 301)
flow0000006,4,826,454.23397920280695,97.04887445107732,0.9471621184661465,0.6426216299320177,162.33339911699295,mixed/absorbed,261.2707722003643,g3:102MeV(t0 49)
flow0000006,5,29,941.9357376843691,492.479256103308,0.9996111653711759,0.859193941778006,132.63025832176208,mixed/absorbed,15.11074861863173,g37:109MeV(t0 421)
flow0000006,5,59,385.77205047756433,284.60059506959874,0.9973574269487949,0.9388675551104735,23.583188615739346,mixed/absorbed,213.1470032796083,g0:24MeV(t0 14)
flow0000006,5,87,173.4136402308941,91.418898079032,0.9750633207603764,0.716964499541497,49.0822164490819,mixed/absorbed,287.3707712605211,g12:49MeV(t0 158)
flow0000006,5,142,214.32010304927826,62.433081021488725,0.9452597000515078,0.6589603191743426,73.09165953844786,mixed/absorbed,156.38236333492912,g18:55MeV(t0 226)
flow0000006,5,768,99.13333789259195,16.436460188520982,0.6736488031338337,0.692674893477182,30.466163627803326,mixed/absorbed,535.7306514163669,g52:30MeV(t0 577)
flow0000006,5,847,2679.0974841713905,99.32288435270391,0.7448934078757828,0.9835195182211499,44.15281727164984,mixed/absorbed,535.8590548414701,g65:23MeV(t0 776)
flow0000006,5,1082,204.8321493268013,38.82271321442003,0.870762328956872,0.6378327792275537,74.18349024653435,mixed/absorbed,536.2178380518784,g11:54MeV(t0 128)
flow0000006,5,1430,88.5763230919838,27.70356012005082,0.8478357147506581,0.713322691671501,25.39282188564539,mixed/absorbed,494.9510143114173,g62:25MeV(t0 700)
flow0000006,6,11,816.243388466537,500.2997088467862,0.9996470614586224,0.627493739726279,304.0557721108198,bad-stitch?(tpc10),261.74189483787603,g1:304MeV(t0 45)
flow0000006,6,33,451.53712314367294,316.19308750332345,0.999682399314541,0.9455835590774414,24.57104318588972,mixed/absorbed,187.32444645066585,g18:25MeV(t0 231)
flow0000006,6,63,368.76484502106905,245.50347541487216,0.9974894768160982,0.9147009490379555,31.45529130846262,mixed/absorbed,595.7228877395139,g50:27MeV(t0 606)
flow0000006,6,77,149.83602514117956,50.63374917807337,0.8864374985513382,0.6073928895580384,58.82668887078762,mixed/absorbed,122.04173357133176,g18:57MeV(t0 231)
flow0000006,6,88,817.522954531014,510.52267820194174,0.9965443530332682,0.5992167941381339,327.6494705826044,mixed/absorbed,338.5502021590208,g41:327MeV(t0 481)
flow0000006,6,332,223.04009740799665,26.168714944777115,0.6479216118533229,0.6948486317783034,68.06099089235067,mixed/absorbed,584.6183591214415,g19:68MeV(t0 250)
flow0000006,6,421,343.9559111446142,47.335191742435924,0.7683719363003465,0.7870701841563239,73.23846881836653,mixed/absorbed,26.432166760186927,g15:73MeV(t0 188)
flow0000006,6,588,438.27226442843676,43.76290009347234,0.4981203553577291,0.949227094934309,22.252356074750423,mixed/absorbed,187.0152517667084,g35:22MeV(t0 399)
flow0000006,6,776,78.85732732713223,22.42499442827289,0.8456552096689758,0.6947880432185849,24.068199180066586,mixed/absorbed,172.6391757842033,g19:24MeV(t0 250)
flow0000006,6,974,133.16622208058834,16.22578594460135,0.4799302742972766,0.8257487244984639,23.204384051263332,mixed/absorbed,149.21471422448005,g16:23MeV(t0 208)
flow0000006,6,1018,1324.0216425806284,95.5883311404627,0.8572857123186177,0.9795410224070901,27.088129118084908,mixed/absorbed,149.10706166625357,g28:27MeV(t0 331)
flow0000006,7,14,749.4691271558404,495.99846344582795,0.9948485610978627,0.5772545485282935,316.83466452360153,bad-stitch?(tpc9),52.30910661339101,g19:317MeV(t0 205)
flow0000006,7,41,245.6134611070156,139.54112260950214,0.9972990908897735,0.8302726536666248,41.68732097744942,mixed/absorbed,190.67310652038861,g23:42MeV(t0 252)
flow0000006,7,43,420.6470961123705,309.94538072765636,0.9975956530500825,0.947458173204324,22.10156686604023,mixed/absorbed,181.41392271880056,g17:22MeV(t0 191)
flow0000006,7,112,265.78660833090544,119.90732510093079,0.9883133673676956,0.5908337719897495,108.7509039863944,mixed/absorbed,43.915656168908534,g11:98MeV(t0 120)
flow0000006,7,170,77.51407512277365,19.257194833137977,0.8893453498438674,0.6904233686204124,23.996546261012554,mixed/absorbed,479.45000745429365,g55:24MeV(t0 538)
flow0000006,7,205,734.6366552710533,87.59593746343867,0.7308593923937652,0.9644597217283005,26.10919115692377,mixed/absorbed,349.57423645638255,g44:26MeV(t0 436)
flow0000006,7,353,52.2059626057744,15.442992404769118,0.8303854287067877,0.6137774951219688,20.16311764717102,mixed/absorbed,124.10699263352615,g18:20MeV(t0 199)
flow0000006,7,898,63.08414178341627,15.953916790125252,0.6866693439023553,0.6543668852701083,21.80396841466427,mixed/absorbed,140.80079295537243,g32:15MeV(t0 327)
flow0000006,7,969,211.38153944164515,41.03592069686623,0.8306094446381247,0.6066047194502572,83.15650001168251,mixed/absorbed,424.82835998535154,g0:83MeV(t0 7)
flow0000006,7,1215,694.9057752266526,68.49141103871307,0.7733444854191872,0.5642804774045447,302.78401263058186,mixed/absorbed,284.91613641748285,g58:303MeV(t0 601)
flow0000006,7,1505,230.39009316265583,94.93643545608879,0.925209960395682,0.6256861219967778,86.23820922523737,mixed/absorbed,116.28051144469018,g27:86MeV(t0 285)
flow0000006,8,25,471.54022270441055,368.7167480043416,0.9991604086847379,0.9531100795277334,22.110483542084694,mixed/absorbed,587.8895513978408,g57:22MeV(t0 612)
flow0000006,8,107,71.66990731656551,30.093496601136096,0.9645773473386461,0.5842521859414757,29.796607300639153,mixed/absorbed,70.94629959833054,g25:30MeV(t0 283)
flow0000006,8,126,170.0591702759266,35.407526754632805,0.8822056959539929,0.8533396876560652,24.940931029617786,mixed/absorbed,121.65503941641913,g15:25MeV(t0 160)
flow0000006,8,147,173.4386402592063,99.91997616046014,0.9871232231721258,0.5532842536323982,77.47777163237333,mixed/absorbed,456.53119783736645,g2:77MeV(t0 16)
flow0000006,8,195,613.7566687986255,61.193573072391274,0.6885233392587579,0.9376484439847619,38.268683314323425,mixed/absorbed,345.7555534318027,g63:23MeV(t0 727)
flow0000006,8,240,361.8110103830695,77.21711015164243,0.7818195834011673,0.9316072801506267,24.745239071547985,mixed/absorbed,610.6418662713032,g74:25MeV(t0 864)
flow0000006,8,389,131.05087005347013,23.668999887289154,0.7853417490583743,0.8160712283684043,24.104025550186634,mixed/absorbed,552.3946562142207,g61:24MeV(t0 680)
flow0000006,8,450,207.0006835013628,21.42886822479568,0.6328939979503097,0.5883461965201782,85.21261868625879,mixed/absorbed,426.299699355926,g51:85MeV(t0 553)
flow0000006,8,1098,1336.7252083420753,97.54876161052016,0.9326655415717069,0.8914820433413712,145.05868822336197,mixed/absorbed,572.6848202267208,g46:84MeV(t0 489)
flow0000006,8,1250,1519.9721800535917,93.8529563923044,0.8218291158025844,0.9204492965872056,120.9148560911417,mixed/absorbed,70.24829729141727,g27:106MeV(t0 301)
flow0000006,8,1294,43.8813321441412,14.852516898766485,0.9108428633039941,0.5052197672011391,21.71161573380232,mixed/absorbed,308.23690032958984,g34:22MeV(t0 346)
flow0000006,8,1315,158.67432621121407,29.330241506697135,0.8505139704158099,0.6440238520515086,56.48427542299032,mixed/absorbed,62.14496607810074,g28:56MeV(t0 307)
flow0000006,8,1378,64.60923326015472,15.901074862569626,0.9030086205051787,0.4800204058982962,33.595482885837555,mixed/absorbed,307.78700193640304,g53:20MeV(t0 573)
flow0000006,8,1731,245.48368985950947,30.276485448818697,0.5556043144018059,0.7885122061247845,51.91680400073528,mixed/absorbed,70.14249232172722,g46:52MeV(t0 489)
flow0000006,9,1,494.14462673664093,47.89423083276794,0.9426523871461285,0.5266062733897354,233.92496633529663,mixed/absorbed,329.6331211519557,g53:234MeV(t0 595)
flow0000006,9,72,100.09109895676374,37.75617947728512,0.983389461577536,0.794587974202154,20.559915401041508,mixed/absorbed,215.03245769563267,g21:21MeV(t0 261)
flow0000006,9,113,464.9653530046344,277.5198554492997,0.9987214491755243,0.8412834878725379,73.79767908900976,mixed/absorbed,623.9234374912306,g41:74MeV(t0 492)
flow0000006,9,958,797.7951599508524,48.04651513071127,0.6005136324916942,0.9524592560917734,37.927775390446186,mixed/absorbed,456.9374311507086,g43:29MeV(t0 510)
flow0000006,9,1036,74.89842630922794,17.88025281693441,0.8363218252525748,0.6755112326024927,24.303698033094406,mixed/absorbed,166.84804690462872,g15:24MeV(t0 179)
flow0000007,0,415,237.63260334730148,38.04803333954971,0.8743182517625425,0.8299898335600981,40.399958446621895,mixed/absorbed,494.88834306803,g4:40MeV(t0 46)
flow0000007,0,515,931.3685308918357,73.19429893764715,0.6023296954459986,0.9521646691948176,44.5523217767477,mixed/absorbed,133.58620597829963,g4:30MeV(t0 46)
flow0000007,0,818,2238.232981324196,96.50827410657756,0.7444257105802,0.9862297959404849,30.820924885571003,mixed/absorbed,43.02786719681905,g9:31MeV(t0 133)
flow0000007,0,1635,150.59857105463743,44.56345037027768,0.9348568639650158,0.5067535346900338,74.2822128534317,mixed/absorbed,382.0040668213921,g53:74MeV(t0 599)
flow0000007,0,1761,112.20919167250395,38.557750338996584,0.6556608144243926,0.6424447122701087,40.12098981440067,mixed/absorbed,223.36565395621366,g33:36MeV(t0 386)
flow0000007,0,1855,1069.0366220250726,66.05386066898548,0.6447211844776917,0.9752146604116279,26.496435709297657,mixed/absorbed,34.75012908075653,g18:24MeV(t0 236)
flow0000007,0,1889,129.5530082732439,41.33987973528012,0.8565227673760077,0.7539836954139273,31.872152343392372,mixed/absorbed,115.77665574029581,g13:32MeV(t0 184)
flow0000007,0,1940,146.62310966849327,21.198210799784555,0.6280593386122503,0.5485787927858965,66.18878117203712,mixed/absorbed,33.66546763730853,g54:66MeV(t0 610)
flow0000007,0,2134,293.98615212738514,39.43533348252645,0.5709377740108483,0.8874460743574764,33.089295506477356,mixed/absorbed,73.73588039722145,g11:18MeV(t0 154)
flow0000007,0,2222,156.50563161820173,25.272755207898285,0.7707650555398721,0.8640979364819723,21.269438289105892,mixed/absorbed,366.6978015768117,g68:12MeV(t0 802)
flow0000007,0,2387,272.44284565746784,95.16453032324699,0.9140190901258819,0.5225371818356981,130.08132887631655,mixed/absorbed,216.86668157871253,g1:130MeV(t0 13)
flow0000007,0,2505,240.08265594393015,83.920878075079,0.9487134889567168,0.9154276535089665,20.304353564977646,mixed/absorbed,193.03896351225058,g17:20MeV(t0 223)
flow0000007,1,30,173.3679442703724,68.15822171734843,0.9544721224870363,0.5086916879802827,85.17711205780506,mixed/absorbed,583.6104858398437,g22:85MeV(t0 267)
flow0000007,1,386,57.48120654374361,14.210003101777424,0.8210592976773493,0.6424523154493614,20.55227230489254,mixed/absorbed,621.4942187928317,g0:21MeV(t0 13)
flow0000007,1,833,301.1294682174921,100.39332293575208,0.9533485695562298,0.7921252236175667,62.59722086787224,mixed/absorbed,13.212314601809721,g4:62MeV(t0 82)
flow0000007,1,942,125.15463571250439,15.974073610941502,0.7460183080834487,0.8054022465920871,24.354810938239098,mixed/absorbed,579.5253985288332,g24:24MeV(t0 298)
flow0000007,1,1016,113.52553410083055,34.30195872250218,0.7907320427604181,0.7274310911024838,30.943530961871147,mixed/absorbed,579.7891966201717,g14:31MeV(t0 188)
flow0000007,1,1043,305.64169017225504,80.16605280206444,0.9062283785418023,0.674749607809063,99.41007959842682,mixed/absorbed,579.7721752535913,g18:99MeV(t0 219)
flow0000007,1,1181,320.5524903088808,97.23299026400551,0.9045519103492027,0.7015441891599051,95.67075341194868,mixed/absorbed,13.765225873394241,g1:96MeV(t0 34)
flow0000007,10,2,721.741382420063,496.2926360741979,0.9997039619742484,0.7851814471356833,155.04343931376934,bad-stitch?(tpc0),230.48970236283694,g58:155MeV(t0 613)
flow0000007,10,64,253.56008049845695,53.95266424061542,0.9586999332294035,0.9130824120955748,22.03883058577776,mixed/absorbed,347.11326432138117,g34:13MeV(t0 373)
flow0000007,10,111,828.305596113205,477.9750496866056,0.9984242675214161,0.6490220127881934,290.7170309200883,bad-stitch?(tpc52),267.8295394318013,g34:291MeV(t0 373)
flow0000007,10,150,285.4524596258998,90.55053854846196,0.9155271629070272,0.5144699005413872,138.5957611128688,mixed/absorbed,7.231086149845688,g59:139MeV(t0 628)
flow0000007,10,196,70.84685504436493,23.23544058456615,0.798782800802885,0.6637688843111162,23.82091711461544,mixed/absorbed,409.2474532588836,g40:24MeV(t0 426)
flow0000007,10,640,181.85530377179384,25.81753863721734,0.6650982002375265,0.8070119829587079,35.09589446336031,mixed/absorbed,347.25280107770647,g51:26MeV(t0 525)
flow0000007,10,862,1876.9872258454561,96.67526310952516,0.7921338137267283,0.9066977660868438,175.12710119783878,mixed/absorbed,372.16094074224293,g26:123MeV(t0 268)
flow0000007,10,1074,53.39906258136034,15.390587250331993,0.8577002990105973,0.559802716335627,23.506122298538685,mixed/absorbed,191.98558895404523,g27:24MeV(t0 284)
flow0000007,11,0,1380.155302412808,353.20148546738454,0.964732701797877,0.9830933254342915,23.333836548030376,mixed/absorbed,174.32709061452405,g16:23MeV(t0 195)
flow0000007,11,36,147.91254191845655,70.91092746412562,0.993011916325619,0.8384036737743022,23.902123376727104,mixed/absorbed,380.85298222698464,g37:24MeV(t0 394)
flow0000007,11,51,142.68315840512514,79.33357965709905,0.9788302769942459,0.7997477924637807,28.572617448866367,mixed/absorbed,174.5955524290347,g22:29MeV(t0 258)
flow0000007,11,223,67.55894349515438,23.670588839415572,0.79539399353484,0.6825017899853164,21.449843630194664,mixed/absorbed,328.0131884765625,g34:21MeV(t0 352)
flow0000007,11,1091,452.09028382599354,54.9488065310875,0.7252914316784341,0.9513076154831787,22.013353936374187,mixed/absorbed,141.88481874555072,g15:19MeV(t0 175)
flow0000007,11,1117,276.6880352124572,49.169712960394364,0.7948628307639182,0.6982973815035922,83.47750473022461,mixed/absorbed,142.0100715239466,g35:83MeV(t0 368)
flow0000007,12,47,215.93978035449982,132.01988742345964,0.994739735158474,0.727722057436248,58.79563911259174,bad-stitch?(tpc23),20.119538721447732,g48:59MeV(t0 604)
flow0000007,12,253,2294.0125086456537,99.66592627044452,0.8166546954103625,0.9591278930476254,93.7611246034503,mixed/absorbed,463.0473534944956,g10:69MeV(t0 164)
flow0000007,12,374,56.96594247221947,11.630607003822153,0.7471965281081653,0.6282975824200979,21.174378536641598,mixed/absorbed,463.1932473575368,g63:21MeV(t0 977)
flow0000007,12,552,260.0378242060542,95.34589284482527,0.963767342581947,0.5077508544090903,128.00339678674936,mixed/absorbed,604.0090393969675,g21:128MeV(t0 287)
flow0000007,12,692,277.6435663551092,70.80258313757467,0.8935162704511875,0.663750611176111,93.35747949779034,mixed/absorbed,45.27255533043474,g19:93MeV(t0 262)
flow0000007,12,822,368.81658870726824,62.38859121671457,0.5843460497124986,0.924112938013915,27.98840732872486,mixed/absorbed,15.520037753582,g13:23MeV(t0 195)
flow0000007,2,116,90.2004543542862,27.14397460292269,0.9144131273041398,0.7675662487223244,20.96562997251749,mixed/absorbed,181.27654201532502,g19:21MeV(t0 239)
flow0000007,2,539,3130.045930609107,91.7186778869874,0.7424448493083889,0.5836540955643822,1303.1818039044738,mixed/absorbed,430.56226067927514,g52:1303MeV(t0 580)
flow0000007,2,771,515.7707371562719,91.3455976073063,0.8004743649751985,0.6994983906707518,154.98993656039238,mixed/absorbed,479.4766409690996,g14:155MeV(t0 193)
flow0000007,2,879,1174.4977026581764,103.62732636028436,0.8046918732611892,0.9243350173572712,88.86834828555584,mixed/absorbed,296.77442611855304,g43:89MeV(t0 433)
flow0000007,2,927,62.86520291119814,19.101181771475275,0.7480340159191664,0.6418438171101377,22.51556111127138,mixed/absorbed,413.8236093326491,g51:23MeV(t0 560)
flow0000007,2,975,257.3573633506894,28.650760885259643,0.6026950025512365,0.9207189852797308,20.403552912175655,mixed/absorbed,329.2795949185832,g50:20MeV(t0 549)
flow0000007,2,978,295.9099549204111,72.56578064009655,0.9094753546683594,0.6771949161153481,95.52123782038689,mixed/absorbed,297.15152896290095,g41:96MeV(t0 414)
flow0000007,3,20,218.29413038492203,46.62951049672347,0.9774465296827313,0.8482714172673325,33.121459022164345,mixed/absorbed,558.6835772330867,g58:33MeV(t0 597)
flow0000007,3,80,202.6820873618126,100.88178820855711,0.9918702314861754,0.8828965367269865,23.734774373471737,mixed/absorbed,557.0555575439028,g64:24MeV(t0 704)
flow0000007,3,109,66.62681909650564,24.65947815128996,0.9227252766216035,0.6107232921627407,25.93626879155636,mixed/absorbed,486.6751739888252,g58:26MeV(t0 597)
flow0000007,3,136,575.9647239670157,331.56070325509734,0.9999669686417625,0.9497555999860999,28.939001984894276,mixed/absorbed,49.77924911720165,g36:29MeV(t0 359)
flow0000007,3,148,623.5989119336009,195.25083050239022,0.6651535528041602,0.5046516234669615,308.8987086340785,mixed/absorbed,262.43051873247055,g57:309MeV(t0 565)
flow0000007,3,150,102.09292102605104,42.27189854851994,0.945101093407084,0.7516953333516551,25.35014872252941,mixed/absorbed,198.54368091020427,g31:25MeV(t0 266)
flow0000007,3,249,61.8814884275198,17.95080512819444,0.8981427355545332,0.5083819446519067,30.42205700278282,mixed/absorbed,465.45278435784417,g50:30MeV(t0 499)
flow0000007,3,367,70.23796506971121,24.26606092252232,0.7683637517414483,0.6760066560183845,22.756633177399635,mixed/absorbed,602.2463522023168,g56:23MeV(t0 558)
flow0000007,3,452,135.9393492564559,34.79335199220161,0.7713834711300659,0.5258176682174779,64.46003761142492,mixed/absorbed,629.9975962365777,g2:64MeV(t0 13)
flow0000007,3,883,417.8736452832818,47.71100830120614,0.7686344952657141,0.6574921218182139,143.1250155940652,mixed/absorbed,616.538992266283,g6:143MeV(t0 41)
flow0000007,3,990,199.76310721039772,27.15305577331982,0.6662354431331243,0.7033767786545008,59.254376366734505,bad-stitch?(tpc42),263.50885812859786,g45:43MeV(t0 440)
flow0000007,3,998,398.8150986805558,41.335966807354374,0.6027094780846036,0.862155493303139,54.97447054088116,mixed/absorbed,273.01958255700265,g45:47MeV(t0 440)
flow0000007,3,1240,86.4133620634675,23.68935972315972,0.7515791921495656,0.5556292618164916,38.39956948906183,mixed/absorbed,80.83472759622923,g6:38MeV(t0 41)
flow0000007,3,1356,1773.0569586902857,98.51163003736804,0.7127622975932435,0.98739646872014,22.346778839826584,mixed/absorbed,218.47946018479144,g57:13MeV(t0 565)
flow0000007,4,1,1286.5651860311627,284.74882551245366,0.8978878474557372,0.6217736935858789,486.6127982735634,mixed/absorbed,433.4922706577341,g37:487MeV(t0 425)
flow0000007,4,73,112.91091061383486,36.929113561047025,0.8824749135720099,0.5109319810382539,55.22111537307501,mixed/absorbed,433.5060390896267,g13:55MeV(t0 190)
flow0000007,4,80,100.93899084627628,46.82954328951239,0.9616174965411306,0.7973782407395082,20.45243590325117,mixed/absorbed,433.576856737013,g53:20MeV(t0 620)
flow0000007,4,476,389.8371517956257,47.39966675509817,0.6658652884197787,0.8209143050242497,69.81425725668669,mixed/absorbed,433.3536332421037,g13:70MeV(t0 190)
flow0000007,4,586,44.862976640462875,14.23326773688809,0.8768441818438498,0.5365747214000387,20.79063744843006,mixed/absorbed,304.0720914204915,g38:21MeV(t0 433)
flow0000007,4,869,410.6107554361224,101.31311208172237,0.7555132985589107,0.9440651474417369,22.967452064156532,mixed/absorbed,433.64257360083076,g51:23MeV(t0 597)
flow0000007,4,1399,232.19223933666945,32.92885438613772,0.5806517629719258,0.7894861710497745,48.87967735528946,mixed/absorbed,149.00208946475365,g16:28MeV(t0 210)
flow0000007,4,1432,72.31940019875765,18.844742642885414,0.9277683934616751,0.6670152729726246,24.081255733966827,mixed/absorbed,149.14177703857422,g30:24MeV(t0 350)
flow0000007,5,0,700.7529756054282,233.70557201805124,0.9263722182719883,0.9598541129777763,28.13234978914261,mixed/absorbed,367.46109399264213,g36:28MeV(t0 451)
flow0000007,5,2,1048.1388344019651,402.9498632682531,0.9930257299068583,0.8356355651297785,172.2767471820116,mixed/absorbed,118.44703235922432,g8:169MeV(t0 96)
flow0000007,5,16,537.4339554831386,399.2756410395812,0.9999620018726806,0.9482385671665734,27.818351589143276,mixed/absorbed,115.60439317812727,g7:28MeV(t0 83)
flow0000007,5,121,488.9365777745843,325.41827138669464,0.9977499158009915,0.9009811588759812,48.41393331438303,mixed/absorbed,369.0189347679935,g48:48MeV(t0 573)
flow0000007,5,171,98.31920213252306,27.00426448761924,0.8198777871046613,0.7008285392256567,29.414299324154854,mixed/absorbed,258.5583366111473,g25:29MeV(t0 302)
flow0000007,5,629,175.29572338610888,37.93647869385009,0.7930776864329718,0.650916607379584,61.192825831472874,mixed/absorbed,96.28820076855746,g1:47MeV(t0 21)
flow0000007,5,736,955.3061615228653,105.65974351036172,0.661303291482487,0.8046319515311872,186.6363004669547,mixed/absorbed,411.3354895147965,g30:151MeV(t0 367)
flow0000007,5,963,42.33617755770683,12.780634278756889,0.7543855944077674,0.5045715589508128,20.97454644739628,mixed/absorbed,616.3950713186553,g53:21MeV(t0 663)
flow0000007,5,990,92.24717947095633,32.7168420655905,0.8051974773396107,0.6703824002982938,30.406293876469135,mixed/absorbed,45.36029808652913,g6:30MeV(t0 66)
flow0000007,5,1162,631.7858072593808,62.97587940023428,0.5919662956292803,0.5036099430128028,313.6121928691864,mixed/absorbed,252.83691980931667,g12:314MeV(t0 144)
flow0000007,6,0,1150.0518317595124,506.9822277418174,0.9952734081550018,0.6530436349211189,399.01780319958925,mixed/absorbed,84.90845222560571,g19:399MeV(t0 225)
flow0000007,6,80,142.48794250935316,64.7370134547887,0.9888555969273478,0.6403934003078691,51.239604502916336,mixed/absorbed,402.8491430282593,g38:50MeV(t0 433)
flow0000007,6,105,431.31891345977783,195.2705083303423,0.999924736622451,0.9520481927296351,20.682521410286427,mixed/absorbed,308.5180591118045,g2:21MeV(t0 32)
flow0000007,6,1000,1124.4626609161496,97.80580159898429,0.8479119628877372,0.8829286104104588,131.6424062550068,mixed/absorbed,223.1839264843562,g5:132MeV(t0 57)
flow0000007,7,71,110.20179619640112,52.93946676465469,0.9819360942299206,0.8045825855825977,21.53535007685423,mixed/absorbed,559.6829534408149,g56:22MeV(t0 612)
flow0000007,7,96,362.48375314474106,227.74625481505234,0.9988971577546191,0.9277623235638175,26.18498407304287,mixed/absorbed,46.55996413605646,g19:26MeV(t0 214)
flow0000007,7,728,933.3507604673505,75.72677664567115,0.9429604364337728,0.9734360473700744,24.793485388159752,mixed/absorbed,559.5725388029286,g53:25MeV(t0 590)
flow0000007,8,1,544.0395440012217,95.54442147457223,0.9144103467180476,0.7412767199547575,140.7556952983141,mixed/absorbed,286.0951802705842,g9:140MeV(t0 137)
flow0000007,8,39,339.4578652456403,205.37466200828715,0.9993137314389666,0.8377561724079867,55.074943363666534,mixed/absorbed,47.95580819621682,g53:55MeV(t0 624)
flow0000007,8,95,209.7004053890705,68.11133093278787,0.8266655679095718,0.6902117501122712,64.96272158622742,bad-stitch?(tpc41),596.2053590412381,g46:65MeV(t0 480)
flow0000007,8,111,201.87272562086582,101.00277222785994,0.9954457659683942,0.8714940707758496,25.941842190921307,mixed/absorbed,152.86018338678983,g22:26MeV(t0 270)
flow0000007,8,115,192.0938603579998,44.876052919876656,0.8958122246690379,0.8810894870285843,22.84197947382927,mixed/absorbed,152.92370724478803,g22:23MeV(t0 270)
flow0000007,8,146,91.1876717582345,33.980163181975584,0.9723823928416092,0.7064768699024963,26.765690840780735,mixed/absorbed,153.02799215877758,g11:27MeV(t0 167)
flow0000007,8,824,244.66987271606922,98.48449499584379,0.9272714941307991,0.532089462720794,114.48361159861088,mixed/absorbed,136.56320858816815,g50:99MeV(t0 555)
flow0000007,8,1256,59.182087019085884,23.640102215466925,0.8742620745743708,0.6374434976888753,21.456850469112396,mixed/absorbed,153.2036555060025,g23:18MeV(t0 276)
flow0000007,9,0,617.2759477719665,183.94763409209457,0.9622671784701889,0.9647485666262433,21.759861946105957,mixed/absorbed,166.93039844992632,g3:22MeV(t0 27)
flow0000007,9,4,1664.9574809893966,503.1270831159612,0.9975326707105975,0.4786261470651179,868.0652968361974,mixed/absorbed,626.2188533480115,g37:742MeV(t0 413)
flow0000007,9,85,338.23116510361433,211.02762327046645,0.9915934403363441,0.9240141872118456,25.700769990682602,mixed/absorbed,301.99854159542474,g44:26MeV(t0 490)
flow0000007,9,100,818.8528270944953,494.8624757733694,0.9997930479979789,0.9726238982875393,22.41699828207493,mixed/absorbed,464.5132269783372,g50:22MeV(t0 559)
flow0000007,9,335,299.6760246157646,55.5184592079417,0.8354939618437488,0.74302050304559,77.01059405505657,mixed/absorbed,61.85527331511722,g15:73MeV(t0 144)
flow0000007,9,379,164.166915461421,29.124048298283164,0.6485392256213358,0.8253379684004838,28.673726975917816,mixed/absorbed,40.7367415661144,g21:29MeV(t0 213)
flow0000007,9,435,93.65778490900993,14.009030026583455,0.6558760269414738,0.6965659449930656,28.418961457908154,mixed/absorbed,166.95687529620002,g3:28MeV(t0 27)
flow0000007,9,442,976.7994745671749,84.1885809172132,0.8519210250475263,0.5802398957961212,410.0214492306113,mixed/absorbed,26.053531292198024,g17:410MeV(t0 167)
flow0000007,9,753,48.24037458002567,19.37861837566588,0.9499950272912061,0.5483705891013765,21.786771953105927,mixed/absorbed,344.8555458198159,g33:22MeV(t0 368)
flow0000008,0,12,114.27709276229143,52.34698056858062,0.9743779501885946,0.7880372079279369,24.222491651773453,mixed/absorbed,132.74348256779814,g43:24MeV(t0 456)
flow0000008,0,124,766.3115370869637,498.2290632547042,0.999883707007136,0.787776381671546,162.6294071674347,bad-stitch?(tpc69),372.4687071089311,g55:163MeV(t0 609)
flow0000008,0,641,333.2590929940343,96.43660723383161,0.8841462426203359,0.8623198727887135,45.883154317736626,mixed/absorbed,429.1295083486117,g61:24MeV(t0 694)
flow0000008,0,1147,345.3937452286482,49.55004497109856,0.8569513720319001,0.9016955353868407,33.95374720543623,mixed/absorbed,542.536092868381,g57:33MeV(t0 629)
flow0000008,0,1377,252.3486711010337,55.296408812196304,0.8241533269550005,0.9111583656514952,22.41906836628914,mixed/absorbed,125.30457582995666,g24:22MeV(t0 254)
flow0000008,1,36,904.250792235136,495.5461327191039,0.9985870117225226,0.8533235142977494,132.63232839852571,mixed/absorbed,27.923810357353435,g17:132MeV(t0 193)
flow0000008,1,63,269.9499593600631,56.99014353751366,0.9596436373215667,0.9038959835043038,25.943275347352028,mixed/absorbed,287.15235812895776,g58:26MeV(t0 644)
flow0000008,1,121,308.1004965081811,87.85586977541398,0.9534718738141491,0.7009179013954665,92.14734307676554,mixed/absorbed,583.3054250658428,g17:87MeV(t0 193)
flow0000008,1,269,367.21013121306896,27.82086089428655,0.643242876130338,0.9423935317226868,21.15367877483368,mixed/absorbed,305.0466619873047,g29:21MeV(t0 343)
flow0000008,1,1551,64.70301946997643,17.168499614624956,0.8687542188039035,0.5831260026404261,26.97300636768341,mixed/absorbed,551.0862195653823,g67:27MeV(t0 852)
flow0000008,1,1614,57.80826133489609,16.495535302800537,0.8548914449816555,0.6007431420991888,23.080344781279564,mixed/absorbed,297.9935747990843,g29:23MeV(t0 343)
flow0000008,1,1647,312.5216419547796,127.33463374942471,0.6564162112509538,0.546054639065839,141.86774955689907,mixed/absorbed,517.0875135394199,g39:142MeV(t0 452)
flow0000008,10,6,3875.3459389582276,141.80644394166245,0.8708864712881048,0.9284396451883244,277.32113040983677,mixed/absorbed,20.00019400827246,g11:275MeV(t0 149)
flow0000008,10,43,326.0826561525464,161.33789266400106,0.9965937508378143,0.9367226747932367,20.63363827764988,mixed/absorbed,462.9124929912229,g1:17MeV(t0 22)
flow0000008,10,309,219.55347047001123,42.601878578632,0.7672927440475398,0.8731050437746164,27.860228024423122,mixed/absorbed,49.933083933407495,g3:28MeV(t0 85)
flow0000008,10,459,66.39068349450827,17.947942427325103,0.6453914767003139,0.6794355220026752,21.28249479830265,mixed/absorbed,509.30540334767306,g51:21MeV(t0 605)
flow0000008,10,537,85.77421871572733,16.78501898583205,0.6664612150783754,0.6943841138831996,26.213963858783245,mixed/absorbed,19.030385076385183,g39:26MeV(t0 463)
flow0000008,10,1285,3058.0562805831432,99.50602970495737,0.9121102642395258,0.9818111487885146,55.622530683875084,mixed/absorbed,20.01546396633481,g11:55MeV(t0 149)
flow0000008,11,0,929.582791030407,495.77547991268284,0.9990601065217493,0.9716795316808551,26.326219983398914,mixed/absorbed,347.56701890995646,g43:10MeV(t0 431)
flow0000008,11,4,278.93555250763893,197.48702609636985,0.9973734755638645,0.9104740114557379,24.971981078386307,mixed/absorbed,305.0084298260734,g22:22MeV(t0 243)
flow0000008,11,32,753.9668550863862,396.0832448362884,0.9999536725244709,0.8632482964435335,103.1062518581748,mixed/absorbed,193.0010240957104,g36:103MeV(t0 364)
flow0000008,11,93,384.7900858744979,218.37524539307975,0.9994893223115241,0.900765087233318,38.18461060523987,mixed/absorbed,61.19713140008934,g24:38MeV(t0 259)
flow0000008,11,630,341.4252912476659,94.94105117684988,0.8686862229965017,0.9140644315988445,29.340576469898224,mixed/absorbed,429.6627255214734,g58:29MeV(t0 610)
flow0000008,11,798,1003.4073697552085,80.80601044209594,0.5809555911093196,0.9683027284074938,31.805275917053223,mixed/absorbed,147.86116548994897,g16:17MeV(t0 176)
flow0000008,11,799,48.92999388277531,17.184723409302915,0.8724274609723217,0.52638189721806,23.174130871891975,mixed/absorbed,147.91174110206398,g26:23MeV(t0 276)
flow0000008,2,11,116.28767179697752,38.06104654149931,0.9109853876920452,0.5169480742470671,56.172983802855015,mixed/absorbed,281.4520153023346,g45:56MeV(t0 478)
flow0000008,2,101,365.74714133888483,247.6613212155185,0.9987724471976447,0.8783013810525749,44.510921984910965,mixed/absorbed,67.23142620394495,g21:44MeV(t0 210)
flow0000008,2,106,366.9501121416688,136.46975247917152,0.9896282629370295,0.5223820405197704,175.26196379214525,mixed/absorbed,289.0395323193763,g55:175MeV(t0 612)
flow0000008,2,121,159.41028167307377,108.1850914878448,0.9589639864916619,0.5993601334534757,63.86611397564411,bad-stitch?(tpc68),30.870394355680315,g48:64MeV(t0 529)
flow0000008,2,748,54.58802244067192,14.407168290228597,0.7261506705410308,0.5131348616875676,26.577005095779896,mixed/absorbed,366.40998906674594,g45:27MeV(t0 478)
flow0000008,2,1210,320.2888122871518,101.26031217007505,0.8078429855682289,0.5431480813763723,146.32455840706825,mixed/absorbed,603.4933829952837,g1:132MeV(t0 30)
flow0000008,3,19,391.3654323518276,243.67631585371112,0.9921744191990778,0.6357659692696873,142.54860891401768,bad-stitch?(tpc9),272.1234759833121,g19:143MeV(t0 201)
flow0000008,3,548,2245.3681746572256,87.40420817726601,0.8184919681604204,0.9717976153686713,63.32473690062761,mixed/absorbed,333.92064832332017,g2:40MeV(t0 32)
flow0000008,3,1316,344.5972832813859,68.59079090873836,0.608132115474747,0.6143550864803202,132.89218951016665,mixed/absorbed,263.5294746795258,g1:116MeV(t0 6)
flow0000008,3,1600,108.44406935572624,17.017396322792436,0.7948940975175295,0.7703356100162507,24.905741035938263,mixed/absorbed,4.818647511151372,g4:25MeV(t0 53)
flow0000008,4,368,1044.9977236837149,95.73887237192295,0.9455603167894164,0.978306312852651,22.669853687286377,mixed/absorbed,354.36582862764743,g27:23MeV(t0 277)
flow0000008,4,503,251.18917027115822,95.15403693034993,0.960246515616808,0.5598888933824075,110.5511436983943,mixed/absorbed,72.96523990750065,g19:110MeV(t0 213)
flow0000008,4,1069,257.31724298745394,97.77021905871703,0.9353139958113171,0.5128463472996064,125.35303482413292,mixed/absorbed,129.24675969389295,g3:125MeV(t0 32)
flow0000008,5,11,115.55728945881128,30.25396030473487,0.8942798366027566,0.7551382592896644,28.29555904865265,mixed/absorbed,592.7471342714961,g61:21MeV(t0 720)
flow0000008,5,59,836.9948612451553,496.40031280430566,0.9999799928273955,0.8907435893384225,91.44705428183079,mixed/absorbed,412.79482235432425,g52:91MeV(t0 611)
flow0000008,5,69,183.62576672434807,63.191758538772056,0.9787359067004965,0.8472001458986421,28.057990364730358,mixed/absorbed,610.700803104089,g59:28MeV(t0 704)
flow0000008,5,286,370.8937270641327,45.39475261610676,0.7178359926023548,0.93455589518748,24.2728079482913,mixed/absorbed,219.70072660671445,g32:24MeV(t0 365)
flow0000008,5,601,772.6787568554282,27.94017359619989,0.7638699958905866,0.9626594849706759,28.852222733199596,mixed/absorbed,616.4978154658462,g32:29MeV(t0 365)
flow0000008,5,632,3201.1879969760776,98.4745123157398,0.8541959264453691,0.9619970360684433,121.65463198721409,mixed/absorbed,616.6306108014893,g32:110MeV(t0 365)
flow0000008,6,35,126.25793025642633,39.60989576114283,0.9232837326017445,0.8027820689854428,24.900327779352665,mixed/absorbed,3.964892743963056,g15:25MeV(t0 167)
flow0000008,6,146,249.6325492337346,69.34109281022481,0.9134073165376911,0.6850727373386822,78.61609540134668,mixed/absorbed,55.91983129144684,g25:79MeV(t0 299)
flow0000008,6,407,368.0750629082322,81.77926548400049,0.9320986486314649,0.9224797049208466,28.5332874879241,mixed/absorbed,510.4021916378845,g45:29MeV(t0 556)
flow0000008,6,610,308.9631949290633,52.69075129148469,0.7129658138935486,0.5242022788584405,147.00398406386375,mixed/absorbed,3.891216666467728,g9:147MeV(t0 93)
flow0000008,6,1135,74.33157240599394,12.733004336965717,0.6716932766933073,0.5590405795208551,32.77720709145069,mixed/absorbed,196.5144432711314,g36:33MeV(t0 452)
flow0000008,7,49,75.32436355948448,26.27136107259332,0.9220158482804546,0.5912995884196253,30.785098388791084,mixed/absorbed,342.3527360395952,g41:31MeV(t0 482)
flow0000008,7,68,133.31096125394106,28.881805693783914,0.9582032851170896,0.839656964011993,21.375484257936478,mixed/absorbed,154.95903880201925,g55:21MeV(t0 665)
flow0000008,7,729,218.76799445599318,39.6669430036751,0.6467957388773665,0.906000622304747,20.56405533850193,mixed/absorbed,292.019211346478,g17:13MeV(t0 178)
flow0000008,7,785,85.04526974260807,24.951401956341577,0.8203279624508494,0.5869374700993125,35.129014275968075,mixed/absorbed,177.69695445469446,g44:35MeV(t0 529)
flow0000008,7,1268,976.6738427355886,95.3998929592586,0.9199929141277243,0.9768917524837966,22.569220900535583,mixed/absorbed,22.75210873628234,g6:17MeV(t0 65)
flow0000008,8,162,67.22265253216028,20.267559782358703,0.8347641586736384,0.6577951870555123,23.0039152354002,mixed/absorbed,540.5584071062614,g65:23MeV(t0 942)
flow0000008,8,183,893.8128704875708,40.42369512636101,0.5833968368903919,0.9718647934445974,25.1476097330451,mixed/absorbed,407.70523278421945,g55:25MeV(t0 598)
flow0000008,8,754,282.0839753076434,44.80417488825853,0.8571271086207826,0.8411445013796597,44.81059055030346,mixed/absorbed,318.33271261548236,g27:45MeV(t0 283)
flow0000008,8,1391,169.55250523239374,52.13708264357796,0.8343554243311384,0.5282902451822011,79.97957067191601,mixed/absorbed,391.3773327233656,g44:80MeV(t0 461)
flow0000008,9,2,598.3207354024053,203.00970224693793,0.8916933845570683,0.5086582703112892,293.97994504123926,mixed/absorbed,591.6971162821912,g45:292MeV(t0 500)
flow0000008,9,57,601.0112254098058,367.8705832664925,0.9966954212743878,0.9630220337266125,22.224172823131084,mixed/absorbed,606.548964161263,g71:22MeV(t0 835)
flow0000008,9,125,308.4420408979058,165.22912520049283,0.9909004896524928,0.5637674209009611,134.5524670034647,mixed/absorbed,52.47536384692182,g52:134MeV(t0 567)
flow0000008,9,532,162.2974155768752,61.775692171257184,0.7746501415943521,0.536811039501038,75.17437121272087,mixed/absorbed,121.38982378599238,g49:75MeV(t0 547)
flow0000008,9,635,598.9278732463717,49.203488975374206,0.6755275162453565,0.5489268183983411,270.16030133515596,mixed/absorbed,336.49107883545764,g53:161MeV(t0 590)
flow0000008,9,666,50.5334253013134,17.988867643892156,0.8674458809832643,0.5678967937955013,21.835655093193054,mixed/absorbed,259.9934625393007,g41:21MeV(t0 459)
flow0000008,9,716,881.5406478717923,87.29045522574106,0.9139843550880271,0.9004804812262308,87.73050105571747,mixed/absorbed,591.6647473772633,g45:88MeV(t0 500)
flow0000008,9,816,1722.159070931375,86.99405405408459,0.6233928215548975,0.7352583602746087,455.9272163063288,mixed/absorbed,336.83504587106836,g53:337MeV(t0 590)
flow0000008,9,1076,72.14106477051973,19.3696644135715,0.7540897257294726,0.5111330317575952,35.26738362014294,mixed/absorbed,249.4348776075575,g24:35MeV(t0 260)
flow0000008,9,1105,61.32832846045494,14.349714455240285,0.7700603430527286,0.5755181630553717,26.03276152163744,mixed/absorbed,367.3835925292969,g37:26MeV(t0 413)
flow0000008,9,1381,147.92384888976812,49.66807979652783,0.8327071796641063,0.5686956843080528,63.800194419920444,mixed/absorbed,73.89627191363049,g49:64MeV(t0 547)
flow0000008,9,1458,77.9218592196703,22.736482731892036,0.8355447762341619,0.7330798101361145,20.798917457461357,mixed/absorbed,456.096734573592,g49:21MeV(t0 547)
flow0000009,0,2,1668.714294679463,143.81239489044887,0.8391022587470927,0.9843689751073332,26.083714678883553,mixed/absorbed,115.85151501025183,g53:12MeV(t0 631)
flow0000009,0,15,325.2008513882756,67.3299464765768,0.9462624296185963,0.8389694823491172,52.367261439561844,mixed/absorbed,116.01659586876832,g13:52MeV(t0 201)
flow0000009,0,39,93.14188428968191,33.69491720342131,0.9064231196771628,0.7350882193702036,24.67438241839409,mixed/absorbed,502.1680266409209,g64:25MeV(t0 787)
flow0000009,0,67,108.63753465563059,53.11152678529037,0.9727130567534714,0.7793862892754437,23.966929644346237,mixed/absorbed,385.8852500761086,g32:24MeV(t0 411)
flow0000009,0,103,268.35831143707037,63.978573880652625,0.9264365654840686,0.7477169642899286,67.7022494673729,mixed/absorbed,225.59437369653733,g44:67MeV(t0 538)
flow0000009,0,109,135.18763006478548,76.24389151586765,0.9996699337322942,0.8450677040299547,20.944929912686348,mixed/absorbed,12.005729856018423,g14:21MeV(t0 226)
flow0000009,0,184,627.0471634939313,66.43247103923295,0.8297187374787545,0.9528447082470394,29.568591937422752,mixed/absorbed,115.81923011811618,g13:30MeV(t0 201)
flow0000009,0,300,2149.3342117220163,97.56371698654367,0.5672433506688584,0.5125935499995883,1047.5993579998612,mixed/absorbed,281.3664865043171,g50:924MeV(t0 600)
flow0000009,0,324,44.533691830933094,12.360474060691608,0.9036404908412428,0.5275024695016882,21.042059414088726,mixed/absorbed,407.29413479477614,g16:21MeV(t0 281)
flow0000009,0,420,525.9088222905993,38.31772421873623,0.44456570434430404,0.8932250709416378,56.153877191245556,bad-stitch?(tpc8),281.445658948648,g50:56MeV(t0 600)
flow0000009,0,816,1139.5863601639867,72.73164394664832,0.5495966254386551,0.7143962768341341,325.470107331872,mixed/absorbed,184.667689350832,g4:320MeV(t0 74)
flow0000009,0,832,269.6117584332824,35.1237528088651,0.664531462846024,0.88644531106939,30.61567936092615,mixed/absorbed,223.11847778824736,g30:27MeV(t0 401)
flow0000009,0,1140,476.48075906187296,44.0694659311623,0.5694533765637451,0.7242152897264678,131.40610808879137,mixed/absorbed,225.53541337198286,g16:131MeV(t0 281)
flow0000009,0,1222,1545.0202683284879,84.4109001844766,0.6535236591357417,0.9463903396794038,82.82801177352667,mixed/absorbed,225.80015261571572,g1:54MeV(t0 12)
flow0000009,1,15,670.789818957448,434.6022084717828,0.9995138929755367,0.964018964700863,24.135712154209614,mixed/absorbed,487.06828896630066,g66:24MeV(t0 825)
flow0000009,1,98,177.93413937091827,51.765747796377354,0.9066759498219438,0.8793378996202412,21.469906985759735,mixed/absorbed,380.41845329626284,g41:21MeV(t0 444)
flow0000009,1,399,208.32673933357,45.33025638151402,0.6233920870673255,0.6699629294660593,68.75554676353931,mixed/absorbed,144.31042833299608,g6:69MeV(t0 82)
flow0000009,10,40,305.9141326099634,97.23834299424381,0.976549991408021,0.5150653798641551,148.3483536913991,mixed/absorbed,284.0131999133105,g3:148MeV(t0 30)
flow0000009,10,365,267.2699811682105,38.17327994854321,0.8042630133869682,0.7236570123784631,73.85818509757519,mixed/absorbed,469.3953829436323,g13:74MeV(t0 138)
flow0000009,10,838,137.5099774375558,31.58646560127692,0.8778786409447142,0.663552957324589,46.264825247228146,mixed/absorbed,355.4830500284831,g37:46MeV(t0 411)
flow0000009,11,1,1708.2823053970933,497.32981908479326,0.999703340282262,0.5928037915044633,695.6060777977109,mixed/absorbed,455.78154231596756,g9:696MeV(t0 85)
flow0000009,11,5,902.409152187407,115.19511843138633,0.797364557408794,0.8487564175038734,136.48359305411577,mixed/absorbed,605.9642688073347,g16:135MeV(t0 147)
flow0000009,11,50,452.8633393421769,211.86648143111915,0.9946045517777714,0.6468889363116546,159.91105546057224,mixed/absorbed,557.3448586800331,g40:160MeV(t0 428)
flow0000009,11,79,97.87606772780418,30.28178023342131,0.9490691478067661,0.7690864805026265,22.600907273590565,mixed/absorbed,393.5628276015773,g53:22MeV(t0 586)
flow0000009,11,356,404.96721479296684,73.8793049617909,0.8366202699893815,0.9496576701385507,20.3869931101799,mixed/absorbed,483.06779019844964,g46:20MeV(t0 501)
flow0000009,11,394,97.73308189958334,30.986588775237877,0.7488882967142294,0.7584226544668076,23.610098496079445,mixed/absorbed,483.30319740032326,g51:24MeV(t0 561)
flow0000009,11,686,319.80538868159056,50.20029035583262,0.6361695355536545,0.8872259290114528,36.06575560569763,mixed/absorbed,42.83170701828471,g15:20MeV(t0 134)
flow0000009,11,841,255.0353358387947,42.94897174571784,0.7163217222390103,0.901495480244996,25.122133277356625,mixed/absorbed,25.008327281791225,g15:25MeV(t0 134)
flow0000009,12,103,146.12440567463636,57.95874060530517,0.9819909160721537,0.8449442202232913,22.657433666288853,mixed/absorbed,274.4184527926975,g4:23MeV(t0 57)
flow0000009,12,111,191.69165210425854,110.4590077029847,0.9951600657064373,0.7988648358956612,38.55593190342188,mixed/absorbed,140.79689243861608,g31:39MeV(t0 386)
flow0000009,12,544,369.5544569864869,115.45718397569425,0.9380310689890872,0.628200206411964,137.40027082711458,mixed/absorbed,112.58743936489509,g34:134MeV(t0 424)
flow0000009,2,4,1318.8610582351685,495.820028631666,0.9769477944688013,0.6042568858795663,521.9301822781563,mixed/absorbed,510.50463902006965,g14:518MeV(t0 126)
flow0000009,2,78,748.0840025320649,497.63914444086583,0.9999907276464094,0.9669493012226571,24.724699027836323,mixed/absorbed,281.6540934283737,g34:25MeV(t0 362)
flow0000009,2,80,727.1717118695378,498.3320730593546,0.9999638389848982,0.9320420833629923,49.41707457602024,mixed/absorbed,111.73783948271198,g36:48MeV(t0 389)
flow0000009,2,86,512.1239259019494,347.24310365737256,0.9975540872126569,0.5271473468491029,242.1591571047902,bad-stitch?(tpc41),146.19541735132634,g24:241MeV(t0 234)
flow0000009,2,225,96.91544311493635,25.934855413686854,0.8740320547008522,0.5858925251926086,40.133409418165684,mixed/absorbed,494.9659228356056,g64:27MeV(t0 733)
flow0000009,2,515,1855.3935918286443,96.93102094131896,0.9161654566975798,0.9847417556022219,28.3100488781929,mixed/absorbed,48.89170927131396,g7:28MeV(t0 64)
flow0000009,2,919,509.2192730009556,67.64311631019865,0.7064549286948529,0.9241109934509324,38.644144743680954,mixed/absorbed,483.314860536034,g47:23MeV(t0 526)
flow0000009,2,1096,65.5545746460557,25.7951189065969,0.7812692678109756,0.5471082223040762,29.6891278475523,mixed/absorbed,112.13692956812241,g28:30MeV(t0 281)
flow0000009,3,1,639.1525254696608,241.1241225971354,0.880220227564947,0.7579762223378234,154.69010871648788,mixed/absorbed,352.0402758720867,g4:133MeV(t0 57)
flow0000009,3,89,210.1578694730997,91.39153845889481,0.9821274613668527,0.7454574396665211,53.49412216991186,mixed/absorbed,388.5235657134613,g47:51MeV(t0 512)
flow0000009,3,118,83.76188610494137,29.258804257800588,0.9569890383141898,0.7563359204193923,20.409762881696224,mixed/absorbed,115.79314502636036,g16:20MeV(t0 199)
flow0000009,3,151,842.581399038434,497.8740422329022,0.9998194314000027,0.9415656310851979,49.23571231216192,mixed/absorbed,9.178233491584272,g19:49MeV(t0 221)
flow0000009,3,171,215.04475242644548,35.97051373700687,0.7949342987755622,0.7000868565464491,64.49474768340588,mixed/absorbed,81.9975145859217,g19:64MeV(t0 221)
flow0000009,3,395,346.6809484884143,50.849413641468416,0.6949248904752523,0.9124024622875905,30.36839745938778,mixed/absorbed,57.07068835933034,g10:16MeV(t0 130)
flow0000009,3,587,1603.4421943053603,89.43649898676277,0.8628643786531021,0.9536776526949221,74.27520620822906,mixed/absorbed,288.5101426058713,g50:53MeV(t0 548)
flow0000009,3,753,74.82088305056095,20.157624741778978,0.6550484770723889,0.5969916757812305,30.153438694775105,mixed/absorbed,491.52104042671823,g49:30MeV(t0 536)
flow0000009,3,1261,729.230527125299,77.81598807050972,0.7814168820462916,0.9663489722648309,24.53935669362545,mixed/absorbed,389.5713347804683,g19:23MeV(t0 221)
flow0000009,3,1484,308.872435875237,58.28444140269735,0.7206487652683817,0.6922298910213844,95.06170324981213,mixed/absorbed,449.764041576683,g9:95MeV(t0 116)
flow0000009,4,35,234.18864848464727,48.85139372978932,0.9039043639054563,0.8462934340165088,35.996332950890064,mixed/absorbed,327.33505121866864,g50:36MeV(t0 566)
flow0000009,4,117,344.0361630246043,195.94236871389296,0.9971353012238913,0.7180121845028136,97.0140060633421,mixed/absorbed,464.7885317776373,g31:97MeV(t0 329)
flow0000009,4,358,354.1154913082719,59.452302619632505,0.8240532070932324,0.6652865356613341,118.5272228717804,mixed/absorbed,25.020331554615034,g31:119MeV(t0 329)
flow0000009,4,463,48.16872154921293,11.944035780756959,0.6640800708575608,0.584166633660327,20.030161634087563,bad-stitch?(tpc15),598.9576804421165,g63:20MeV(t0 737)
flow0000009,4,1404,204.50843781977892,31.1807859979551,0.6666094980076885,0.8862695317368913,23.258840397000313,mixed/absorbed,82.00605711826059,g40:23MeV(t0 430)
flow0000009,5,301,248.6727175861597,24.445532041807382,0.6434558906333686,0.8946485122778862,26.19804075360298,mixed/absorbed,456.87767778204744,g64:26MeV(t0 643)
flow0000009,5,349,1305.6659290418029,95.30161624636943,0.5908082594583479,0.9638026882976747,47.261596612632275,mixed/absorbed,457.02874278938486,g49:30MeV(t0 488)
flow0000009,5,663,79.16463884711266,24.849876817733065,0.8408351991446977,0.6975920026067327,23.94001989811659,mixed/absorbed,327.3158538082996,g45:24MeV(t0 440)
flow0000009,5,733,1341.1923767775297,81.6185143602629,0.6599382936163127,0.9845820914221434,20.678381450474262,mixed/absorbed,288.5439571635772,g33:10MeV(t0 351)
flow0000009,5,848,97.1112954840064,36.94880295716509,0.6010149257878608,0.5735186543170124,41.416155979037285,mixed/absorbed,277.8386249222569,g29:41MeV(t0 291)
flow0000009,5,880,84.95642016083002,22.053511405941084,0.8496510026590083,0.7412913490500587,21.97896084934473,mixed/absorbed,278.15833353552017,g32:22MeV(t0 338)
flow0000009,5,1314,62.855489522218704,14.284612340562267,0.7110816540211646,0.6328790348934703,23.075567975640297,mixed/absorbed,213.76096003888603,g26:23MeV(t0 253)
flow0000009,6,39,76.55583678930998,26.75377809827971,0.8866115081629568,0.7371170908376923,20.125221088528633,mixed/absorbed,433.64445684764013,g20:20MeV(t0 227)
flow0000009,6,58,274.78095880895853,166.46778526266058,0.9980136745407311,0.911379203593391,24.351307407021523,mixed/absorbed,496.99250258182883,g49:24MeV(t0 535)
flow0000009,6,87,684.3006840124726,456.20568137582995,0.9990439462322815,0.9274266883209249,49.66196682304144,mixed/absorbed,65.7317144900089,g15:50MeV(t0 172)
flow0000009,6,1058,223.1283102929592,31.690190133070498,0.7874431430234208,0.703792457353875,66.09228848665953,mixed/absorbed,171.6171112060547,g12:66MeV(t0 144)
flow0000009,7,5,295.8061383366585,94.02312377151603,0.8395035085097375,0.9287674041470009,21.071039102971554,mixed/absorbed,80.83123193124906,g13:21MeV(t0 148)
flow0000009,7,133,454.31582156568766,122.5756623847541,0.9949067453687942,0.954792287923784,20.53857885301113,mixed/absorbed,133.70188326416016,g28:21MeV(t0 318)
flow0000009,7,501,357.2255459278822,107.98108813146564,0.8947649889801301,0.7996822772904502,71.55860785394907,mixed/absorbed,611.8325134497159,g22:72MeV(t0 249)
flow0000009,7,1322,59.72123423218727,19.980783871821835,0.8156386895809186,0.6336351426968508,21.879761457443237,mixed/absorbed,584.5495802659254,g56:22MeV(t0 624)
flow0000009,8,3,589.8329036384821,396.3799559668313,0.9997968761301919,0.9370720371739956,37.11698303371668,mixed/absorbed,202.7967857435638,g47:35MeV(t0 546)
flow0000009,8,15,1729.03152320534,198.30759261914233,0.9834100625023826,0.926117249328405,127.7456049323082,mixed/absorbed,544.172864775253,g18:128MeV(t0 203)
flow0000009,8,31,434.5332667157054,293.4306238601471,0.9998464144987234,0.9458448003783886,23.53223580121994,mixed/absorbed,550.1804554917625,g16:24MeV(t0 170)
flow0000009,8,45,100.17580850422382,44.53273972013902,0.951113479488611,0.7306670133472118,26.980649694800377,mixed/absorbed,550.5737364581812,g57:24MeV(t0 636)
flow0000009,8,125,175.38520730286837,38.05223241100023,0.9126009844128683,0.8455116248448769,27.09497570246458,mixed/absorbed,39.29356678848561,g8:27MeV(t0 74)
flow0000009,8,211,3320.7473397627473,95.87989054195158,0.7319525193555305,0.9820393158499572,59.642894111573696,mixed/absorbed,544.1780632791769,g6:46MeV(t0 60)
flow0000009,8,273,2168.5110625848174,94.49656601366472,0.6517908328786314,0.9866647368959905,28.91766556352377,mixed/absorbed,544.3575255353105,g50:21MeV(t0 577)
flow0000009,8,668,1419.6111861765385,102.14850627388762,0.7000861753460587,0.6157293185823955,545.5149578601122,mixed/absorbed,30.96326536954287,g2:367MeV(t0 22)
flow0000009,8,698,314.4604056701064,95.40012136443683,0.8897545744778993,0.5393136493943109,144.86761669814587,mixed/absorbed,544.5959923239316,g24:145MeV(t0 288)
flow0000009,8,806,50.69058430939913,14.777650159473776,0.9503724755469019,0.6034408565502506,20.101814694702625,mixed/absorbed,560.7626000381098,g55:20MeV(t0 614)
flow0000009,8,1225,115.49327972531319,47.56449087857385,0.8655815564574111,0.7702824891645398,26.53082873672247,mixed/absorbed,39.43437173631456,g19:27MeV(t0 219)
flow0000009,9,35,765.4977183118463,499.69624885589565,0.9978641549424452,0.8307079802992141,129.59265480935574,mixed/absorbed,556.2998525398929,g1:130MeV(t0 15)
flow0000009,9,70,243.69539187848568,148.89230944430955,0.9999078340704117,0.9080520760985341,22.40728534758091,mixed/absorbed,279.27099423795136,g2:22MeV(t0 32)
flow0000009,9,74,207.21548231691122,42.79024331703984,0.9167557663886279,0.8509195313714345,30.891781210899353,mixed/absorbed,499.76140412314845,g50:31MeV(t0 572)
flow0000009,9,480,149.0190231576562,28.80980831973516,0.6695789130556996,0.6724059999660466,48.81773787736893,mixed/absorbed,391.05766477423197,g25:49MeV(t0 300)
flow0000009,9,1208,462.9355029761791,95.41029632377521,0.8039235917120622,0.8491846918829297,69.81776051968336,mixed/absorbed,8.410395426854718,g45:70MeV(t0 528)
flow0000009,9,1280,326.3925176039338,48.239125602990235,0.6699166513574547,0.9139877534851284,28.07375368475914,mixed/absorbed,430.8231187806512,g42:28MeV(t0 500)
flow0000009,9,1308,127.7801550552249,20.953184065540512,0.7313961289236212,0.7443336084269421,32.669091157615185,mixed/absorbed,594.0700333841731,g73:29MeV(t0 1217)
flow0000009,9,1485,142.4091231673956,25.80667109496712,0.668124113108294,0.8116929357320871,26.81664390861988,mixed/absorbed,257.6065555494659,g31:27MeV(t0 367)
flow0000010,0,7,785.0377729386091,493.12240506293415,0.9999326485860704,0.9687245453071979,24.552413299679756,mixed/absorbed,412.58449771617455,g26:25MeV(t0 293)
flow0000010,0,32,630.8355306237936,387.2662982062851,0.9947463545612039,0.9657180540148088,21.626269586384296,mixed/absorbed,185.0350252408782,g0:21MeV(t0 3)
flow0000010,0,56,218.96416667103767,74.11317357126265,0.762360170453295,0.8910254551808406,23.861520394682884,mixed/absorbed,229.1333486928061,g23:24MeV(t0 265)
flow0000010,0,92,908.5531507730484,496.28743997251684,0.9999913987034205,0.9729134433486315,24.609576389193535,mixed/absorbed,311.00336460910285,g23:25MeV(t0 265)
flow0000010,0,134,144.0143077969551,54.03351085317462,0.9008332909923994,0.8594427565375579,20.242254123091698,mixed/absorbed,31.05839471057453,g14:20MeV(t0 141)
flow0000010,0,156,542.7204988226295,343.33634290400516,0.9999468798072946,0.9282688606496936,38.92995972931385,mixed/absorbed,66.95255826642739,g52:21MeV(t0 495)
flow0000010,0,371,418.9130901917815,83.60660303560388,0.9146280212575195,0.6684465436593836,138.89208295941353,mixed/absorbed,404.1656548751028,g40:114MeV(t0 387)
flow0000010,0,817,1548.1209253147244,94.70946518959983,0.839103382835797,0.9832621436959853,25.91222558915615,mixed/absorbed,550.9415910041938,g64:26MeV(t0 611)
flow0000010,0,1073,55.30996509641409,19.356595824934157,0.8511419290590526,0.5428429167018377,25.285342320799828,mixed/absorbed,52.49812527824851,g8:25MeV(t0 64)
flow0000010,1,60,474.5722486972809,317.4114440156712,0.9991576090717641,0.88266923932489,55.6819229349494,mixed/absorbed,464.3714747320027,g35:56MeV(t0 365)
flow0000010,1,65,160.47933971881866,27.273662881119826,0.9807105136047465,0.6955534287035889,48.857384741306305,mixed/absorbed,298.2778982204861,g3:49MeV(t0 33)
flow0000010,1,94,134.0220767557621,53.2217295992087,0.9756535203191348,0.60065985957941,53.52039495110512,mixed/absorbed,31.0467491320965,g31:54MeV(t0 300)
flow0000010,1,117,947.1057362481952,502.9386871426833,0.9994080964453762,0.6323727893238145,348.1818400323391,bad-stitch?(tpc50),328.4241371724143,g49:348MeV(t0 532)
flow0000010,1,197,1031.9287160411477,96.0852247457324,0.7806824458227324,0.9745164178962948,26.297240160405636,mixed/absorbed,21.522276836191402,g48:26MeV(t0 518)
flow0000010,1,286,279.40813671052456,44.10942107620917,0.5618872478406692,0.8972754685896377,28.70206991583109,mixed/absorbed,324.6946000821986,g2:29MeV(t0 21)
flow0000010,1,316,109.76439569145441,22.565601865547862,0.6026821167793329,0.5408536412212964,50.39792260527611,mixed/absorbed,22.147757581172097,g32:50MeV(t0 330)
flow0000010,1,418,407.6113690510392,78.37590005589321,0.6134610682109805,0.6107680219672807,158.65537944436073,mixed/absorbed,398.2482187391359,g24:115MeV(t0 235)
flow0000010,1,1036,159.18433628976345,34.43678513714082,0.539565615044535,0.6630653346423027,53.63472107797861,mixed/absorbed,159.67034276686715,g40:54MeV(t0 433)
flow0000010,1,1089,116.60804031789303,25.138407636753637,0.8179007605392166,0.7790889628456871,25.760003127157688,mixed/absorbed,325.7468333058543,g47:26MeV(t0 506)
flow0000010,1,1186,1617.7980867773294,95.14960856416683,0.8374108428250486,0.911487867397874,143.19475878030062,mixed/absorbed,328.200088690815,g49:143MeV(t0 532)
flow0000010,1,1298,183.16973566263914,56.54005301268061,0.6678902017032691,0.5205766557709267,87.81584723293781,mixed/absorbed,300.084839957101,g32:87MeV(t0 330)
flow0000010,1,1342,527.9737013652921,101.73634095175038,0.9277736697573465,0.6978064551307502,159.55024441331625,mixed/absorbed,125.41430552478404,g17:160MeV(t0 174)
flow0000010,1,1534,45.765325114130974,14.571705476101789,0.9453017368120163,0.5022423708150598,22.780039727687836,mixed/absorbed,301.71772824800934,g32:23MeV(t0 330)
flow0000010,10,4,484.65635673701763,205.888358689118,0.9820904562819148,0.9109379550184201,43.16448624432087,mixed/absorbed,528.7342832889091,g1:43MeV(t0 24)
flow0000010,10,9,174.8923958837986,81.26538824983565,0.9851777229550894,0.8602951805467957,24.433310590684414,mixed/absorbed,354.39847914463076,g46:24MeV(t0 573)
flow0000010,10,25,178.64031810313463,93.61194637152798,0.9941332798693143,0.8837715281067611,20.763091191649437,mixed/absorbed,616.6468585674579,g64:21MeV(t0 856)
flow0000010,10,132,768.1649566888809,495.9797624656235,0.9999601563151135,0.9632437116460725,28.234892651438713,mixed/absorbed,29.76191611293588,g43:28MeV(t0 529)
flow0000010,10,455,457.652613684535,65.94959284022939,0.7876268621295895,0.9416641781823466,26.69754132628441,mixed/absorbed,354.25852274576823,g34:26MeV(t0 452)
flow0000010,10,700,222.67291585355997,34.40776057554085,0.8066490939883773,0.885431563017727,25.511287927627563,mixed/absorbed,617.7055275380908,g59:25MeV(t0 731)
flow0000010,11,51,84.16967103630304,32.761805164663784,0.9108328643833475,0.7164652850171089,23.86502368748188,mixed/absorbed,145.56298181152343,g22:22MeV(t0 241)
flow0000010,11,91,317.1631522476673,180.06572155573951,0.9999443398794009,0.9197268096388553,25.4596980959177,mixed/absorbed,324.06416960248924,g23:25MeV(t0 252)
flow0000010,11,588,143.61544001847506,43.11142366684085,0.8354062756690633,0.8325463288557091,24.048932664096355,mixed/absorbed,325.7545360808677,g30:24MeV(t0 336)
flow0000010,11,881,141.159817032516,39.494716333880234,0.8122718654380044,0.6706616744276965,46.48933777958155,mixed/absorbed,378.1883820295334,g37:46MeV(t0 409)
flow0000010,11,905,274.10455296188593,59.75785087181835,0.716685567390835,0.799185338252953,55.04421308636665,mixed/absorbed,287.2652108252465,g23:53MeV(t0 252)
flow0000010,11,998,82.98230411112309,23.855203549915828,0.7409281368326334,0.713114410141663,23.806427262723446,mixed/absorbed,174.0664021174113,g46:14MeV(t0 517)
flow0000010,2,1,663.218170851469,178.49977931775007,0.9009666585148041,0.5338122249553019,309.1842034384608,mixed/absorbed,413.90555695948314,g17:305MeV(t0 197)
flow0000010,2,39,655.7062424048781,77.25460269511898,0.8973846154423919,0.9578892076581477,27.6123094111681,mixed/absorbed,414.25553533042347,g55:21MeV(t0 575)
flow0000010,2,69,754.9703201651573,463.10592856217136,0.9982811599127211,0.8038504899698558,148.08705838769674,bad-stitch?(tpc21),462.0310355015049,g0:148MeV(t0 8)
flow0000010,2,88,547.4452889412642,364.81126490146323,0.9999295064670585,0.9621658307008413,20.71213774383068,mixed/absorbed,280.5246852314303,g52:21MeV(t0 552)
flow0000010,2,112,321.8817332684994,218.54364449735561,0.9967375501075506,0.9329223202665811,21.59107981622219,mixed/absorbed,496.14883905724633,g51:22MeV(t0 535)
flow0000010,2,160,207.71068586409092,123.41702220439012,0.9927746642518607,0.8937370502841648,22.071950167417526,mixed/absorbed,18.681828090583814,g9:22MeV(t0 92)
flow0000010,2,388,162.34884551912546,26.85953141160922,0.5457749754761141,0.8159133600206467,29.886253476142883,mixed/absorbed,414.0230643068917,g17:30MeV(t0 197)
flow0000010,2,420,1269.0646867975593,97.57158189613064,0.8265254943275023,0.8377553287966544,205.8989828452468,mixed/absorbed,414.1642577459162,g11:195MeV(t0 122)
flow0000010,2,511,1012.0324644371867,114.53239870907285,0.8218887171755472,0.8287699223472538,173.29039747267962,mixed/absorbed,477.12693884883765,g40:173MeV(t0 414)
flow0000010,2,652,278.85195307433605,46.53471961485697,0.7742372156994953,0.8349921297825331,46.012766882777214,mixed/absorbed,401.7440202240251,g48:46MeV(t0 478)
flow0000010,2,931,1765.1880464851856,104.07731733607525,0.9123959071666935,0.9836283530198399,28.899035550653934,mixed/absorbed,552.5205031272287,g67:26MeV(t0 722)
flow0000010,2,1207,384.4171720072627,55.97712278695622,0.741229186304683,0.9369298164981716,24.24526157975197,mixed/absorbed,280.15707801132606,g60:13MeV(t0 622)
flow0000010,3,2,775.4979014620185,265.07169565323176,0.7239957175355974,0.9697015183566402,23.49640893191099,mixed/absorbed,584.640688394837,g50:23MeV(t0 622)
flow0000010,3,86,66.46599970757961,35.41973765239949,0.8091207375686112,0.5207953517353527,31.850816011428833,bad-stitch?(tpc37),407.19621832795843,g28:32MeV(t0 324)
flow0000010,3,168,70.19927254319191,19.663673139342038,0.6793360033823173,0.6071299773753834,27.57918979227543,mixed/absorbed,122.13330360695169,g12:28MeV(t0 151)
flow0000010,3,1310,155.76330926269293,50.27528194233243,0.7871348726348442,0.5539496008228536,69.47828627377748,mixed/absorbed,455.980283170133,g43:69MeV(t0 553)
flow0000010,3,1431,651.0884553864598,64.20945118045373,0.5889841389441273,0.6020896941556608,259.0748064145446,mixed/absorbed,371.17648228664024,g40:243MeV(t0 510)
flow0000010,3,1444,492.8986612036824,67.0204545283029,0.8842426020048366,0.940191068224131,29.479742400348186,mixed/absorbed,219.64266961139182,g21:18MeV(t0 263)
flow0000010,3,1610,60.58855231851339,21.39505668553329,0.8879007408693642,0.5709266183545287,25.9969350323081,mixed/absorbed,455.89091193538974,g44:26MeV(t0 557)
flow0000010,3,1733,59.76406708359718,19.383982505382356,0.7051022763269986,0.5590365952824703,26.35376650094986,mixed/absorbed,367.4326097138074,g34:26MeV(t0 388)
flow0000010,4,69,240.61861869692802,150.23643071040146,0.9982066239040623,0.9118255472800031,21.216415017843246,mixed/absorbed,440.6920918782552,g34:21MeV(t0 391)
flow0000010,4,102,131.55546714365482,54.23151277340873,0.9582162951132349,0.6745420333699051,42.81577483564615,mixed/absorbed,223.44915739247497,g40:43MeV(t0 461)
flow0000010,4,121,91.31171161681414,37.63172995548787,0.9391610766632471,0.7480953445268836,23.001845255494118,mixed/absorbed,587.0122714918487,g53:23MeV(t0 623)
flow0000010,4,139,794.6481763646007,495.0715027252132,0.9999889143074782,0.9714199385909744,22.711093679070473,mixed/absorbed,377.5687142814594,g48:23MeV(t0 539)
flow0000010,4,141,271.13414254784584,128.54258391713068,0.994403171625665,0.8876648905672446,30.457883574068546,mixed/absorbed,394.8223771869012,g37:25MeV(t0 423)
flow0000010,4,144,314.26694140583277,184.1429318051633,0.9976952106003711,0.8707148661837473,40.63004357367754,mixed/absorbed,394.9468300523598,g48:41MeV(t0 539)
flow0000010,4,740,55.44562787562609,21.020618651184613,0.8790255498380984,0.621993942849098,20.95878317952156,mixed/absorbed,599.1063888322061,g62:21MeV(t0 723)
flow0000010,4,741,250.50528140366077,61.33292967804716,0.7333958893598502,0.7960874442761061,51.08117215335369,mixed/absorbed,351.88101000976565,g22:51MeV(t0 251)
flow0000010,4,901,1253.0147661790252,74.69264673427347,0.7326393390035548,0.9108487914100939,111.70778078585863,mixed/absorbed,586.9063765237498,g42:111MeV(t0 479)
flow0000010,4,1273,57.4605063572526,19.200036375305658,0.8941690248728887,0.560335076564822,25.263369128108025,mixed/absorbed,387.1801171681238,g39:25MeV(t0 455)
flow0000010,4,1536,500.50182493031025,45.183284709919356,0.6879050938464497,0.9400055549587668,30.027329228818417,mixed/absorbed,460.84707963716124,g48:15MeV(t0 539)
flow0000010,5,1,751.4875092804432,449.5519506310585,0.9962244646148352,0.7938244556917499,154.93834626674652,mixed/absorbed,147.66137596099608,g14:155MeV(t0 125)
flow0000010,5,77,94.35711761564016,40.94395945405506,0.926480952487466,0.7287681661319166,25.592654049396515,mixed/absorbed,483.07672332435527,g44:26MeV(t0 510)
flow0000010,5,131,298.26271499693394,66.3011722344096,0.6990918373702553,0.901395119593499,29.410159341990948,mixed/absorbed,436.7468466232072,g42:29MeV(t0 480)
flow0000010,5,139,524.3079457953572,364.47064795165613,0.9999208088742801,0.9467681004293007,27.909907914698124,mixed/absorbed,589.8655269876292,g14:27MeV(t0 125)
flow0000010,5,152,68.57912116497755,25.47309625642754,0.9523597933753344,0.6964657206657835,20.816114120185375,mixed/absorbed,471.8255841732025,g61:21MeV(t0 765)
flow0000010,5,240,562.9028799161315,58.87095254652683,0.6171530378949461,0.953407556870127,26.227020420134068,mixed/absorbed,589.2070107558503,g53:26MeV(t0 618)
flow0000010,5,333,262.63611290603876,49.73931890825994,0.7774704947834999,0.6565591219973458,90.19997721165419,mixed/absorbed,428.8789069988976,g52:89MeV(t0 602)
flow0000010,5,417,257.56786480546,86.77889189376776,0.8046819308838147,0.5722039714187586,110.1865096539259,mixed/absorbed,470.4927703775164,g53:110MeV(t0 618)
flow0000010,5,586,92.19415617734194,15.935970572707937,0.6488765572642531,0.6472776578667081,32.518938697874546,mixed/absorbed,126.59777011761086,g10:33MeV(t0 99)
flow0000010,5,661,82.84918840229511,24.931338922073756,0.745313133890023,0.6351966900971193,30.22365815192461,mixed/absorbed,574.2398903175637,g52:30MeV(t0 602)
flow0000010,5,806,352.7383214980364,31.69868879437645,0.7312920191184143,0.9277545425545227,25.483741395175457,mixed/absorbed,511.4825559721373,g70:18MeV(t0 888)
flow0000010,6,5,809.9025945439935,499.4848974550088,0.9999658513969825,0.9313620581780568,55.59004716575146,mixed/absorbed,515.5031624837179,g20:56MeV(t0 267)
flow0000010,6,19,684.3272693678737,397.5637138955203,0.999897613500028,0.9641893028237298,24.506236612796783,mixed/absorbed,336.3368438133537,g1:25MeV(t0 13)
flow0000010,6,101,243.58281885832548,63.198270291693504,0.9004511032524797,0.589039643206289,100.10288214683533,mixed/absorbed,26.206635670489575,g17:100MeV(t0 241)
flow0000010,6,185,114.49794267863035,23.19538147734162,0.8444999832304132,0.5601137002375925,50.366076335310936,mixed/absorbed,566.6111494746522,g69:27MeV(t0 1180)
flow0000010,6,851,79.7603123113513,27.471016942067607,0.842999934378483,0.7114312318601894,23.01633507013321,mixed/absorbed,552.49829688439,g46:23MeV(t0 569)
flow0000010,6,1121,67.69794970750809,16.99941255706343,0.9315014136907854,0.6949562744427991,20.650834791362286,mixed/absorbed,306.323541092546,g33:21MeV(t0 395)
flow0000010,6,1240,3139.9935825690627,95.39873981938771,0.8490737912963306,0.992283178000424,24.23077155649662,mixed/absorbed,132.53454820297267,g38:24MeV(t0 469)
flow0000010,6,1308,206.59273906052113,33.97581126416455,0.8534579141530848,0.6281588643879874,76.81967870146036,mixed/absorbed,132.65170589179098,g15:77MeV(t0 216)
flow0000010,7,12,724.7248455137014,508.7264815782801,0.9999686982561353,0.9553573194410773,32.35365977138281,mixed/absorbed,409.50717073441353,g14:32MeV(t0 156)
flow0000010,7,27,346.2418009787798,289.2431633546484,0.9838435507047023,0.5436089766514601,158.0216498747468,bad-stitch?(tpc8),560.751513671875,g37:158MeV(t0 457)
flow0000010,7,30,78.50893592834473,40.42071816634727,0.98710890806529,0.726064684670043,21.5063701197505,mixed/absorbed,150.09403324648332,g34:22MeV(t0 405)
flow0000010,7,904,419.2266149222851,45.3884378855502,0.8736021280284054,0.9072290212799423,38.89206337183714,mixed/absorbed,544.0755362894135,g25:32MeV(t0 291)
flow0000010,7,929,258.9999700188637,108.3659504493629,0.9113418546854224,0.8908964255132045,28.257822521030903,mixed/absorbed,544.4537350972494,g28:28MeV(t0 331)
flow0000010,7,1080,401.6246920824051,101.1315747763064,0.9173683743266791,0.6201913705776861,152.54052384197712,mixed/absorbed,481.889863392223,g34:153MeV(t0 405)
flow0000010,7,1182,139.3449298515916,58.0823848975796,0.7724782740834399,0.4991492625292458,69.79101087898016,mixed/absorbed,390.2945799255371,g16:68MeV(t0 178)
flow0000010,7,1374,474.4851490408182,67.30055648243146,0.9238542521945519,0.6936362631768964,145.36504332721233,mixed/absorbed,269.02406851512814,g50:145MeV(t0 624)
flow0000010,8,0,2326.706898935139,410.0800929852222,0.998798554269664,0.9899313375874896,23.426826298236847,mixed/absorbed,439.25876819965634,g50:17MeV(t0 555)
flow0000010,8,32,74.10849380493164,30.163789409299977,0.9686324790274033,0.7216869854673861,20.625358313322067,mixed/absorbed,439.51954493803134,g42:20MeV(t0 464)
flow0000010,8,64,243.0616623610258,107.34665443131607,0.971766414868739,0.8931486838988253,25.97145851701498,mixed/absorbed,63.37069794417288,g21:18MeV(t0 249)
flow0000010,8,274,1092.3093145266175,91.33035673763078,0.7778307313308935,0.8478638581217454,166.17972484976053,mixed/absorbed,439.34301684709084,g7:166MeV(t0 66)
flow0000010,8,383,139.73726792633533,31.60455266268052,0.7751939461275013,0.7081993947675135,40.77541935443878,mixed/absorbed,375.19376531140557,g44:28MeV(t0 486)
flow0000010,8,579,1236.297344841063,97.05750699863961,0.9339642059075247,0.9807131156390704,23.84432392567396,mixed/absorbed,439.3958383339219,g63:23MeV(t0 680)
flow0000010,8,951,365.49651665985584,77.17201897707812,0.9258459226461853,0.638116771381907,132.26705949753523,mixed/absorbed,63.20993647855871,g32:131MeV(t0 346)
flow0000010,8,971,221.14384780079126,36.426863805295035,0.7176961958574162,0.866581944231142,29.504582218825817,mixed/absorbed,63.1594345678691,g16:19MeV(t0 168)
flow0000010,8,1157,184.9707693681121,37.45215239433237,0.7990845070020556,0.6766132819456847,59.817090041935444,mixed/absorbed,122.02697259457685,g3:60MeV(t0 26)
flow0000010,9,118,847.1748228669167,502.2121116433642,0.9999776991716799,0.9642803856053856,30.260757997632027,mixed/absorbed,32.14804122891232,g24:21MeV(t0 296)
flow0000010,9,179,1499.5058896914124,78.14151939882419,0.7062645336636999,0.9529153479832203,70.60371301323175,mixed/absorbed,618.9939703148532,g63:29MeV(t0 712)
flow0000010,9,473,410.73542807996273,55.70825928412147,0.7105627855766665,0.8621475270979115,56.620894469320774,mixed/absorbed,550.0704289133956,g19:57MeV(t0 219)
flow0000010,9,870,91.72825253009796,27.00281496904653,0.8395292873858023,0.6070452138291446,36.045055858790874,mixed/absorbed,577.4913602556501,g59:36MeV(t0 656)
flow0000010,9,1400,339.85354340076447,41.79904814289861,0.5706368670437717,0.8558074369677422,49.00435347855091,mixed/absorbed,297.9420577753529,g3:49MeV(t0 32)
