file,event,lab_a,lab_b,gap,angle,offset,e_a,e_b,len_a,len_b,reason
flow0000001,0,6,32,17.048793096118807,6.464564203695996,6.067257442171608,846.8006384074688,129.12595710903406,500.8559648588682,38.92456442527153,anchors 18.8cm > eps5
flow0000001,0,7,10,36.372434589331384,7.825324927855437,0.46593809121122104,764.5218071043491,59.34529576450586,496.38138565270833,35.357937689807116,anchors 37.4cm > eps5
flow0000001,0,98,115,62.606525200895355,1.5348471487665896,4.072289692406545,456.1007786989212,158.33644435554743,323.19582598543695,97.77060193546089,anchors 63.0cm > eps5
flow0000001,0,107,125,79.70187008851906,0.5194081837003276,0.7507652242013124,235.787782587111,164.49604314565659,126.4611068655111,97.94061604677484,anchors 80.1cm > eps5
flow0000001,0,123,131,22.78179837040256,10.820266050085861,3.4314815732925017,315.2086203470826,106.71086862683296,50.78978832357871,29.75429701019486,anchors 22.6cm > eps5
flow0000001,0,14,15,3.7488854133280274,7.247748729307922,3.7083854884792133,212.13262156397104,102.5597785115242,51.613861845199175,46.28224451876147,doca 3.05 >= 0.75 (bnd)
flow0000001,0,14,18,14.175064952879447,2.9949021604466353,0.48384187330397677,212.13262156397104,75.55444885790348,51.613861845199175,20.280214539433715,anchors 14.5cm > eps5
flow0000001,0,24,40,56.53434632182923,3.5413810519809235,3.443487389993247,357.48779805749655,320.4456508010626,253.02454326146864,194.89172866676682,anchors 57.3cm > eps5
flow0000001,0,26,35,21.424030780439573,14.101595933497734,0.22351229195420882,105.0556875616312,75.12580522149801,66.26277521792537,23.813039947641187,anchors 21.8cm > eps5
flow0000001,0,34,38,52.85171390492709,0.35118650739873936,2.7056325541624746,78.35320982336998,651.1214215382934,50.57059001340983,395.3051958585543,anchors 53.7cm > eps5
flow0000001,0,44,85,43.917437081656296,0.9550994412367116,2.7829103279864587,106.90926734358072,585.9687415510416,65.82055205052714,400.97587426318677,anchors 44.7cm > eps5
flow0000001,0,161,163,2.9858023094841215,3.835814788507932,0.8912014833579023,204.99551760405302,259.70980954915285,59.502383397313736,76.87900860827499,anchors 5.3cm > eps5
flow0000001,0,48,70,9.053428184701634,0.22881331462561702,0.5913783590823066,456.29344418644905,85.93965776264668,297.5367159030251,52.37916370327216,anchors 10.2cm > eps5
flow0000001,0,48,76,62.629654002126955,0.6212813573854069,2.293901972852722,456.29344418644905,191.20982421189547,297.5367159030251,76.26951563410745,anchors 69.3cm > eps5
flow0000001,0,95,97,57.55386215702693,6.697133496581741,1.983042892187872,60.10720510035753,70.12634604424238,23.6662966782661,23.07608624874432,anchors 57.7cm > eps5
flow0000001,0,75,88,4.657164054303797,0.9217185176418435,0.8153613062660005,496.63910614699125,308.841709472239,298.1083156145504,197.94620154568392,anchors 7.0cm > eps5
flow0000001,0,177,178,38.87434804786121,1.5515554510458904,1.2578174491380072,154.00287829339504,2.40960656106472,105.84918442220021,24.13115971190517,anchors 38.9cm > eps5
flow0000001,0,124,143,13.011235562512196,13.468176521931342,4.490397425916772,388.04010370373726,73.22827877104282,291.6926975608316,43.82024861883122,anchors 11.0cm > eps5
flow0000001,1,133,137,4.685557245038109,1.9597071297306448,0.12424627247820842,110.56627031415701,70.862778455019,33.678865636782355,24.18389858693355,anchors 5.3cm > eps5
flow0000001,1,133,141,44.427706874411626,14.23314263873519,2.137886435478643,110.56627031415701,51.11015162616968,33.678865636782355,24.373604675691688,anchors 44.4cm > eps5
flow0000001,1,137,141,15.73925936296056,14.394643712189062,3.014417230262769,70.862778455019,51.11015162616968,24.18389858693355,24.373604675691688,anchors 16.4cm > eps5
flow0000001,1,12,15,48.701929092145754,4.232334145272359,2.3424752718998465,1664.0052675455809,403.8218803703785,162.9462263100868,47.1012598854267,anchors 48.6cm > eps5
flow0000001,1,17,27,50.38083775959253,0.25811690835401213,3.206118601510135,84.53494219481945,311.9894981831312,52.372535732313025,193.58439273460425,anchors 50.9cm > eps5
flow0000001,1,30,34,5.046060674722754,1.4263738955268457,0.8037803815591822,354.7447632700205,606.3292972445488,63.71863589366633,74.27529157046126,anchors 5.8cm > eps5
flow0000001,1,26,49,58.04966730329664,1.279601092664452,3.1331412097698044,564.2045795097947,139.49221585690975,372.0046090483552,77.7987261895333,anchors 58.7cm > eps5
flow0000001,1,56,87,59.626540432528564,0.6461442483527986,1.2021269637182563,302.4220879524946,247.0181766450405,197.53039747342837,142.97589458093177,anchors 60.0cm > eps5
flow0000001,1,70,72,62.696623982416696,2.492740633404705,2.1663573846497184,117.21915993839502,541.5635456219316,78.85988391053411,356.96591928245005,anchors 64.6cm > eps5
flow0000001,1,80,92,37.64734803090832,11.087621196623568,2.8070371927446267,58.65917979180813,91.19658850133419,38.17543391334067,48.91110030458249,anchors 38.4cm > eps5
flow0000001,1,121,122,0.8215483476031071,3.381262517505067,0.7823360847765041,1127.8332238197327,1000.6898171976209,495.08578910769666,86.38833727349913,anchors 6.9cm > eps5
flow0000001,1,123,131,57.1021741241502,0.20826492518818354,1.6362053317663028,316.9962837845087,352.5361091271043,195.96229699028748,244.49248215884495,anchors 57.5cm > eps5
flow0000001,10,15,16,7.253294899521323,14.199075165486997,1.4734717281553378,261.8508010134101,127.79416794329882,178.75384720008935,46.772087528883084,anchors 9.2cm > eps5
flow0000001,10,15,23,5.856271169759624,13.381001920619722,1.717859426325008,261.8508010134101,90.6539381891489,178.75384720008935,38.592858978333126,anchors 5.5cm > eps5
flow0000001,10,29,38,30.36735895823085,14.754244030497542,0.9037489459741518,167.00930588692427,47.46206545084715,60.123334385326054,21.562862524262584,anchors 30.3cm > eps5
flow0000001,10,17,30,53.12736271907966,1.2627774146207658,4.192883645864934,115.83801084011793,79.9926275163889,73.63109254024269,52.21680438529799,anchors 55.3cm > eps5
flow0000001,10,18,19,14.291209312167222,4.255481798063293,1.9501970355518174,79.36574432253838,166.94402278214693,30.190271928578497,43.24877041790822,anchors 15.4cm > eps5
flow0000001,10,39,54,42.79667928195004,1.099144933347347,1.5425302294230208,341.24886827915907,198.3348281532526,235.08528085492426,129.17142745909564,anchors 44.3cm > eps5
flow0000001,10,100,103,5.471146068511432,12.660119677453677,1.7086478420204743,129.150320507586,100.48518998920918,99.86032567441082,52.29309576351285,anchors 5.4cm > eps5
flow0000001,10,53,82,40.25214943266918,3.7694338753769197,1.5102062318456917,146.43999753147364,572.789703220129,92.32438878244031,410.2482428821136,anchors 40.7cm > eps5
flow0000001,10,72,79,4.39492733686951,5.216797159629414,4.394744517227328,238.2238193526864,398.9173234850168,37.629911475570964,57.555053346214805,doca 1.93 >= 0.75 (bnd)
flow0000001,10,91,108,10.649317490074687,13.02215790889827,2.733573135724725,80.06412054598331,108.12274800986052,31.81858053514808,39.79499132060876,anchors 11.2cm > eps5
flow0000001,10,114,116,4.256086087418206,7.051103231910435,3.5386076796732895,147.7848399952054,54.60999580472708,35.22982435622055,24.818589559894193,anchors 5.8cm > eps5
flow0000001,11,111,112,6.476695426784053,7.915294787347236,4.5296307035444165,73.8565950319171,234.16795196384192,49.80811479591082,149.4689504669813,anchors 6.4cm > eps5
flow0000001,11,9,34,53.51263687391903,1.4532509937301572,2.393427900998447,136.2974537536502,555.97675935179,85.76426805001049,359.16521256584485,anchors 54.2cm > eps5
flow0000001,11,46,51,46.223645591950714,1.289445501364368,0.918748079467982,376.10448733717203,315.8800898268819,258.22469808482236,202.7466093745274,anchors 47.0cm > eps5
flow0000001,11,90,113,46.30841339543783,2.799988518754334,3.8378773154896004,235.60753708332777,444.136182539165,157.4583662890937,300.5335286772108,anchors 46.9cm > eps5
flow0000001,11,39,54,43.39112585219826,0.6125643389223173,3.217852525148162,617.406199939549,104.59886023402214,399.9789894112318,58.533724990611454,anchors 44.1cm > eps5
flow0000001,11,57,59,5.449496722924529,10.588086651901406,5.448978791097223,730.6578587666154,93.36098279058933,470.9241885950168,32.86918002832532,doca 3.67 >= 0.75 (bnd)
flow0000001,12,50,52,3.107547006863136,1.5612193490465556,3.039725946371528,309.1063408181071,65.4353119879961,51.617280759543135,41.317080400773094,doca 2.35 >= 0.75 (bnd)
flow0000001,12,123,151,15.328744092712496,12.675327983753656,1.6691488580050624,64.17533587664366,154.47769587486982,29.49333401364199,65.6499422048445,anchors 16.0cm > eps5
flow0000001,12,189,206,8.192388729858028,11.850750903993706,5.5395625818308,474.54120248556137,212.76125736534595,299.7287309582524,95.08971305789257,anchors 5.3cm > eps5
flow0000001,12,206,207,6.585786169037193,12.40242768491181,3.992984123114225,212.76125736534595,86.44839148968458,95.08971305789257,21.544225474831478,anchors 5.3cm > eps5
flow0000001,12,13,58,55.463276910668085,3.9396324857798755,4.616543916153145,243.27789738029242,208.12691013514996,175.67215491813414,159.68305593882607,anchors 56.0cm > eps5
flow0000001,12,18,37,41.57191574333017,1.6652184072920229,1.101087441094043,31.81976606696844,203.9530502781272,21.45974746443075,133.78574897351453,anchors 42.2cm > eps5
flow0000001,12,61,63,15.968611792984596,12.441737792935578,2.6820050795532344,109.52714663743973,69.48576932400465,86.2696509281686,37.33736156111322,anchors 17.3cm > eps5
flow0000001,12,133,175,41.37451439479068,2.9842762938607463,3.733299126223715,172.528648853302,550.5234987139702,100.02705397703926,375.60998135132706,anchors 41.7cm > eps5
flow0000001,12,26,33,47.62126523953069,2.861999133262783,1.8136172387568068,173.94562420248985,437.41084238886833,119.70054915884177,273.90434566049885,anchors 48.4cm > eps5
flow0000001,12,157,161,30.517568173370517,0.7226882754586689,0.25536276607696995,702.7240610942245,158.3104875460267,98.51792740723988,32.12606660551594,anchors 31.7cm > eps5
flow0000001,12,107,108,10.89841901611945,10.128590877824566,4.252142710014616,71.66449411958456,59.54433134198189,22.9486747663302,24.649496069374642,anchors 12.6cm > eps5
flow0000001,12,135,136,11.099567146963746,5.806365137256329,6.822255885521409,338.6040771380067,491.8536493703723,55.50455774053552,334.01794610324623,anchors 9.6cm > eps5
flow0000001,12,137,144,10.536395536857889,12.24979540015194,4.5862460729650785,118.24889075756073,36.71333868056536,50.23218033176437,29.53258337003965,anchors 12.0cm > eps5
flow0000001,12,168,169,3.7981136501782307,13.431101883688324,2.138467339380762,71.15209674835205,76.4106206446886,25.483919777362786,25.03625713225677,anchors 6.2cm > eps5
flow0000001,12,83,90,75.34608463136345,0.09325808922310828,3.608914687374332,438.1813482269645,305.3832616880536,247.360620094805,176.59007721252885,anchors 76.6cm > eps5
flow0000001,12,91,93,7.550698102227566,9.750365638283778,2.721956049878305,233.37897039949894,128.1529092565179,31.66195986928335,37.41991624383017,anchors 8.5cm > eps5
flow0000001,12,150,179,10.626920337064227,14.977186429586585,5.199172186025039,100.02629222720861,78.28967768698931,60.955961051587565,30.65940103762143,anchors 11.8cm > eps5
flow0000001,12,200,204,42.65321640664931,1.372442042322843,2.9840542819283082,138.4938514381647,73.67379929125309,32.26091193328847,24.066819952560053,anchors 43.3cm > eps5
flow0000001,2,22,24,7.195420371357506,3.734891136977129,1.7031021202786087,177.77745926380157,161.81909134238958,53.95964758923259,58.52180985176577,anchors 8.3cm > eps5
flow0000001,2,76,90,52.397841662638065,0.7301537212660726,1.1968915177565085,534.3810624554753,126.70600076764822,362.96442118362506,84.07644098684847,anchors 53.2cm > eps5
flow0000001,2,40,41,5.438720689433497,12.738330405487869,2.0796553101626083,141.33353554457426,60.91513077914715,48.087004169872195,24.631165589168695,anchors 6.5cm > eps5
flow0000001,2,42,45,6.846285931214722,9.11982982104726,3.192180655175412,157.41387306898832,142.62917868047953,45.178739593077054,45.212573378831365,anchors 13.4cm > eps5
flow0000001,2,43,62,44.05697967047737,1.055552219800105,1.6941842184871947,139.81194742023945,255.00333206355572,87.67575758675413,160.9424844129644,anchors 44.8cm > eps5
flow0000001,2,10,13,49.387348782521244,3.732963402926246,0.8043192330446721,831.7404789924622,96.60415182262659,497.95212319526075,46.63951791867754,anchors 52.0cm > eps5
flow0000001,2,13,17,16.95970423594283,1.6632591416067377,0.4449284262206881,96.60415182262659,208.1541370227933,46.63951791867754,53.03890366226108,anchors 17.8cm > eps5
flow0000001,2,11,35,41.06598169685489,7.666627235372452,4.889427190226733,202.799120105803,320.1775085106492,122.38345442205409,202.99549333765714,anchors 40.8cm > eps5
flow0000001,2,53,56,71.2560036605355,0.1810438414346972,2.010206667596271,171.30800220370293,509.6956938803196,95.9296522472064,333.47591321902485,anchors 71.9cm > eps5
flow0000001,2,21,32,64.09217686058231,3.014223838947601,4.5954726335491785,358.4694427251816,203.6912790685892,257.62874757319116,139.25736550802787,anchors 64.9cm > eps5
flow0000001,2,55,58,64.74999016734625,14.637301819513517,1.1274390956356246,812.7594709768891,128.7882323935628,497.94946826364526,32.04428399962539,anchors 64.7cm > eps5
flow0000001,2,60,74,45.13461287982682,1.9406915516172043,4.317623531809229,111.43072213232517,559.640612334013,56.92092385915375,400.77719788393904,anchors 45.6cm > eps5
flow0000001,2,61,68,17.77579125555023,14.889654360983611,1.3209690427451468,411.50084690749645,76.9384645447135,315.2228709984323,41.962446954425005,anchors 18.3cm > eps5
flow0000001,2,134,139,43.93849901951033,9.309040732302048,2.2354537287547025,90.07721120119095,68.42562533169985,33.04161854916356,28.12237885044463,anchors 44.4cm > eps5
flow0000001,2,75,77,7.860848936338329,5.607060528080361,0.8040338132965928,204.7882025912404,45.33970722556114,68.23733158498021,25.94495511942049,anchors 5.3cm > eps5
flow0000001,2,110,148,37.11898263087752,5.006570574889116,6.482467349780076,84.15120074898005,93.30381961166859,55.69787022446371,63.97662185529552,anchors 37.4cm > eps5
flow0000001,2,142,147,10.013868211547019,1.1598688296670474,1.9806370785768623,228.35913154482841,104.04283385723829,92.9850261832681,38.25448649935428,anchors 7.2cm > eps5
flow0000001,3,115,126,60.43418405136502,7.759162613425862,4.7851396365777825,700.8478778675199,66.86932402849197,442.99895599802903,20.131103443036515,anchors 60.9cm > eps5
flow0000001,3,7,46,56.871828806362686,0.8205250784852868,1.28961217090827,270.0093553289771,353.00200944393873,185.71189741145494,273.6781259672946,anchors 57.9cm > eps5
flow0000001,3,76,79,2.735247671814828,14.022764583829648,2.6061426038110143,135.10833394527435,82.68470574915409,46.07153591061305,56.66623526033689,doca 2.54 >= 1.5 (int)
flow0000001,3,52,53,12.163377819521608,4.046146590936381,1.975006662319466,439.1273208260536,164.01883241534233,91.32453224617399,35.69687917620167,anchors 12.1cm > eps5
flow0000001,3,60,66,6.577684768601637,14.001534686523355,3.2438872539020696,143.5001603588462,85.69699253886938,98.87209265024435,43.74235406172333,anchors 6.3cm > eps5
flow0000001,3,105,108,74.24779754156901,2.3455280394350906,4.289834088342988,259.12735291570425,386.1049984693527,171.6554013398697,251.88169059737993,anchors 75.0cm > eps5
flow0000001,3,58,62,42.92548328380064,13.640426331201583,1.2209679797458461,353.5640866532922,59.27571281045675,200.94555646276046,28.33017403583274,anchors 43.1cm > eps5
flow0000001,3,69,80,47.58990189179887,2.2146062593044626,2.2331451905467286,419.4955556988716,117.35131956636906,276.3892888439293,62.44178799517289,anchors 48.4cm > eps5
flow0000001,4,6,8,70.94772469881012,0.8767634937357744,5.981802292773476,442.1058565750718,254.2425365447998,290.45651552768254,140.3192802004408,anchors 71.6cm > eps5
flow0000001,4,56,58,7.174174905830417,10.00687282618006,2.525837916179898,558.6409626975656,79.41956413537264,60.23797087003564,52.38168032947566,anchors 7.4cm > eps5
flow0000001,4,56,62,18.747651228687168,12.492906954938857,5.881191500761291,558.6409626975656,608.1521405205131,60.23797087003564,109.15645158277576,anchors 17.7cm > eps5
flow0000001,4,58,62,2.6871443603924803,3.753621583342147,0.7353071743114102,79.41956413537264,608.1521405205131,52.38168032947566,109.15645158277576,doca 1.73 >= 1.5 (int)
flow0000001,4,51,72,55.8611674681215,0.3987572183178115,2.4621864445908934,170.17588529735804,119.5687367618084,64.27693953513044,70.63213975608474,anchors 56.4cm > eps5
flow0000001,4,84,90,36.314934556180404,4.973784104974931,5.3960569413674095,107.17374581098557,107.14078597724438,54.366271576189575,70.38479656738855,anchors 36.7cm > eps5
flow0000001,5,51,55,2.622260285929197,3.6404620593313646,2.622106155911825,810.4388784617186,516.750951230526,497.28146094260535,95.13130474071852,doca 2.52 >= 0.75 (bnd)
flow0000001,5,21,40,47.63885913662737,0.24595643742241902,2.283937940102813,372.99475222826004,395.20236425101757,223.2133274092082,229.56984506191048,anchors 48.3cm > eps5
flow0000001,5,26,29,10.783087643176588,0.5615225355206758,2.0806726423709647,202.23831359297037,9.247041754424572,81.91483315985258,21.526228374512584,anchors 13.8cm > eps5
flow0000001,5,63,71,45.865190485484455,0.32221678374077767,3.1196105791767876,187.56906481832266,288.7784273773432,96.03097822677486,156.64054627456966,anchors 48.0cm > eps5
flow0000001,6,70,83,40.82148715696709,1.0090471168414703,1.3563785205203336,100.31911420822144,637.0002335980535,61.58486941701729,404.0655851375519,anchors 41.5cm > eps5
flow0000001,6,23,24,15.422450521979131,10.930817491212595,1.626803131379388,459.08216977864504,78.56386857479811,86.58687370782671,33.169409991324414,anchors 15.3cm > eps5
flow0000001,6,30,49,14.150443595686545,8.143341735176426,5.737823282468493,841.5481645017862,84.06251145899296,500.7691978353779,38.14451114066241,anchors 13.9cm > eps5
flow0000001,6,75,76,5.238556419897926,4.213900223098064,5.235324775634404,345.2709802016616,58.20251242816448,79.68015764703753,34.64229739918928,doca 4.48 >= 1.5 (int)
flow0000001,6,81,82,27.928695775713244,1.3811241155871485,1.3868598939570786,120.6986241787672,25.669083662331104,87.44237221647475,25.56708927615024,anchors 28.2cm > eps5
flow0000001,6,64,66,51.250630141901965,13.90903178032472,6.409591221575331,233.85252030938864,38.50020207464695,154.87063666737356,20.287565611175353,anchors 50.5cm > eps5
flow0000001,6,88,96,45.2681467158051,5.0587136055204835,7.4818221276421815,29.845490150153637,188.68684807419777,23.001426490836963,131.83237510819302,anchors 46.0cm > eps5
flow0000001,7,9,13,4.550726628592614,0.37975870758286895,4.427200122284487,91.89512392878532,93.18248749524355,63.814066141990835,45.14906105954445,doca 1.83 >= 1.5 (int)
flow0000001,7,11,37,55.241346676809144,1.0582209275995569,3.216873070025699,521.4021782204509,151.76746749132872,320.0546948927198,87.92307226166801,anchors 56.1cm > eps5
flow0000001,7,16,26,18.79940978264682,13.234472367475004,0.5345732094602934,98.75596620887518,132.71130665391684,45.069413504858275,91.11996441841022,anchors 19.1cm > eps5
flow0000001,7,99,110,64.00277878163891,0.5980728371152464,1.6467364141535195,324.88796953856945,403.7593111768365,196.70742133476188,239.40651056618933,anchors 64.6cm > eps5
flow0000001,7,19,23,79.75170449829173,0.1257538210161711,1.6247156488576775,197.92831716686487,491.0739069208503,123.36469913240057,299.2295574129672,anchors 80.5cm > eps5
flow0000001,7,21,25,56.75201771796314,1.7064117162934511,4.373567931769776,163.420772254467,536.3470579236746,96.68787364697137,349.89295011663114,anchors 57.3cm > eps5
flow0000001,7,32,44,9.488340389014335,14.703604473864296,7.379587764581674,350.4559439867735,158.396314419806,253.41215886458764,85.57374341955847,anchors 5.5cm > eps5
flow0000001,7,32,47,63.70397579993654,1.7726334756262898,5.90845273118291,350.4559439867735,130.47318971157074,253.41215886458764,80.2636978540199,anchors 64.3cm > eps5
flow0000001,7,45,57,3.088821973067396,0.5130764925969333,2.2303099937336444,265.5028672218323,192.54113717377186,179.3675539736496,136.3207399959726,doca 2.58 >= 0.75 (bnd)
flow0000001,7,53,54,16.960534511404703,9.799120139237218,1.6996719766365909,720.6457218304276,199.1066073179245,410.97642880870046,81.47242917496018,anchors 16.5cm > eps5
flow0000001,7,149,152,42.02971978723879,0.2670015184631775,2.8519021000735862,83.79261975735426,542.5418504104018,62.91122293727944,390.11738133583196,anchors 42.5cm > eps5
flow0000001,7,59,61,1.2140161392448845,14.606244488537326,0.2909933658229172,325.0438492298126,239.03541153669357,71.84632496996618,154.3356362174959,doca 1.84 >= 1.5 (int)
flow0000001,7,60,61,22.266135343107873,8.123310284227946,4.007820206221183,359.4695507287979,239.03541153669357,63.004027689974286,154.3356362174959,anchors 22.2cm > eps5
flow0000001,7,66,73,5.618159984820824,12.991331661366017,1.0919928324651325,41.12333419173956,122.39854808151722,24.145902302089606,57.603528751322166,anchors 5.6cm > eps5
flow0000001,7,72,75,6.223047231035707,10.891910211493645,4.5508879741064225,136.07118836045265,305.7921585291624,42.919841975120406,72.42931333131767,anchors 10.5cm > eps5
flow0000001,7,117,120,3.91470350469042,2.4664935876303056,0.7766742148242071,136.16911461949348,366.6451900973916,43.72288823399181,73.41301964864591,doca 0.75 >= 0.75 (bnd)
flow0000001,7,121,134,42.171456962694286,0.507140860397149,2.5597741815088257,164.55256985872984,254.24906612932682,101.2589985768272,163.28685998497616,anchors 42.7cm > eps5
flow0000001,7,134,141,13.574365912606416,0.23626477954831107,2.9025989970452506,254.24906612932682,145.62044873833656,163.28685998497616,101.13645888720096,anchors 14.0cm > eps5
flow0000001,7,131,160,68.84040304090894,0.4903156063569939,1.2231774739911305,575.8953010514379,159.54451087117195,335.5266769727029,93.16202749895197,anchors 69.8cm > eps5
flow0000001,7,158,161,4.053447462505624,6.007683011351062,4.029200518660267,275.6677010431886,246.08525568246841,100.48692788590297,50.06717412496122,anchors 11.9cm > eps5
flow0000001,8,5,44,59.828156428652555,1.403800045086621,2.649176782632449,373.5563518181443,317.56775388121605,243.99787014492176,196.76826270108933,anchors 60.4cm > eps5
flow0000001,8,7,12,10.3694245989423,13.149369017346103,1.7064176855253272,123.55900817364454,182.83790466934443,91.0680493334828,97.05701907934873,anchors 10.2cm > eps5
flow0000001,8,26,33,10.259335258291546,6.178666484768352,4.229355074601128,585.4259243905544,456.28389079868793,105.97387971191529,110.2324168158323,anchors 10.1cm > eps5
flow0000001,8,26,34,16.425350321860673,2.460500696368707,1.362287234113748,585.4259243905544,37.96025848388672,105.97387971191529,29.801161780764073,anchors 17.0cm > eps5
flow0000001,8,26,39,11.56352237762953,10.08575230174055,0.5757018520360804,585.4259243905544,96.11038461327553,105.97387971191529,37.92646512954143,anchors 11.9cm > eps5
flow0000001,8,26,41,31.72861060021159,1.3407503546811812,2.128197242756977,585.4259243905544,722.7367115095258,105.97387971191529,83.7135009901805,anchors 29.9cm > eps5
flow0000001,8,33,34,26.006068475238045,5.394136899103051,6.379638902529329,456.28389079868793,37.96025848388672,110.2324168158323,29.801161780764073,anchors 27.1cm > eps5
flow0000001,8,33,39,4.958386875390383,6.989681023076635,4.198034774873201,456.28389079868793,96.11038461327553,110.2324168158323,37.92646512954143,doca 3.10 >= 0.75 (bnd)
flow0000001,8,34,39,27.9363575444601,7.765682753246885,0.597990673793941,37.96025848388672,96.11038461327553,29.801161780764073,37.92646512954143,anchors 28.7cm > eps5
flow0000001,8,34,41,70.34913341237392,2.649132065180604,4.54869682794743,37.96025848388672,722.7367115095258,29.801161780764073,83.7135009901805,anchors 70.7cm > eps5
flow0000001,8,49,56,64.8243853325468,2.939888818304798,5.178422319401459,302.39868176728487,397.6891970708966,201.0378645298521,246.60972680258294,anchors 65.3cm > eps5
flow0000001,8,47,74,46.21851823547098,3.715157473698666,4.1550295083337545,244.01019046455622,59.74480044096708,184.7457802213417,41.903343092562935,anchors 46.6cm > eps5
flow0000001,8,96,109,18.630143186346523,10.320654280867448,5.292417190221131,759.5946383997798,64.32915159314871,497.6528392736044,29.96112264349449,anchors 20.6cm > eps5
flow0000001,8,35,73,44.29118324460803,0.8967298878220541,3.4600589333089213,548.1817224472761,159.03561714291573,340.6900982615091,102.25542896019778,anchors 44.9cm > eps5
flow0000001,8,62,88,51.50395518662804,0.9297262501850632,1.0798206150444893,440.2193174287677,263.04692433029413,287.74115592295664,170.34400385493385,anchors 52.3cm > eps5
flow0000001,8,117,119,4.606276187874593,8.235716182636395,4.567257896709196,332.0156801342964,125.09747295081615,199.40145197773393,28.399318804494317,doca 3.29 >= 0.75 (bnd)
flow0000001,9,9,11,39.19868115735557,2.558148763611305,1.8909476754928898,778.3173736780882,62.553911454975605,499.79417430745195,37.019863385215956,anchors 39.3cm > eps5
flow0000001,9,71,79,41.64191728100408,11.814983180647143,1.6070854664565644,56.81993003189564,84.79130079597235,21.14330032511326,46.40876912982528,anchors 41.6cm > eps5
flow0000001,9,14,27,43.01546488905617,3.8683938958308968,2.816722586368722,313.6991356909275,369.6375769227743,197.116348494904,263.7631566146142,anchors 43.5cm > eps5
flow0000001,9,25,47,56.21859546751627,5.204861773286099,6.217640373392344,482.9206037595868,144.72415032982826,233.75461974134024,99.45904458799231,anchors 56.4cm > eps5
flow0000001,9,44,50,43.053681601211345,9.039168317926736,3.7289259296839337,113.96580135077238,327.1055472046137,74.81586176116804,215.67572095980867,anchors 43.5cm > eps5
flow0000001,9,42,49,46.63509024836228,0.47474133116243633,1.4368578707254007,480.07089214771986,296.9194652363658,276.0522605926409,180.27666226145402,anchors 47.4cm > eps5
flow0000001,9,51,59,4.671756804508423,6.624918871502091,4.670581417299008,450.7440118268132,44.70327068120241,296.1624428111081,24.625703574267867,doca 3.56 >= 0.75 (bnd)
flow0000001,9,51,61,51.89738599076079,1.1379525182201764,1.7639483844207506,450.7440118268132,209.82237739115953,296.1624428111081,149.24875236457626,anchors 52.5cm > eps5
flow0000001,9,137,143,4.891752473829098,12.34846989409608,4.8699173396041315,313.88877433538437,197.3135343492031,143.29140079268356,71.06471871728394,doca 4.28 >= 0.75 (bnd)
flow0000002,0,6,7,2.766905465545259,0.33058218477385215,2.6079570760440554,185.5552967786789,356.7809741869569,43.39648983615064,51.22800255443804,doca 1.04 >= 0.75 (bnd)
flow0000002,0,54,59,33.960613628659885,1.7557932206391946,2.0938020495162823,938.213287115097,679.6418092995882,131.214172252393,84.55918595407223,anchors 30.6cm > eps5
flow0000002,0,10,16,41.31464714578598,5.636592084373095,2.533321196997345,410.73336466401815,270.8935505822301,287.7666903532953,172.72015730765847,anchors 41.8cm > eps5
flow0000002,0,40,45,31.771492322116487,4.012110484685482,1.915553341423892,693.5462956875563,156.70992356538773,509.31896957767935,57.95953357558771,anchors 31.8cm > eps5
flow0000002,0,104,106,10.96921245193171,8.775961881985584,4.164139168799681,170.6717227473855,416.1503147855401,48.157789198308194,69.7131970662654,anchors 9.9cm > eps5
flow0000002,0,58,90,49.52426725085329,0.5982499103284772,1.8388313384572093,446.9737927019596,156.72648345679045,254.21131231118244,96.05963531157606,anchors 50.3cm > eps5
flow0000002,0,86,100,7.4080673185860695,12.408660202127367,1.9121802385472706,152.94528110325336,78.73886124789715,110.18341094661278,39.9659785300218,anchors 7.6cm > eps5
flow0000002,0,107,108,48.983651879221405,6.457506421287023,1.7886156761846295,651.6811021417379,180.0558598563075,186.47053902401865,49.20609411731119,anchors 49.2cm > eps5
flow0000002,0,107,114,33.73734125974967,8.841232961554669,4.481728415573087,651.6811021417379,437.7487206682563,186.47053902401865,173.2597609420087,anchors 36.1cm > eps5
flow0000002,0,108,111,7.2260372162048006,2.1409839013355545,4.249604323653248,180.0558598563075,167.36773066967726,49.20609411731119,97.29134122736018,anchors 7.5cm > eps5
flow0000002,0,108,114,55.319256651049265,9.37459220448166,7.881899337626378,180.0558598563075,437.7487206682563,49.20609411731119,173.2597609420087,anchors 55.4cm > eps5
flow0000002,0,111,114,48.5103256330302,8.181903360766066,4.9307143647445235,167.36773066967726,437.7487206682563,97.29134122736018,173.2597609420087,anchors 49.3cm > eps5
flow0000002,1,11,12,5.889541413735416,9.99323371399095,5.873802622341432,231.6529324874282,84.84002367407084,96.22493163438116,52.991632404995364,doca 3.56 >= 0.75 (bnd)
flow0000002,1,8,32,64.4987272180637,0.3384377052298398,2.6739282831874154,156.29194892197847,494.326788879931,98.17289648927314,328.296311537115,anchors 65.1cm > eps5
flow0000002,1,125,136,43.24311058476803,12.097442059711708,1.0089840105830834,57.20430777966976,470.3132024258375,32.57363165469632,346.01255331083905,anchors 44.1cm > eps5
flow0000002,1,95,116,12.424525470744205,10.452964572746573,3.2453039671000674,262.09760097414255,108.77654032409191,114.46275762645325,49.66223404867597,anchors 8.8cm > eps5
flow0000002,1,21,25,15.575273140093728,1.8945875045822542,2.748598582000746,60.224397882819176,146.29207458347082,42.86434106925691,98.43822565789063,anchors 15.9cm > eps5
flow0000002,1,42,43,1.88167370428972,5.137611172079249,1.8814372545618019,258.85921124368906,361.3812537416816,68.28961265167376,195.17792429583554,doca 1.30 >= 0.75 (bnd)
flow0000002,1,42,51,31.818126843203135,12.670573259111276,1.405723651935599,258.85921124368906,27.611672766506672,68.28961265167376,20.140759810830144,anchors 32.0cm > eps5
flow0000002,1,43,51,75.64093879959117,8.820900522475593,5.182978783788982,361.3812537416816,27.611672766506672,195.17792429583554,20.140759810830144,anchors 78.0cm > eps5
flow0000002,1,29,35,5.781517343974333,11.828728336084199,2.2485594955766905,262.79677963256836,233.35397662967443,195.22482163509028,169.01405015515863,anchors 5.5cm > eps5
flow0000002,1,137,144,9.272132442102667,2.3351373493198624,5.989232371271746,160.58698190748692,187.04806754738092,97.34265236703942,94.77409524890695,anchors 7.3cm > eps5
flow0000002,1,130,147,39.992213326164915,1.6653518624240315,2.373359003245639,756.6073473021388,293.1530695781112,461.2624283320752,95.80190013917465,anchors 39.8cm > eps5
flow0000002,1,130,149,5.029815882148756,1.7211072010695248,3.138317140917722,756.6073473021388,105.9152029082179,461.2624283320752,36.03983360720324,anchors 5.5cm > eps5
flow0000002,1,147,149,2.5847429581566526,3.328499762032669,2.5847428622248594,293.1530695781112,105.9152029082179,95.80190013917465,36.03983360720324,back-wall veto (vz 914)
flow0000002,1,56,68,40.907318566352316,1.1267569239177422,5.082496473516423,156.2198195978999,586.3849659562111,99.26598313842588,377.395994949684,anchors 41.0cm > eps5
flow0000002,1,67,91,48.050020508075185,1.7352268134159854,0.7348900127566452,554.0464329048991,89.52835098654032,396.2830089332816,55.80330806703985,anchors 48.8cm > eps5
flow0000002,1,140,158,47.517531797900475,1.5330101341308227,3.5768274981534836,258.85332111269236,440.0256950110197,179.59136991074092,276.27553377252264,anchors 48.2cm > eps5
flow0000002,1,153,154,27.251464163112345,3.1499169490265633,0.7255728374933612,881.2752069085836,406.727168366313,95.55121639535187,145.7917449457579,anchors 27.8cm > eps5
flow0000002,1,153,168,34.2546841500163,9.521243183571682,6.028134493654435,881.2752069085836,77.52522122859955,95.55121639535187,32.14324196145857,anchors 35.9cm > eps5
flow0000002,1,154,168,12.197291876620277,7.785065045939922,3.272736201753557,406.727168366313,77.52522122859955,145.7917449457579,32.14324196145857,anchors 13.5cm > eps5
flow0000002,1,155,159,7.349469161362813,4.962822035040256,2.714950977263631,308.96510507911444,335.99225098639727,57.93365429482301,60.7425941794062,anchors 8.2cm > eps5
flow0000002,1,152,161,6.125382834908595,12.867875333161793,0.13773348727103057,152.31935474276543,77.18367645144463,95.93773880465983,43.71224766845264,anchors 6.4cm > eps5
flow0000002,1,101,102,26.449924623149002,2.810694996027916,2.5739825082875383,478.06189977377653,179.2485716342926,97.00103499122784,78.50751003880916,anchors 26.6cm > eps5
flow0000002,1,100,115,58.926616401510586,1.5092386147770516,5.318383945778676,450.33654467761517,232.16676647216082,300.67638425822037,146.66049581002204,anchors 59.6cm > eps5
flow0000002,1,157,163,24.453463305814633,12.585266122248601,3.7432201407671424,268.7896622940898,175.42310544848442,154.6402320241864,82.82304288771243,anchors 24.7cm > eps5
flow0000002,1,157,164,28.173066923294847,9.715218421462964,3.839964993473572,268.7896622940898,30.951174162328243,154.6402320241864,27.940015724535634,anchors 29.9cm > eps5
flow0000002,1,157,174,26.88214837569506,10.903685448405886,7.920370076497396,268.7896622940898,105.44070276618004,154.6402320241864,95.59917834206743,anchors 27.8cm > eps5
flow0000002,1,163,164,3.746933856975502,3.6309883228440487,0.8750012873356063,175.42310544848442,30.951174162328243,82.82304288771243,27.940015724535634,anchors 5.5cm > eps5
flow0000002,1,163,173,16.00201918150711,6.885326231551943,2.5482921567229666,175.42310544848442,98.46282809972763,82.82304288771243,51.63707394989123,anchors 14.9cm > eps5
flow0000002,1,164,173,70.70569046087078,10.035655445326606,3.761085135911019,30.951174162328243,98.46282809972763,27.940015724535634,51.63707394989123,anchors 72.8cm > eps5
flow0000002,10,6,11,9.98038132053758,12.777505143739067,4.805870456424294,62.251696683466434,66.2992872595787,47.17634662647565,49.75496257566516,anchors 10.1cm > eps5
flow0000002,10,6,15,6.744735730438804,12.256847761660048,3.100390498593543,62.251696683466434,56.07394413650036,47.17634662647565,25.41944467143832,anchors 6.3cm > eps5
flow0000002,10,26,29,5.715742566486174,11.383699478103841,1.6047851992786886,269.1020706295967,81.25610722601414,167.98189272596125,61.31605325868171,anchors 5.9cm > eps5
flow0000002,10,29,32,14.11839961703085,0.21606182705631616,2.5459710486982043,81.25610722601414,119.34804850816727,61.31605325868171,86.41681129152781,anchors 14.7cm > eps5
flow0000002,10,60,78,16.236635065200606,11.9953519439166,7.07783929348489,909.5529456064105,48.14053847640753,498.6905180204806,30.473170180877126,anchors 16.2cm > eps5
flow0000002,10,89,90,3.2961975558389933,0.8344721272690291,3.245287148610451,326.2340859621763,319.7483855560422,75.91102440233563,63.00637082179749,doca 2.54 >= 0.75 (bnd)
flow0000002,10,91,92,2.016219574017669,0.7154200477356366,2.014526071098994,184.6671213284135,240.03934586048126,33.26511251261224,52.250330625227704,doca 1.33 >= 0.75 (bnd)
flow0000002,10,104,105,6.9251300573923285,5.9414959020355305,3.5064625343409377,96.20098377764225,114.74618066102266,27.51099108836995,33.42766333001413,anchors 7.1cm > eps5
flow0000002,10,143,150,31.19558575381118,10.67691708493592,7.433624272262491,321.98475281894207,46.646496683359146,85.45024171710233,25.31603144321139,anchors 31.6cm > eps5
flow0000002,11,13,17,36.18719089383108,2.7903031754090395,1.8184929954912112,294.8687570616603,604.2303458973765,76.79091083158062,75.55147918283922,anchors 34.8cm > eps5
flow0000002,11,72,92,40.020426907526904,0.10005534210547089,1.5807871612535267,158.0388456955552,211.44555167853832,99.79983812016818,128.31350330160802,anchors 40.7cm > eps5
flow0000002,11,77,88,42.04904529492983,6.75920157316674,5.046276899904213,131.03415306657553,184.87045688182116,73.37720972311696,45.753913192492305,anchors 42.1cm > eps5
flow0000002,11,88,89,3.220237290985037,7.856855258640367,0.9433337355719338,184.87045688182116,382.08065113425255,45.753913192492305,57.376564611929325,anchors 5.6cm > eps5
flow0000002,11,90,124,53.02263660225048,0.15951478973627103,1.0543668210990005,566.3207279294729,159.45152159780264,360.20894221944536,90.04370240072245,anchors 54.0cm > eps5
flow0000002,11,44,62,46.305901028136056,0.9018759478003308,0.44309499870291746,262.17896899580956,478.97301095724106,161.63690714970477,292.7876092741821,anchors 46.9cm > eps5
flow0000002,11,105,117,6.073813562050728,13.847499468702525,1.4863046896636096,35.65797125548124,90.00619523227215,21.283546653531705,32.5239159124968,anchors 6.3cm > eps5
flow0000002,11,55,59,19.25194634212229,12.002747364876866,1.638011507073318,139.23426760733128,124.87726055830717,95.15458582263204,82.52869073240439,anchors 19.5cm > eps5
flow0000002,11,91,102,29.701095802847163,2.430408948137772,3.6890497128462814,824.8517590388656,257.77327028661966,126.41338026432071,133.57934312174254,anchors 28.4cm > eps5
flow0000002,11,122,133,39.564261013307956,9.594844591612746,6.573228472307593,430.4221418425441,28.19237955659628,284.1355036299325,22.332648900460484,anchors 39.5cm > eps5
flow0000002,12,54,60,54.643016175243176,0.9295319340632252,1.8186553400405698,421.6844678670168,297.2681768089533,247.036102594822,196.51200631789757,anchors 55.3cm > eps5
flow0000002,12,106,142,77.24438126066265,0.494953948776019,1.2461605218805587,535.6077584698796,112.95247036963701,348.33850316671476,76.15497711064668,anchors 78.1cm > eps5
flow0000002,12,18,38,46.18155847207705,3.8338981019966476,3.72202514154695,148.47652984410524,168.578344643116,34.752119977595456,35.33573648018888,anchors 47.6cm > eps5
flow0000002,12,76,80,13.757500193999041,12.53490669400202,5.875087062651017,163.07189781963825,150.61369704455137,35.46013990515859,80.07396631411054,anchors 14.7cm > eps5
flow0000002,12,105,134,60.93370279620751,2.269986031654615,2.6458730020404557,306.6018417701125,401.163724668324,197.19341752155174,242.05111118885424,anchors 61.6cm > eps5
flow0000002,12,55,78,69.85869348228046,1.8065088195592736,1.5785419850958677,362.14841870963573,85.16930858790874,235.38259807080414,43.798884101572305,anchors 70.3cm > eps5
flow0000002,12,104,113,49.214890149293744,9.284722782905645,2.9310541980441798,812.1117223724723,173.86059457808733,246.12426767363883,70.30796744965266,anchors 46.7cm > eps5
flow0000002,12,125,164,40.8257950059791,5.7766344450272475,7.491084870496966,636.4899062737823,33.92349433898926,439.86745904163195,23.194086262748296,anchors 41.5cm > eps5
flow0000002,2,3,5,55.7262008476581,7.814201909527542,2.863620599245634,713.2888819500804,149.0981590077281,380.0059006210278,33.622737492795736,anchors 55.7cm > eps5
flow0000002,2,4,9,1.0341962155222615,6.317576131792728,1.0335747135608584,155.12830556184053,208.6186070367694,54.60774865595243,41.48657976265556,doca 2.57 >= 0.75 (bnd)
flow0000002,2,81,85,17.87635399286664,3.6269188689063254,3.3165973796264474,694.0414966717362,58.443584226071835,499.2426509857478,21.98145733040531,anchors 19.4cm > eps5
flow0000002,2,102,104,26.02212412104314,5.495097723562782,1.3134466929063187,978.8906326517463,142.42616273462772,497.8969409741192,42.63952602541312,anchors 26.3cm > eps5
flow0000002,2,22,24,36.790095396124016,11.574250843038758,2.819002015376282,49.304818622767925,447.63952895253897,39.285624516209126,161.47009965390035,anchors 37.3cm > eps5
flow0000002,2,38,55,46.72303538771352,3.0307685991596314,7.186062580674505,260.6470313668251,274.79178561270237,161.66463579835744,173.73916658262078,anchors 46.8cm > eps5
flow0000002,2,84,92,5.457753752346704,12.04496871297758,1.6756176304121089,55.97267446666956,200.05895499140024,26.4557653254736,97.41608935129472,anchors 5.5cm > eps5
flow0000002,2,109,110,29.954112243382916,6.895748870069668,2.1982730470121914,228.17028580605984,421.32461220026016,45.298946695250386,151.63563574312042,anchors 30.0cm > eps5
flow0000002,2,109,112,5.580562776317077,4.577818703874056,1.7122174848735976,228.17028580605984,386.198940731585,45.298946695250386,66.72982389878075,doca 1.26 >= 0.75 (bnd)
flow0000002,2,110,112,14.792596427835198,10.75144282705368,3.1753377613115648,421.32461220026016,386.198940731585,151.63563574312042,66.72982389878075,anchors 16.0cm > eps5
flow0000002,2,44,57,7.223219839362646,12.486572688213448,4.298939125851265,111.51893521100283,106.40276055783033,82.2598040683616,38.41140964643124,anchors 5.7cm > eps5
flow0000002,2,71,80,7.996590923803837,14.918632729356933,2.4316977326923124,245.7153672799468,66.38176666945219,201.1390193557226,40.75687220471363,anchors 8.0cm > eps5
flow0000002,3,30,31,15.079646745209,6.88222879075924,7.143403740324298,774.7418781742454,148.09629148244858,116.20557442250123,32.7521050517185,anchors 14.9cm > eps5
flow0000002,3,30,34,6.836512810990453,1.6081132623153147,2.173399070338766,774.7418781742454,301.16815861314535,116.20557442250123,111.04587142303177,anchors 8.2cm > eps5
flow0000002,3,31,33,9.294563518071753,7.206451799469748,3.041838693032338,148.09629148244858,222.56304942816496,32.7521050517185,136.40858140115517,anchors 8.4cm > eps5
flow0000002,3,73,77,1.8138515950784797,12.74209578266051,1.6000754822297942,51.67159175872803,47.800903618335724,32.04673720805015,20.353416334893282,doca 0.94 >= 0.75 (bnd)
flow0000002,3,75,88,9.827941959569802,9.702241796340685,2.943773151578607,172.19729359447956,178.89779274910688,143.71221203979104,132.47401485881238,anchors 8.2cm > eps5
flow0000002,3,39,61,57.40181973116564,7.640249586818072,5.244926029039727,41.26377349346876,80.55056459456682,24.588763799159736,59.77534845191143,anchors 58.7cm > eps5
flow0000002,3,135,136,8.152660673845533,8.712813656517278,0.9265880607254546,297.9640063792467,45.40308025479317,146.33574849659865,33.2311680811465,anchors 8.1cm > eps5
flow0000002,3,50,58,75.05531904789343,0.3586926480899102,0.8413490291525485,131.99175448715687,169.50840221345425,87.17843050139231,121.94116584614339,anchors 76.4cm > eps5
flow0000002,3,59,64,3.0503256142079773,7.020600361760148,2.8306997984324918,115.15460181981325,113.89128222316504,32.139888688834986,40.732260560694996,anchors 5.5cm > eps5
flow0000002,3,84,87,16.995287683381218,2.1044193739288146,2.3601074965962248,279.4097268432379,225.22121184319258,47.26055218167588,59.79606291469439,anchors 18.7cm > eps5
flow0000002,3,90,99,17.153186797016048,1.5366893543286224,0.30184718824880563,201.56764371693134,789.4616112336516,35.31804854029278,92.59298102708229,anchors 18.5cm > eps5
flow0000002,3,95,98,5.802561102726393,10.741730716055127,3.1522613189879247,123.56330491602421,46.899191953241825,43.58474211089623,31.9370861605226,anchors 6.5cm > eps5
flow0000002,3,100,101,5.310107161078059,12.844563777163271,4.406621537215475,176.47751700133085,34.00406400114298,43.197273672043465,21.783340999964196,anchors 10.3cm > eps5
flow0000002,3,117,134,7.18324219812286,14.292732047259474,5.160673921757346,280.54455733299255,138.0583639666438,199.38950647864175,66.35458402076773,anchors 5.4cm > eps5
flow0000002,4,56,77,74.54889717503035,1.3016238240802704,4.044646648541144,266.62176421284676,426.50766345858574,146.25955335030136,275.97516917569624,anchors 75.5cm > eps5
flow0000002,4,58,80,44.05315019198608,0.3656040281236026,2.1522073200907257,476.0320580005646,291.42257603257895,273.22610303475057,184.00853822406077,anchors 44.6cm > eps5
flow0000002,4,3,17,51.18452396477914,1.3796216879121146,2.1934485057315625,231.40008056908846,445.03407100588083,155.32556531616524,276.44825142354864,anchors 51.6cm > eps5
flow0000002,4,17,27,26.96423052159874,1.5392214701968683,7.151756628329642,445.03407100588083,97.87113489210606,276.44825142354864,79.43809066374985,anchors 26.9cm > eps5
flow0000002,4,5,6,18.718488774978336,13.48808900003881,4.77872194030263,350.135252378881,111.04427490383387,87.08265338262225,26.881418291946776,anchors 17.7cm > eps5
flow0000002,4,64,76,63.4585968657764,0.8033896500822861,0.31502692510250146,123.32685293257236,502.1759655252099,95.22910262796682,338.50137627202685,anchors 63.8cm > eps5
flow0000002,4,40,45,62.4201545763834,7.256854858658946,1.8117871774707808,414.4166364222765,154.11131129413843,240.99764496868715,35.440741202940494,anchors 62.4cm > eps5
flow0000002,4,15,31,8.92731476844131,14.933340440905262,2.2151885826033504,72.11829499155283,78.48186584562063,37.61084162612458,49.09520163052729,anchors 9.6cm > eps5
flow0000002,4,32,33,21.158116147930993,7.057546751703445,1.3598354835698179,399.5442056134343,175.95381327718496,45.91577205060733,42.42460244100093,anchors 21.2cm > eps5
flow0000002,4,21,24,5.767721002177778,12.41950190897503,2.9000030730909625,358.2318707332015,338.3779745474458,57.8052088550344,41.04704350864763,anchors 5.4cm > eps5
flow0000002,4,39,51,41.15844019516721,1.8503379533331914,3.4253665734927012,517.1088986769319,220.5782675743103,331.591364622589,128.882411797138,anchors 41.8cm > eps5
flow0000002,4,42,54,42.744857926474346,5.378403028539818,5.993613234591989,428.6648954078555,150.25001914799213,298.14386849192067,103.07896088970338,anchors 43.3cm > eps5
flow0000002,4,65,95,75.12759190631255,3.089479293031337,0.5655544189317044,387.71113604307175,273.25156781822443,234.13686073400288,197.37544225530854,anchors 75.9cm > eps5
flow0000002,4,99,105,41.049978782390724,0.9205835769253761,1.987523947624567,107.3253319337964,410.8241243585944,65.738074420152,252.74498920987418,anchors 41.9cm > eps5
flow0000002,4,85,97,79.22276585691014,0.5831016024273317,3.147634504756634,46.50446383655071,46.72005943953991,31.10981998022798,27.6651164712233,anchors 80.0cm > eps5
flow0000002,4,104,108,13.728698703178166,8.875170180641724,1.9652867710826625,119.27273218333721,57.64250572025776,51.687300206577504,36.15818839009431,anchors 14.2cm > eps5
flow0000002,4,111,112,1.2076502042575523,1.7375428621346771,0.8497285278279397,206.34147665649652,249.00932890176773,51.336747361165514,70.72697602252588,doca 1.10 >= 0.75 (bnd)
flow0000002,5,53,83,49.4770231589258,1.625509558904906,1.9166144025096024,443.5051596984267,249.72124210000038,291.80155676169454,158.82478889995093,anchors 50.2cm > eps5
flow0000002,5,15,25,49.75830678743484,1.6960015411486438,3.6905441238984857,586.2037639990449,80.59403412044048,401.5303251882391,52.84251639851211,anchors 50.0cm > eps5
flow0000002,5,54,56,5.250575755689583,3.884094592687813,3.1755360303996714,162.51651114970446,450.23924857378006,53.67885903216709,69.28826782457824,anchors 5.0cm > eps5
flow0000002,6,111,129,5.840430543570298,0.18016869318352763,0.35528222333949966,380.7132018581033,385.6733309030533,254.33498818792083,234.31012330936954,anchors 8.3cm > eps5
flow0000002,6,54,67,61.23752521420856,0.49695432394056566,2.040966217125362,331.90453719347715,70.59129305183887,198.82890897247057,41.05426700443577,anchors 61.8cm > eps5
flow0000002,6,62,65,3.4568156181243856,3.2543069102108366,2.936591244266738,104.7017235159874,176.08931862562895,77.58240389449304,127.98681001341727,doca 1.98 >= 0.75 (bnd)
flow0000002,6,107,131,7.667791032439631,11.308470106855344,0.757817197769831,480.0979653522372,47.7045708373189,373.2630651448646,33.30829639431165,anchors 6.2cm > eps5
flow0000002,6,16,21,41.740342444166004,2.5148822520519785,2.439117899801276,857.5816860571504,147.8319726511836,396.40309628459556,47.33276865475783,anchors 42.4cm > eps5
flow0000002,6,16,36,73.6087573968882,2.176963798000663,2.200084099535837,857.5816860571504,68.71414710581303,396.40309628459556,26.895295888067494,anchors 74.0cm > eps5
flow0000002,6,123,124,12.456472832541623,8.285276144892952,3.5135469832882116,122.78292620182037,60.43712652474642,41.89978024492617,32.206109996385564,anchors 12.0cm > eps5
flow0000002,6,44,45,63.322610644360715,8.883307643625042,4.540113626011585,38.0056381970644,77.78699301183224,22.962348994269966,25.54882776282404,anchors 64.9cm > eps5
flow0000002,6,71,89,20.95432537086347,13.356908792277375,5.880472985037802,305.8340388312936,162.0711503997445,198.85755433906397,42.03656033517646,anchors 21.2cm > eps5
flow0000002,6,76,79,29.03819191441799,4.943889101612616,1.7454434939748908,96.32518328726292,165.458260782063,35.641283578852736,37.701693125776984,anchors 29.3cm > eps5
flow0000002,6,50,56,1.6745397078466926,0.5741602862015934,1.672904653301292,786.7988220453262,322.4648229405284,138.14818589834152,57.88384702323751,back-wall veto (vz 903)
flow0000002,6,74,80,42.74837210579069,1.5326665380212436,1.136427929647592,239.9442901611328,217.7545103058219,185.69599323983346,166.85844056053276,anchors 43.4cm > eps5
flow0000002,6,126,134,2.268065316522587,10.578264111153475,2.2397221934377662,421.19022665917873,49.19112914055586,296.5002653227277,28.645215292822975,back-wall veto (vz 909)
flow0000002,7,6,17,5.919515459923859,10.316357950889909,1.6709467466398296,270.9849503263831,56.67949080467224,194.8523554979331,30.81683248167972,anchors 6.1cm > eps5
flow0000002,7,170,171,3.873679424290471,12.34672364057139,3.476352750682428,82.82243829965591,134.2827349230647,45.39731762662309,42.4730979652381,doca 1.07 >= 0.75 (bnd)
flow0000002,7,115,150,65.5677252614191,1.2921670340547695,1.9013836241779538,515.9949355944991,210.43636064976454,297.56534100926604,135.82255758949134,anchors 66.2cm > eps5
flow0000002,7,123,124,2.2019984651325624,2.074690330985497,2.0256130182085417,830.3849456757307,149.60386955738068,72.01320906853334,51.22425881671427,doca 2.57 >= 0.75 (bnd)
flow0000002,7,19,22,4.781856496554225,8.120973392147866,1.5339052910125306,57.53566272556782,414.24944511801004,23.064621086584964,134.9008041676142,anchors 5.6cm > eps5
flow0000002,7,135,148,48.69716253389599,1.9445405486253122,5.725916384564933,198.8553488254547,375.3989487141371,152.37073827353163,296.7764400119221,anchors 49.0cm > eps5
flow0000002,7,56,67,5.590107517500918,13.115249662127338,1.3987246247953706,244.5760907009244,74.69557043910027,199.303981691903,39.658175465635566,anchors 5.7cm > eps5
flow0000002,7,72,73,5.07805054381755,10.205046091991496,3.8598751551658643,94.09040880203247,63.54845280200243,32.22042289797883,29.11908109111843,anchors 5.1cm > eps5
flow0000002,7,81,83,32.67005027037689,13.211690133683517,5.872018228513684,270.5730222314596,207.80733873695135,76.18036847446098,151.5444158274034,anchors 30.9cm > eps5
flow0000002,7,81,84,2.015646453345893,2.734960080404807,1.933117978220084,270.5730222314596,348.90218937397003,76.18036847446098,42.41060264717262,doca 1.53 >= 0.75 (bnd)
flow0000002,7,83,84,3.6118502764731044,10.901602000448856,2.285034709077508,207.80733873695135,348.90218937397003,151.5444158274034,42.41060264717262,anchors 8.0cm > eps5
flow0000002,7,79,101,56.55173053976588,13.6431964588205,4.401630420408603,128.9836080521345,68.1826433762908,95.46033873143183,47.30386260816282,anchors 57.2cm > eps5
flow0000002,7,27,31,34.05639259857018,14.182937671568988,7.939060722791741,147.06879054009914,354.71259961277246,87.16230417909733,201.1493744537086,anchors 34.0cm > eps5
flow0000002,7,27,63,62.37159085954404,2.7638963717002363,6.399604201905092,147.06879054009914,655.117416895926,87.16230417909733,186.15327712574083,anchors 62.8cm > eps5
flow0000002,7,29,30,18.293571763330785,11.439283024294472,2.633247465035402,224.07126251608133,566.7718216180801,42.92368382283476,402.4867001129877,anchors 18.2cm > eps5
flow0000002,7,29,35,8.91652443632955,11.610233253476057,5.753564866594065,224.07126251608133,100.99392387270927,42.92368382283476,35.72210667827011,anchors 8.4cm > eps5
flow0000002,7,139,173,63.576696369621004,0.7942876011703025,2.043821458892399,674.1110068038106,59.92042922973633,397.90443057186997,37.445670346053106,anchors 64.1cm > eps5
flow0000002,7,134,136,76.91694718863566,1.9230198065787816,3.8072606642355478,126.47034195065498,515.9850616827607,83.56838878238487,341.41836233326694,anchors 77.9cm > eps5
flow0000002,7,172,174,5.756816665296992,13.292714382105684,1.7189561551607804,75.23965378850698,108.27592654526234,50.18452948118443,54.361753998602055,anchors 5.7cm > eps5
flow0000002,7,120,132,22.221774257346407,4.2968016469029875,6.464185137267909,307.11041581630707,133.37210696935654,224.10493510822843,98.50973327817542,anchors 22.1cm > eps5
flow0000002,7,142,168,59.29074792318541,2.861898777205554,4.2808412022859885,88.78491160273552,628.7232128605247,41.6223232122897,397.6446388894699,anchors 60.0cm > eps5
flow0000002,7,156,158,2.104541056430964,7.388858171350737,1.6372014125720633,115.56541269272566,91.60867280513048,66.04555827891804,45.266127150697606,doca 1.84 >= 0.75 (bnd)
flow0000002,8,13,30,7.306963751374309,1.8295295701499004,7.306871896344573,694.283842638135,146.96513441205025,498.65873652246506,95.28696738995185,anchors 5.2cm > eps5
flow0000002,8,16,17,13.301327798733348,5.9604089862105605,1.4309245783542832,231.96454760432243,64.16180261224508,155.2935343951928,42.55201685691582,anchors 13.7cm > eps5
flow0000002,8,52,55,54.96663939310927,5.794883560427746,5.0152880276728045,74.52599089592695,595.5652913302183,53.01568028761443,409.41641353262366,anchors 55.2cm > eps5
flow0000002,8,81,86,50.6080920471852,0.8805715324137617,1.5069748459940968,371.0042358338833,287.6603232398629,261.4878614311001,193.35848784717922,anchors 51.1cm > eps5
flow0000002,8,89,90,6.786778744400067,2.091868010096551,6.766595288381142,688.9992038905621,713.5833042263985,497.2563925488055,491.67389383140494,anchors 6.8cm > eps5
flow0000002,8,25,28,10.38450517637647,9.871370652030354,4.510856111576716,66.35836024582386,522.6016435846686,38.41126630024216,93.13194430347268,anchors 10.2cm > eps5
flow0000002,8,23,40,41.83793890171332,1.3089548741773787,0.6984546873610521,291.80297381430864,273.8451708778739,198.28865450370017,162.13472937283808,anchors 43.1cm > eps5
flow0000002,8,58,67,8.765985893377099,13.668785056720697,6.661903406828328,267.8758507966995,75.30923695862293,185.2085750245143,28.029356246289765,anchors 5.9cm > eps5
flow0000002,8,58,77,48.03673421281705,4.2145909034020015,7.0756460435676525,267.8758507966995,147.88786276429892,185.2085750245143,66.10996746447822,anchors 48.5cm > eps5
flow0000002,8,71,80,41.74647929180866,7.37264908150039,3.2350738146792395,159.004567168653,341.17307537049055,101.78146942026862,246.74936920137804,anchors 41.9cm > eps5
flow0000002,8,56,79,51.33177032643245,0.9404893756233611,1.2289378737748384,162.44119814783335,541.8033438548446,99.5401995065726,368.68028257819867,anchors 52.0cm > eps5
flow0000002,8,61,62,8.884103847768639,13.957913266426516,3.8296390238570317,61.01910641044378,75.50285948067904,22.398053317990353,27.10414514207174,anchors 9.7cm > eps5
flow0000002,8,107,108,3.6215579259571657,0.6115362046905334,0.7550418950175365,691.2170832827687,1035.940637037158,94.21334493113501,103.68743300228951,anchors 5.7cm > eps5
flow0000002,8,111,112,5.368768634511266,7.593336366611581,2.119362092280911,126.34614280611277,44.73479735851288,34.61686726406513,26.46270736894492,anchors 5.5cm > eps5
flow0000002,9,4,12,61.36626663520164,3.9718768504140347,4.691017688526758,814.2006535157561,70.82838509976864,498.2956814703964,34.33872491462307,anchors 61.1cm > eps5
flow0000002,9,34,41,9.306128177944826,8.995800047568276,4.243049920439738,691.6677015945315,181.36631221324205,149.4679833550697,54.5628104279775,anchors 7.1cm > eps5
flow0000002,9,68,75,10.055143714707793,12.510276852167124,7.573959935931765,122.74662264436483,219.232624694705,80.70378355646228,97.9785963989444,anchors 5.4cm > eps5
flow0000002,9,72,74,13.165273312024322,10.457240399390638,3.0352634700533114,233.07420812547207,143.7007862702012,97.80862950795856,26.73399866589878,anchors 15.4cm > eps5
flow0000002,9,25,37,56.48053284854283,7.180844322690264,7.484402841826448,76.19709521532059,338.827002055943,48.06617978173512,260.93057735028975,anchors 56.8cm > eps5
flow0000002,9,109,115,7.239686137841938,1.2814069437780675,2.1154604686534966,455.6613079532981,326.42006785422564,296.1401108175134,197.9183938510612,anchors 8.2cm > eps5
flow0000002,9,47,76,62.68273955547036,0.4501820757818282,1.2916376678985972,311.5540072321892,62.94720586389303,180.7132172250702,40.139795392631434,anchors 63.1cm > eps5
flow0000002,9,52,67,17.042833559657105,1.6338157280435341,3.529742305676784,303.8995700031519,425.3951321095228,189.92569945597342,305.6434607493585,anchors 17.5cm > eps5
flow0000002,9,112,120,7.526022656849196,0.6614815104005554,0.7859758152006454,472.19512894004583,95.67696373909712,309.34860799428077,57.90513583623681,anchors 9.0cm > eps5
flow0000003,0,25,47,52.6842016996914,3.142379140374737,1.2200299215093127,282.99524326622486,398.19490794837475,176.41761524496363,275.6520882918977,anchors 53.5cm > eps5
flow0000003,0,87,92,7.835897818449793,14.8002124537898,4.095344851884544,39.32341420650482,126.52814144641161,24.47646259580902,64.86851160172498,anchors 6.1cm > eps5
flow0000003,0,18,19,49.065832151942544,6.878037881773539,7.411777499688111,76.72812253981829,492.8895903080702,37.946144761254025,302.16521816419663,anchors 49.4cm > eps5
flow0000003,0,81,118,42.464127151280124,1.6205049620183012,3.438577212710187,633.4408371970057,152.23878499865532,346.6238972911819,97.32565931851073,anchors 42.9cm > eps5
flow0000003,0,102,135,65.23057926743371,2.0284066220962953,7.521977130054316,597.286868698895,103.79141180217266,364.59984629511047,69.16563040847578,anchors 65.7cm > eps5
flow0000003,1,8,35,41.74353105137152,3.657441057881963,3.927029613765822,236.69315745681524,158.78690157830715,155.53816111131135,103.45834735477052,anchors 42.5cm > eps5
flow0000003,1,13,16,4.375306994784767,9.815501502316938,4.269259044892345,134.57316683232784,145.2589976787567,74.10889636355228,36.69855194496482,doca 1.87 >= 0.75 (bnd)
flow0000003,1,21,33,40.96565804969549,0.34291825632394085,0.7468583048931331,407.68652529269457,47.8091836348176,262.3411519629011,32.39968439458204,anchors 42.1cm > eps5
flow0000003,1,33,56,68.89734457243065,3.750023290268626,2.849449714820338,47.8091836348176,149.98140085488558,32.39968439458204,96.20497859656098,anchors 70.1cm > eps5
flow0000003,1,31,57,74.67383593607263,3.472215954529368,2.713350332036103,104.21448231488466,48.05439539253712,55.4983458918264,33.333072842892975,anchors 75.4cm > eps5
flow0000003,1,36,38,1.7689308278039129,1.6778041778512875,0.42029736207692414,230.47607581317425,99.15563084185123,57.64084963368469,30.617779929656173,back-wall veto (vz 913)
flow0000003,1,92,109,69.77535200829355,2.559493107128325,5.810015989464099,351.618790499866,121.76290811598301,252.94672535466026,86.94403456150607,anchors 71.2cm > eps5
flow0000003,1,117,118,22.318942361964165,8.407182488044997,1.76425698726461,774.6672168523073,39.79457139223814,500.1948247523767,23.6677474166858,anchors 22.3cm > eps5
flow0000003,1,125,126,31.271993643375392,11.956100706602118,6.332657201958695,39.66575567424297,42.66084582358599,24.616862289734236,20.3150423557503,anchors 31.6cm > eps5
flow0000003,1,130,134,2.05867581342933,7.4480573263259755,2.051757621901433,526.3226606845856,271.297991797328,96.38835449243697,45.0799864697689,doca 0.78 >= 0.75 (bnd)
flow0000003,1,115,119,13.029330402816175,7.713303480222604,2.947572234775258,211.15528018772602,63.463266260921955,162.73793479719,46.26210186291753,anchors 9.8cm > eps5
flow0000003,10,107,113,65.45867512126948,8.156466138955109,1.1541279850438744,742.8482476696372,77.13893339782953,500.64579404334927,32.52180044356215,anchors 66.0cm > eps5
flow0000003,10,38,39,4.9557194473859445,13.932846834976415,4.955463579080652,518.095323599875,58.368588142096996,396.0453624325732,32.257717955822294,doca 3.42 >= 0.75 (bnd)
flow0000003,10,116,124,33.284782239067816,5.109982541536868,3.2682410725761826,555.2263127341866,165.88037560135126,339.08606120440754,40.74457814729203,anchors 33.0cm > eps5
flow0000003,10,116,125,6.96720265588544,9.044395737390362,6.804654844285186,555.2263127341866,53.79188022017479,339.08606120440754,22.979694056839293,anchors 7.2cm > eps5
flow0000003,10,124,125,31.913992330269433,6.175133492699834,3.3491531982617593,165.88037560135126,53.79188022017479,40.74457814729203,22.979694056839293,anchors 32.0cm > eps5
flow0000003,10,17,18,10.189759779739335,6.81236217561967,3.592128184429812,741.3315795436502,225.81242877990007,162.16125244437217,66.94565670747306,anchors 10.0cm > eps5
flow0000003,10,97,100,7.173716329412375,6.832902978864606,1.0943440143323309,148.14676785469055,43.94343189150095,46.55017761278786,21.38552925563239,anchors 7.1cm > eps5
flow0000003,10,98,102,11.504238491256423,10.16016352660948,6.269142828713801,153.38395545631647,204.9746578335762,44.159768430255,55.45254604723826,anchors 10.3cm > eps5
flow0000003,10,133,151,76.78352201647004,3.9710438588771386,4.9910183568324875,523.6375885680318,182.56355254352093,325.5152067034836,96.02563372051324,anchors 77.5cm > eps5
flow0000003,11,5,15,61.76571011465222,12.041826724534534,3.7174279748266623,328.8435273319483,15.270978197455406,201.1765050925228,20.353936597410886,anchors 61.7cm > eps5
flow0000003,11,5,35,65.11452849694977,0.22018108889294374,2.09998539274591,328.8435273319483,380.1651344150305,201.1765050925228,245.00258471523364,anchors 65.8cm > eps5
flow0000003,11,46,86,74.05448389439836,0.8151584750542186,5.330061997145971,364.6013352870941,252.98287992179394,252.9270664655388,175.31521955851574,anchors 74.7cm > eps5
flow0000003,11,12,13,17.901356515462012,6.7754260704590115,0.8373907895927896,61.59503672271967,241.32113548368216,20.238773553719795,61.83735293163639,anchors 19.9cm > eps5
flow0000003,11,13,19,10.885762375403987,7.489350496901474,2.5641765374303063,241.32113548368216,66.58701226115227,61.83735293163639,31.29160991302818,anchors 12.2cm > eps5
flow0000003,11,42,55,57.815769075710655,2.2094469532428835,4.509234205775343,150.36020576953888,256.17843939363956,95.74796422627759,168.7813190769341,anchors 58.4cm > eps5
flow0000003,11,87,91,1.0047016669581266,1.3722780695740713,0.8326833287729511,185.7118185311556,498.7050877735019,34.81521886443423,70.61576066225729,doca 2.00 >= 0.75 (bnd)
flow0000003,11,54,57,26.267875569479482,1.1784613606333187,1.3185038674148444,266.4343519732356,9.442097306251526,127.91864378839475,29.0994206103383,anchors 27.1cm > eps5
flow0000003,11,67,73,11.246566806770451,4.555102182708649,0.8327461250607912,297.7383776009083,29.191857181489468,174.12404510461866,22.65925789393195,anchors 11.5cm > eps5
flow0000003,11,67,114,46.29800305218448,0.8371228126743573,3.9600853806634917,297.7383776009083,458.1732971519232,174.12404510461866,287.4471383622043,anchors 47.0cm > eps5
flow0000003,11,126,127,6.82253980940977,11.160416917695526,2.3223121812950107,71.54666471481323,55.115706130862236,44.51947111563513,35.359530836030494,anchors 7.0cm > eps5
flow0000003,11,126,128,10.842990383630253,5.565470949875636,4.321114083827957,71.54666471481323,48.41393335163593,44.51947111563513,32.41485407626335,anchors 12.7cm > eps5
flow0000003,11,127,128,16.21834982929573,7.71830208450515,4.039009857075903,55.115706130862236,48.41393335163593,35.359530836030494,32.41485407626335,anchors 14.0cm > eps5
flow0000003,11,152,154,5.817941007869981,5.376132044056908,1.5652340774552465,107.31147879362106,78.03220515698195,34.86250413468554,26.817554335171383,anchors 6.7cm > eps5
flow0000003,12,8,10,2.314473598421906,0.8217502675171311,2.280175827407481,896.0353945568204,240.77243464440107,495.8049006771947,55.47308294983036,doca 1.20 >= 0.75 (bnd)
flow0000003,12,13,14,4.64127876523524,2.5034835339607127,1.488647521130307,750.8572703972459,414.74337285012007,115.07652908581343,150.0994986871315,anchors 5.0cm > eps5
flow0000003,12,13,21,17.12920653986406,14.046270176623395,3.7421873488830077,750.8572703972459,148.88781683146954,115.07652908581343,32.82421244734166,anchors 16.0cm > eps5
flow0000003,12,14,21,22.72755222577076,12.981336628733425,1.775676187707652,414.74337285012007,148.88781683146954,150.0994986871315,32.82421244734166,anchors 22.8cm > eps5
flow0000003,12,14,23,54.40703779773348,13.402253133002953,4.113694979734678,414.74337285012007,133.63976879417896,150.0994986871315,42.84725353514895,anchors 54.3cm > eps5
flow0000003,12,23,24,4.8918581860338275,12.03002226368212,4.888855802259506,133.63976879417896,129.84821636974812,42.84725353514895,48.98191773468471,doca 3.55 >= 0.75 (bnd)
flow0000003,12,57,83,63.03294044198432,12.297911587019323,3.970349081817002,808.8921310305595,76.88878477364779,501.6712916512133,28.224466405207366,anchors 62.7cm > eps5
flow0000003,12,20,22,21.588655327246762,8.68687258851073,2.7847610646670886,267.0201528072357,158.88928469270468,47.84772584123836,45.44143822235594,anchors 21.3cm > eps5
flow0000003,12,18,19,2.4760706390328693,4.119176297886142,2.4607760826884455,274.13273633271456,252.92476044595242,74.59779462616251,64.16536369788238,should have merged?!
flow0000003,12,43,64,4.03122572426465,12.231683849047037,3.935089797553971,214.61149375140667,61.292661778628826,173.70751921547009,37.692896301694574,doca 2.52 >= 0.75 (bnd)
flow0000003,12,42,63,76.00800381695858,0.26587414837925005,2.677135811976556,95.85115928947926,407.54321882128716,57.126523819707884,263.54849599736207,anchors 76.7cm > eps5
flow0000003,12,69,79,14.70065054371342,14.00932398560226,3.498044626712733,177.70278291404247,87.57350197434425,167.24182926542824,54.35437134780934,anchors 15.8cm > eps5
flow0000003,12,98,110,54.428111606023556,5.267477926156327,3.113670903530053,697.9394076988101,36.52592646330595,394.6970441271079,23.80920347128359,anchors 55.1cm > eps5
flow0000003,12,112,114,10.037284685696395,7.005393551458338,1.175780534291697,275.13014436513186,127.12158847600222,88.5785593529711,87.79227955744545,anchors 10.2cm > eps5
flow0000003,12,119,130,53.10594407395715,1.3976590579987844,1.1800872114794783,369.40956188738346,353.80404137820005,251.54653142212143,196.0790964608323,anchors 54.0cm > eps5
flow0000003,12,133,138,27.433581185432317,0.6980300479997363,1.7294680789897847,74.57312463223934,49.31516867130995,64.87509930967025,39.40509399234454,anchors 27.8cm > eps5
flow0000003,2,84,100,17.841006908470238,1.7273468306203503,2.5372290940676376,1174.4590200930834,223.41396833211184,495.79879697421745,77.44414118478025,anchors 18.0cm > eps5
flow0000003,2,84,102,7.661699264780356,2.241688944006326,2.9495136900810115,1174.4590200930834,466.33965119719505,495.79879697421745,88.12435676577925,anchors 9.5cm > eps5
flow0000003,2,100,102,1.1754037765682446,0.929651430768703,1.17244157971428,223.41396833211184,466.33965119719505,77.44414118478025,88.12435676577925,should have merged?!
flow0000003,2,54,101,32.43254988696138,5.786728783294999,4.3353426051633726,907.5121108293533,46.12645637989044,505.6563920170048,34.55713005899852,anchors 32.8cm > eps5
flow0000003,2,121,126,42.21711368928146,1.0384779049012764,3.1886147162859917,114.00497126579285,593.0526621490717,63.05519535090603,415.18706496921504,anchors 42.6cm > eps5
flow0000003,2,18,19,7.9212526195191995,14.115795987708559,2.328485061019141,78.26245080679655,57.764474883675575,52.13160933982829,42.7542076868268,anchors 8.2cm > eps5
flow0000003,2,87,111,61.09253230287057,3.3606406129116664,7.743548797233756,294.8840472847223,353.17493218928576,195.5881555625107,242.6595007692476,anchors 61.3cm > eps5
flow0000003,2,137,162,68.41330823021127,0.19823495152666748,1.8737295438500585,582.6110903844237,46.182982705533504,397.3755901378769,32.210509212149255,anchors 68.9cm > eps5
flow0000003,2,148,152,21.90870079159632,9.948070790162634,7.175794540895563,78.97865979373455,69.20409427583218,22.352692306315568,42.148201943114415,anchors 24.4cm > eps5
flow0000003,2,152,153,3.532660201154595,1.5360744018873085,2.0540207260710877,69.20409427583218,239.6444582566619,42.148201943114415,53.93741981829869,anchors 5.1cm > eps5
flow0000003,2,44,49,1.635899667443465,8.123355850194294,1.209117357937883,128.19319555908442,83.81506952643394,51.4710058527463,27.77282019742364,back-wall veto (vz 907)
flow0000003,2,47,76,23.86475084143354,0.40908071409050817,2.8284596583047827,113.34767494350672,48.301677376031876,47.24274529901612,29.214470675601177,anchors 24.4cm > eps5
flow0000003,2,72,73,4.444321737975298,6.847082674529811,4.433652063769031,340.87754403054714,338.1743223145604,73.41313763988168,63.54114789395632,anchors 7.3cm > eps5
flow0000003,2,128,151,50.748842963319156,5.205549967224568,5.2097088573533785,296.12125362455845,341.7111096531153,199.3348871155349,252.85348261127825,anchors 51.0cm > eps5
flow0000003,3,65,66,6.977401226080434,1.4012301602890576,0.4893875117131681,618.3403823748231,1218.533162921667,119.99468972523208,134.30015524751948,anchors 7.1cm > eps5
flow0000003,3,76,96,45.35965649687481,3.901962068151181,6.693401918493641,186.37787503749132,294.3433061391115,99.70055385706269,132.23177461173768,anchors 45.5cm > eps5
flow0000003,3,127,132,0.8302749401586241,8.253678234734567,0.8277526376642831,149.05261936038733,179.2675209492445,52.122100110831994,74.84830251838764,doca 0.91 >= 0.75 (bnd)
flow0000003,3,132,135,29.348568979621025,6.468166146990719,5.344716179504198,179.2675209492445,88.3048382923007,74.84830251838764,26.78025456751513,anchors 29.8cm > eps5
flow0000003,3,34,35,20.45816998383519,5.634263304278079,4.409419901755407,329.43967532366514,81.50052252411842,123.59171083932577,38.52065970018222,anchors 19.9cm > eps5
flow0000003,3,34,50,11.1796877501992,2.554615455421587,6.549626699133688,329.43967532366514,70.11185612529516,123.59171083932577,31.679230353875035,anchors 10.8cm > eps5
flow0000003,3,39,67,45.39585829790451,1.2368210061662661,5.081693992826553,99.8927000015974,264.8089475482702,66.88072148914951,174.7447779538744,anchors 46.2cm > eps5
flow0000003,3,40,42,3.424338268455244,10.674897393739005,3.1622573337095474,102.1741272136569,241.94467561692,38.65643524140623,59.24990456785426,anchors 10.1cm > eps5
flow0000003,3,102,111,46.31746489025935,9.025063092464729,1.4987654855412336,120.18192680925131,265.15940910577774,75.26415826837994,181.1071265359783,anchors 47.2cm > eps5
flow0000003,3,82,84,5.456051259721974,6.650875356368157,2.2266342350001054,431.65058206021786,430.83087281137705,54.60889689425284,59.90696357797455,anchors 5.4cm > eps5
flow0000003,3,85,86,8.123231463551196,11.57895211815708,7.978323751762162,97.82081835716963,50.96827930212021,65.81330547794452,34.85438271051241,anchors 8.0cm > eps5
flow0000003,3,114,144,49.67005941723983,5.443187013215914,7.854793656661329,484.54394360631704,94.18276149779558,340.8730632118379,45.88003797830235,anchors 50.1cm > eps5
flow0000003,3,137,139,17.63371619645655,7.04203832939986,0.6700851934214058,560.9336952194571,348.7978900447488,81.198117057514,53.70961379719453,anchors 15.8cm > eps5
flow0000003,3,137,141,10.581631245441196,8.101168298982563,3.4608600922448907,560.9336952194571,94.56363635510206,81.198117057514,44.849789212211,anchors 13.1cm > eps5
flow0000003,3,139,142,8.40828383608622,9.572821488298258,6.78685717026756,348.7978900447488,62.623494155704975,53.70961379719453,41.49470729750165,anchors 5.8cm > eps5
flow0000003,4,10,27,65.9153140338251,5.0446614870177635,3.4357274926316723,203.591282248497,425.3328772112727,80.49895306844132,285.8045647285581,anchors 66.3cm > eps5
flow0000003,4,57,60,28.817040934542618,9.178890636196178,1.1473427612082998,123.44276928156614,324.21570375561714,50.85412074140672,117.79021329958383,anchors 28.9cm > eps5
flow0000003,4,57,61,9.863991363195659,12.20186183776585,5.739412349634288,123.44276928156614,84.8151838183403,50.85412074140672,22.31456841167774,anchors 9.2cm > eps5
flow0000003,4,123,125,4.32063347951468,2.602393169940536,2.4668468501136926,716.3667786568403,69.11317467689514,501.6853054511618,40.62709246247309,doca 0.88 >= 0.75 (bnd)
flow0000003,4,29,42,43.633820196364276,2.828152802840787,7.003619274995207,256.3625080138445,166.23816345632076,187.79434428711915,109.2187111333569,anchors 44.6cm > eps5
flow0000003,4,64,67,21.703920294374157,5.794165621159544,2.536327971586818,321.9474927484989,90.37353648990393,100.0269243925088,24.693338710463806,anchors 25.9cm > eps5
flow0000003,4,65,68,7.924590307842787,14.00412372115015,6.121155277320116,114.62978485226631,152.2703113630414,21.507187308898324,38.67932644672421,anchors 7.8cm > eps5
flow0000003,4,39,62,40.116794103178876,5.383110405236596,1.5310710627770654,111.50317170470953,140.16814190894365,71.55128295741164,97.52737872823691,anchors 40.7cm > eps5
flow0000003,4,130,133,13.77958243310388,12.393986332671158,2.1242789550663748,65.85551661998034,90.74485763907433,34.376982609681576,30.811136859734845,anchors 13.7cm > eps5
flow0000003,4,134,141,7.003696386418525,7.486341512407404,5.523120784547652,345.9486556351185,309.6114156767726,76.54473465576845,52.73908669153659,anchors 9.2cm > eps5
flow0000003,4,41,44,44.53665609148698,7.806171127635868,1.1039279872489276,316.99946720153093,37.79211252182722,198.7802737189246,28.604226578813165,anchors 45.7cm > eps5
flow0000003,4,41,45,3.284224025105674,14.062444316225152,3.2460135711183082,316.99946720153093,444.8598784580827,198.7802737189246,295.6893517826173,doca 1.65 >= 0.75 (bnd)
flow0000003,4,50,54,40.29996881459709,3.359743282266673,4.13967624506075,181.32730291038752,481.89740424603224,126.84857311064641,333.07446273547,anchors 41.0cm > eps5
flow0000003,4,89,97,46.855873421679895,0.9230901630353692,5.901192284905928,235.09514017403126,441.4519075527787,159.98033873358878,302.646023614555,anchors 47.2cm > eps5
flow0000003,4,72,111,38.08776588218053,5.931815821817487,7.2708177457366565,246.21375466883183,32.07118783146143,176.0005768682549,21.60841328513601,anchors 38.2cm > eps5
flow0000003,4,110,111,42.52766110085869,2.7254324512720918,1.1029224310786196,41.184000469744205,32.07118783146143,35.81282588051675,21.60841328513601,anchors 43.3cm > eps5
flow0000003,5,4,11,64.16029174428077,10.005705487378638,0.9270607465984363,660.434226937592,37.54881063103676,444.9350190221537,21.983073465556433,anchors 64.6cm > eps5
flow0000003,5,32,33,5.640263362964826,3.280232224836482,1.5199977293460118,187.68944040685892,85.15227218717337,157.88972552377106,63.46939374543249,anchors 6.1cm > eps5
flow0000003,5,47,61,65.31545393935954,0.8782827979134763,0.8667938032149599,604.93525595963,65.30999951064587,341.95104831838125,35.588237439893796,anchors 65.8cm > eps5
flow0000003,5,13,19,46.17650677186948,0.5594391086071494,1.873363631540051,393.1250693574548,312.7224274352193,260.3016268852459,198.81190064304877,anchors 46.8cm > eps5
flow0000003,5,64,77,53.40949956469747,0.29723397305357324,0.6148935489252448,316.46764346957207,421.8002290278673,197.01429018115977,249.8249281491897,anchors 53.9cm > eps5
flow0000003,5,46,53,3.485517479926911,5.230980520661059,2.295591705799934,333.1089372038841,50.948852598667145,194.4540342004437,20.429628513042722,doca 1.39 >= 0.75 (bnd)
flow0000003,5,93,94,6.924362688425014,2.62186947265679,3.997992698199009,350.9452514499426,125.63184312731028,130.83690426069597,64.42792885301671,anchors 6.6cm > eps5
flow0000003,5,93,95,23.58016770301573,8.104076142961302,1.889136296207944,350.9452514499426,67.37726478278637,130.83690426069597,42.43975679083696,anchors 24.1cm > eps5
flow0000003,5,57,59,46.20384795178807,7.263721252248392,2.1001899547935547,820.7890532165766,132.16356056928635,498.62229732048036,44.865452752705885,anchors 46.3cm > eps5
flow0000003,6,13,16,5.6430947459785985,7.941575455651579,2.4077473694620655,199.75419031828642,93.72959752380848,52.644466964021234,35.764328484716486,anchors 5.6cm > eps5
flow0000003,6,77,89,65.40753195646651,1.4654966236069964,3.492785598853679,151.03533478826284,319.8799113407731,96.02542572745868,184.09792935090138,anchors 66.0cm > eps5
flow0000003,6,31,33,54.66571534282057,0.47891717621050095,2.153394025310286,132.3688057437539,626.3726798221469,58.21167133345563,387.1714645799775,anchors 56.1cm > eps5
flow0000003,6,10,38,60.25053662698044,0.8135416569348785,0.39525962845605356,166.9137698635459,538.1468181684613,96.2554124121917,347.5774897501955,anchors 61.0cm > eps5
flow0000003,6,58,60,68.5364851654041,1.3104436440395755,5.44802070196624,43.98196478188038,630.7812414839864,32.48353212559488,397.1543196876398,anchors 69.2cm > eps5
flow0000003,6,40,52,8.573245751832149,10.91916333783654,4.878274370158119,84.27699083089828,208.19362267106771,38.43713520779764,140.23864315413113,anchors 8.2cm > eps5
flow0000003,6,24,32,56.299333177418454,3.686486693095341,6.288531549872975,460.27415922284126,285.99908980727196,277.88950909340303,164.96017663669824,anchors 56.9cm > eps5
flow0000003,6,111,158,48.55994446620528,1.621604198855877,3.119983669884145,591.9775516837835,103.76322828233242,399.7914075025766,53.329967899143455,anchors 49.3cm > eps5
flow0000003,6,149,152,67.69165906981624,1.6408137877495694,0.3606766237084194,52.40181474387646,605.5239269733429,32.94432195886812,398.526915262303,anchors 68.1cm > eps5
flow0000003,6,129,135,24.50653022669914,3.7411886485331904,7.028352888184958,458.30481584370136,14.381686367094517,90.40896202512188,24.77468146352476,anchors 24.4cm > eps5
flow0000003,6,62,69,42.17051027614391,0.16791750301397418,0.6441712862599024,147.7415333688259,993.6332876086235,95.29459584264814,359.8047063410971,anchors 43.4cm > eps5
flow0000003,6,70,101,43.75797387316028,1.6919258348871073,1.767059326447123,347.8968211635947,159.23815601319075,241.26557972926557,103.25441508930156,anchors 44.7cm > eps5
flow0000003,6,93,121,42.62157378913945,1.9275370388340456,0.7395303459153214,222.30032438784838,164.48871668428183,139.697627025124,45.14490941485914,anchors 43.2cm > eps5
flow0000003,6,91,136,47.45926823879329,7.553365197689805,4.637572441435753,253.88411486148834,252.60216572880745,169.0562876505179,179.98602656963226,anchors 48.5cm > eps5
flow0000003,6,136,140,6.381435614247723,1.5151848081102968,1.1580312074878794,252.60216572880745,28.992821767926216,179.98602656963226,23.00646938382709,anchors 7.3cm > eps5
flow0000003,6,104,120,15.798866652367762,11.97446984408001,1.1001323061350428,152.3553408831358,147.25238260626793,96.91691093389585,84.93482144880264,anchors 15.9cm > eps5
flow0000003,7,3,19,36.073458500876356,0.4767925086909853,0.4322726884162675,725.672889970243,380.80984837561846,380.4304435716921,154.29475566558148,anchors 34.2cm > eps5
flow0000003,7,28,42,41.31162321614192,3.855580284481389,3.2187974361154454,112.00665228068829,447.32123086601496,65.81035738245285,311.5268891257232,anchors 41.7cm > eps5
flow0000003,7,22,48,7.313301492138577,11.858440565424411,3.648586387091071,457.52173432707787,103.95064076036215,379.2970984417095,55.79062393089076,anchors 6.5cm > eps5
flow0000003,7,83,84,3.3499738010840594,13.319419049551785,3.328512904407021,154.69552182406187,64.50892040878534,39.15998616542398,30.390394936052715,back-wall veto (vz 908)
flow0000003,7,38,51,45.67582154789612,5.102957665988857,2.527700653119595,755.9760009497404,44.091514460742474,392.3276417494907,23.43824502630113,anchors 45.5cm > eps5
flow0000003,7,60,77,59.34002252292192,12.386862960397195,4.801981160333491,31.326475396752357,379.7474774122238,20.433831785446834,277.2796782799703,anchors 58.4cm > eps5
flow0000003,7,75,86,6.091701325990532,13.09926731494914,5.993512610212776,871.377880088985,49.89284875243902,494.58483783196425,24.2831477045754,anchors 7.1cm > eps5
flow0000003,7,80,95,75.02346389503127,0.15834740186931048,3.242911675020995,212.27895373106003,189.45210071653128,130.34989344764702,129.8000183897023,anchors 75.8cm > eps5
flow0000003,7,97,99,8.714562201891928,1.793127757514202,3.246566102953432,82.23488520085812,245.67492450028658,40.28290826383996,64.6582217322052,anchors 10.1cm > eps5
flow0000003,8,9,14,13.207091748616651,0.8295671560785859,1.3906185349214064,397.6240749284625,474.99022625386715,229.37981695466118,293.1042770480096,anchors 13.4cm > eps5
flow0000003,8,78,112,53.140483650065654,10.660256917090429,1.423186236891516,136.37738673388958,87.00505501776934,90.18497444931222,43.65128158916331,anchors 53.6cm > eps5
flow0000003,8,49,52,44.89303968894111,5.153733801039512,1.5339287240856976,92.22791247814894,58.54278380423784,22.447939167437696,24.51575119565053,anchors 45.3cm > eps5
flow0000003,8,71,74,57.79508822639743,0.3569649953539822,2.3456156321023798,170.4566064849496,547.5717184394598,96.39671823716773,348.61305272001925,anchors 58.5cm > eps5
flow0000003,8,107,110,8.426112470687544,4.996964563667148,3.773570313577119,73.0450062006712,264.28524419665337,34.253504045494225,51.463418499773184,anchors 7.9cm > eps5
flow0000003,8,108,115,16.34139145714745,13.396364888525538,4.695552437354746,126.37767270952463,231.97043687850237,84.66390647581832,128.03702041329274,anchors 16.4cm > eps5
flow0000003,8,173,176,30.337300772301433,4.051692432317067,2.0406194025476623,796.0895149111748,66.46854622662067,495.4842587841783,35.47461291452316,anchors 31.0cm > eps5
flow0000003,8,148,149,5.320440331921726,5.219145567921217,1.9296288147739544,84.2164843082428,102.55356868356466,28.654287785109645,24.424290903456814,anchors 5.5cm > eps5
flow0000003,8,51,81,8.115870294269516,12.823623664161603,1.995279621275467,110.60607672482729,126.74341744929552,70.00116888972411,55.24352496521401,anchors 8.9cm > eps5
flow0000003,8,59,69,29.42518458608029,2.1490680519551186,2.676158086915813,688.2869690284133,296.8807719051838,296.31013859919534,54.39457375758793,anchors 31.0cm > eps5
flow0000003,8,31,43,68.73625072259253,6.411183956715269,4.626458965885059,714.2839105650783,72.5365891829133,495.6250456273383,26.98194265238085,anchors 69.2cm > eps5
flow0000003,8,54,56,6.800982140229558,7.388620309545665,4.124023544150127,194.0186158195138,163.6599313467741,55.24223345393989,30.759061556296633,anchors 6.7cm > eps5
flow0000003,8,57,58,9.685483777825748,13.123652073821923,7.892524484069887,108.09345082193613,345.0319768935442,76.02335473583759,220.79620604426384,anchors 5.6cm > eps5
flow0000003,8,63,64,11.045937724065142,11.13841954491387,5.839259466516609,185.97868705540895,103.25417479872704,34.2723175659653,24.753396453130314,anchors 10.2cm > eps5
flow0000003,8,73,92,39.294977597562074,8.895995783401704,5.758725041895493,736.0149452611804,172.78245696425438,413.2504902936239,36.475970596930665,anchors 38.9cm > eps5
flow0000003,8,124,135,49.114620432276276,0.23345266508324572,2.7659091969558984,352.7139645665884,280.94660787284374,248.31751708259094,171.28804113827158,anchors 49.6cm > eps5
flow0000003,8,127,144,45.00017651019613,11.571271241659367,4.277917449766886,168.84314235299826,400.4857313707471,96.95009197664388,299.27297985475,anchors 43.9cm > eps5
flow0000003,8,144,160,39.616978463186776,8.561108962590772,0.6093848353258362,400.4857313707471,18.310174614191055,299.27297985475,21.265266758727265,anchors 40.9cm > eps5
flow0000003,8,128,132,68.71777985627486,0.3524714209353848,2.554498955125297,312.421005576849,396.30311169475317,183.19818375971536,249.9151544173452,anchors 71.1cm > eps5
flow0000003,8,185,187,3.572144785325919,10.499370960762464,3.5088990906398227,68.12388674914837,54.02530890703201,32.17254809375292,23.436366427981206,anchors 5.3cm > eps5
flow0000003,9,8,15,8.236044887648436,11.87740317472326,2.414021694169849,358.3801165446639,115.37879682332277,295.2552699085136,72.74720546595204,anchors 8.7cm > eps5
flow0000003,9,10,13,13.738204384827727,14.50739197137004,4.306890041862628,225.26834827661514,115.41717001795769,196.29874354522326,61.702063632688635,anchors 14.1cm > eps5
flow0000003,9,33,41,4.965350787400883,13.958145171155973,0.6857079161894495,71.21817664057016,69.96170341968536,33.98375530077789,25.542456872739177,anchors 5.7cm > eps5
flow0000003,9,71,72,5.705369716455759,13.782778560717105,5.379718260344205,134.97203427553177,55.1639526411891,76.79697764051198,31.78166782658921,doca 3.30 >= 1.5 (int)
flow0000003,9,128,136,46.03654206024251,2.6064372710234642,2.678918676879605,1052.711225643754,177.67427949607372,164.07606291544323,106.2529147557011,anchors 45.7cm > eps5
flow0000003,9,128,137,69.6632138199541,1.5853907641126737,1.1956875110362992,1052.711225643754,574.7593641802669,164.07606291544323,363.5010403903847,anchors 69.4cm > eps5
flow0000003,9,128,139,1.4418771893499973,2.2511004814199143,1.335558305996398,1052.711225643754,557.8156844526529,164.07606291544323,94.06402163042385,doca 2.28 >= 0.75 (bnd)
flow0000003,9,136,137,10.130918701544227,2.5314638337879005,3.9386376849028033,177.67427949607372,574.7593641802669,106.2529147557011,363.5010403903847,anchors 10.1cm > eps5
flow0000003,9,136,139,33.52954206214004,2.5858152799815266,5.08129131302269,177.67427949607372,557.8156844526529,106.2529147557011,94.06402163042385,anchors 33.1cm > eps5
flow0000003,9,137,139,23.852000052561603,3.5324283601467954,2.124217912309579,574.7593641802669,557.8156844526529,363.5010403903847,94.06402163042385,anchors 23.4cm > eps5
flow0000003,9,21,22,11.551188324343688,10.959433980253523,2.447055853024672,73.17318546772003,108.46397560834885,42.82474453334211,27.913607172166387,anchors 12.2cm > eps5
flow0000003,9,70,75,58.79261425176274,0.3986534251346044,4.071017102607058,140.5268832743168,546.8946795389056,82.91212590865587,377.7037084640306,anchors 59.5cm > eps5
flow0000003,9,118,129,76.83903706972303,0.21583413638121499,2.508074704151955,643.2897623367608,57.78565116226673,382.98659688491847,37.76510319316293,anchors 78.3cm > eps5
flow0000003,9,106,107,12.572580761402401,5.677733605192614,4.471931831404638,378.47316831350327,176.4776765331626,77.68216611873764,51.08767064491718,anchors 12.9cm > eps5
flow0000003,9,106,110,12.85576819920067,2.1591009071429452,7.862292026282905,378.47316831350327,113.033676661551,77.68216611873764,36.25424837562104,anchors 12.8cm > eps5
flow0000003,9,106,113,8.873991485211805,5.1034364454514005,1.6418004316748978,378.47316831350327,642.0054219961166,77.68216611873764,79.76947953808586,anchors 12.4cm > eps5
flow0000003,9,106,117,26.77435204092845,4.399353728945866,2.2037386636607996,378.47316831350327,138.18351627886295,77.68216611873764,31.590358872429277,anchors 27.2cm > eps5
flow0000003,9,107,113,21.05785947506941,7.086127941329969,3.9020214906168906,176.4776765331626,642.0054219961166,51.08767064491718,79.76947953808586,anchors 24.6cm > eps5
flow0000003,9,107,117,16.170916653209986,7.666230912799949,7.615130010735873,176.4776765331626,138.18351627886295,51.08767064491718,31.590358872429277,anchors 16.5cm > eps5
flow0000003,9,110,113,1.0040877972246907,5.105465093518969,0.9583122947089511,113.033676661551,642.0054219961166,36.25424837562104,79.76947953808586,doca 2.40 >= 0.75 (bnd)
flow0000003,9,113,117,35.575748281258065,1.5122039045721187,3.328514745948414,642.0054219961166,138.18351627886295,79.76947953808586,31.590358872429277,anchors 39.8cm > eps5
flow0000004,0,8,24,5.452021224175348,13.37795448772262,1.2023218362265742,142.99190361052752,85.27965465933084,95.62651252081493,44.57943004926247,anchors 5.6cm > eps5
flow0000004,0,54,57,2.392027462798815,4.826393691142769,2.05724686875921,100.08488903194666,154.76048769801855,35.7625989111566,48.898494554402966,anchors 5.6cm > eps5
flow0000004,0,64,75,2.7333080141211665,3.508662364611208,2.6777311721822827,154.60396524518728,254.16642379760742,60.17823670238168,49.60091713167739,anchors 8.4cm > eps5
flow0000004,0,66,75,13.798137653198982,14.343162958526612,6.487262358109877,118.45350027829409,254.16642379760742,52.2145954267918,49.60091713167739,anchors 14.1cm > eps5
flow0000004,0,98,127,73.45053571986936,0.4350641317217863,2.3557357116162247,524.0213346257806,51.62621233612299,389.91689385957045,35.25336342092429,anchors 76.2cm > eps5
flow0000004,0,13,18,5.673709146974707,2.9800923135220487,4.2887533872226475,147.49361174553633,74.33316595852375,44.01936282364981,31.42589631779495,anchors 5.3cm > eps5
flow0000004,0,11,16,4.409846599881351,2.0212570268487395,4.409705343002744,366.4044353365898,168.7823161482811,100.25538566212988,52.53189330553373,doca 1.64 >= 0.75 (bnd)
flow0000004,0,11,19,10.36705311363654,5.578094343433748,1.2649850295880816,366.4044353365898,96.16786397248507,100.25538566212988,47.96508965916882,anchors 10.9cm > eps5
flow0000004,0,16,19,6.2829399401473545,5.746197562676501,2.735496124036237,168.7823161482811,96.16786397248507,52.53189330553373,47.96508965916882,anchors 6.4cm > eps5
flow0000004,0,17,27,65.14107070979027,3.0441023453556966,5.023212177167115,1095.6391059309244,328.19418812543154,362.3793541822601,85.2541785669199,anchors 65.0cm > eps5
flow0000004,0,31,49,70.22934128714411,3.5418399373382674,4.353707326772238,429.64096616208553,189.55480372160673,300.31253346570554,132.457642687582,anchors 70.6cm > eps5
flow0000004,0,32,34,7.825480137071343,9.417913411777155,4.014386269850789,173.98081385344267,34.84510916471481,131.55384642194082,20.01141988692257,anchors 7.1cm > eps5
flow0000004,0,34,59,47.07944982321123,0.8902893159202856,0.28020754405255377,34.84510916471481,107.23361597210169,20.01141988692257,56.87976614718757,anchors 47.8cm > eps5
flow0000004,0,151,154,2.126446461474299,12.140034695054277,1.7814683590112617,76.18467558920383,80.24054618924856,46.34804537188772,35.686281219902554,doca 2.23 >= 0.75 (bnd)
flow0000004,0,76,80,8.244609944808133,9.516140349464596,2.806179097044835,74.14638996124268,41.72251085937023,31.993026180273027,21.885551484353485,anchors 8.3cm > eps5
flow0000004,0,93,118,67.0915882947022,1.1868409664134487,1.3836817342458234,216.96250464767218,63.41565652191639,137.50241714250956,34.110568003483145,anchors 67.9cm > eps5
flow0000004,0,115,119,10.284997483585801,6.182243838229742,0.6966128694715484,382.7790255397558,240.17691822350025,39.00734317147657,40.33104746637975,anchors 10.8cm > eps5
flow0000004,0,164,182,46.09485535558475,3.006653818716958,2.34714659466793,98.55358723551035,596.2574573457241,56.14227711606479,399.8660085962571,anchors 46.9cm > eps5
flow0000004,0,185,196,2.933336970004225,5.4317618343948535,2.8918556215680598,865.9301985129714,298.04887245595455,398.1323831558899,51.46408517105894,back-wall veto (vz 918)
flow0000004,1,73,76,23.23650961322607,10.752567938235943,4.447755574465697,158.55856678634882,174.28143583983183,48.163320954500364,48.97980096861732,anchors 21.0cm > eps5
flow0000004,1,85,86,9.692304616075084,4.290449934946873,3.618338626362396,100.40860042721033,54.95600051432848,27.241599987965998,21.43679480293437,anchors 10.8cm > eps5
flow0000004,1,84,88,33.047815887057986,0.11803333964302372,1.4367675600060463,148.3341799750924,11.155874446034431,97.55695457513754,20.906898901567878,anchors 34.2cm > eps5
flow0000004,1,61,63,12.45083956903142,10.467323893233962,6.308708570169012,47.88640986382961,97.09250565618277,32.829850985272664,24.581136222795823,anchors 12.9cm > eps5
flow0000004,1,66,70,11.021342533934003,4.667984560518862,1.2344219159569505,152.86741829663515,174.85004215687513,44.70322665120385,50.01441128571321,anchors 11.7cm > eps5
flow0000004,1,80,81,16.790692027174796,5.836116764180012,2.6890634519142815,77.25309959053993,84.86422699689865,38.96394873391472,42.77327640870021,anchors 16.8cm > eps5
flow0000004,1,170,181,51.174635975172976,4.394125232882993,2.480596700113483,126.50409834086895,110.8035199046135,61.71626478416809,39.87024124140626,anchors 51.8cm > eps5
flow0000004,1,55,78,14.142297000861316,10.434886787458302,6.962840305460933,186.83533608913422,396.1994516476989,39.218858794601566,262.34075720753987,anchors 13.6cm > eps5
flow0000004,1,93,96,22.337747586265703,13.141007138857663,3.935649111207863,670.6170465573668,110.11087633669376,127.0046906369769,66.40591322214826,anchors 21.6cm > eps5
flow0000004,1,96,103,21.68976549224285,12.15040677913371,1.3346942078172805,110.11087633669376,95.55833777785301,66.40591322214826,48.23897395760956,anchors 22.3cm > eps5
flow0000004,1,110,113,49.52349364442527,13.178583270255968,5.088810085072594,1130.0367785096169,348.1159169897437,247.30831683267013,150.8167490342463,anchors 49.6cm > eps5
flow0000004,1,110,133,10.129332838871289,3.50246462464409,7.346119654037017,1130.0367785096169,28.07869016379118,247.30831683267013,38.492930012317444,anchors 14.8cm > eps5
flow0000004,1,113,131,44.36937576585991,10.509236749041614,6.317547206947272,348.1159169897437,1023.5379983708262,150.8167490342463,137.44685815495268,anchors 45.0cm > eps5
flow0000004,1,113,133,21.236243966340226,11.132231731912569,7.9038850739272775,348.1159169897437,28.07869016379118,150.8167490342463,38.492930012317444,anchors 23.0cm > eps5
flow0000004,1,131,133,15.030917018116098,2.2750868460055123,4.273922895539259,1023.5379983708262,28.07869016379118,137.44685815495268,38.492930012317444,anchors 15.0cm > eps5
flow0000004,1,131,134,9.393256888997811,5.876847083793344,7.079291537728162,1023.5379983708262,137.7356061115861,137.44685815495268,104.3941588952718,anchors 9.6cm > eps5
flow0000004,1,133,134,19.601838915644997,4.161642983932256,7.702886544862287,28.07869016379118,137.7356061115861,38.492930012317444,104.3941588952718,anchors 17.9cm > eps5
flow0000004,1,115,141,33.11784578586636,14.116060706059818,1.5914606565141245,84.5803219601512,198.33227864652872,54.522968529965105,86.20306138785011,anchors 33.5cm > eps5
flow0000004,1,140,166,52.29016653297396,1.035741263461116,0.291043986177215,236.94871965050697,295.8766778036952,152.5031181436256,199.86828510346305,anchors 53.0cm > eps5
flow0000004,1,155,165,6.755650784195371,14.059134584365008,4.468171655397175,87.75597757846117,539.5544004812837,36.12017105703496,369.3291751429707,anchors 5.8cm > eps5
flow0000004,1,137,149,79.05965567762169,3.756534711557616,7.726224980198333,462.86066745221615,196.4287023022771,295.779856865517,122.95457255993996,anchors 79.7cm > eps5
flow0000004,10,138,153,57.613013700575415,8.856448362065073,3.5146645531342466,498.9407563060522,60.30767397582531,308.93640849684743,32.7352653261708,anchors 57.7cm > eps5
flow0000004,10,10,35,49.45846132678111,4.000324507672528,1.8862789758942353,193.27597646415234,225.06771977990866,128.26753536055583,156.39761545030635,anchors 49.8cm > eps5
flow0000004,10,11,16,71.10371296070073,2.0264564875221738,4.695350625717453,977.546577244997,187.85169342160225,348.6080880233401,81.12006107822485,anchors 71.1cm > eps5
flow0000004,10,15,16,4.490704740238382,1.4644587126825592,4.4515661193002884,538.6542786881328,187.85169342160225,298.2579814717677,81.12006107822485,doca 4.07 >= 0.75 (bnd)
flow0000004,10,15,18,59.681085742309776,9.742548732358031,7.536803131614898,538.6542786881328,205.9824190288782,298.2579814717677,126.63973639356863,anchors 59.9cm > eps5
flow0000004,10,15,41,25.904941317955245,10.910315861775565,5.245679861647021,538.6542786881328,36.03136247396469,298.2579814717677,23.30826856360908,anchors 26.1cm > eps5
flow0000004,10,16,18,21.3348578536748,8.914039142885734,1.7264519899627055,187.85169342160225,205.9824190288782,81.12006107822485,126.63973639356863,anchors 20.5cm > eps5
flow0000004,10,16,32,20.59992835801644,14.84844313989746,6.999343790952191,187.85169342160225,332.5560964792967,81.12006107822485,130.7224535280749,anchors 21.3cm > eps5
flow0000004,10,29,33,14.930808937914446,9.359108538460465,7.460619407636631,190.71239413321018,74.22632298618555,57.532772702926096,28.396278066956263,anchors 14.5cm > eps5
flow0000004,10,29,34,16.677028015845593,12.80931969459111,4.059923292941192,190.71239413321018,73.45342739671469,57.532772702926096,21.8064145602555,anchors 16.6cm > eps5
flow0000004,10,67,94,42.4674535011423,2.0881363612735915,2.8402180516177964,298.9274971410632,36.941990688443184,237.42538198738487,24.758464363631724,anchors 43.0cm > eps5
flow0000004,10,170,177,7.654771769314983,7.092867596900525,1.2810605976441545,113.03383658826351,28.860502541065216,82.07439094975686,21.957087030376606,anchors 5.2cm > eps5
flow0000004,10,154,169,36.21529181073459,14.065626335445543,5.645201070617665,123.42222858965397,508.86085829138756,76.79221048501385,358.517801294112,anchors 36.9cm > eps5
flow0000004,10,163,167,16.2629469417932,6.321507857936731,3.8357887551497942,111.07245737314224,127.11203206330538,49.23440399674452,43.25623743901785,anchors 13.5cm > eps5
flow0000004,10,21,27,8.320059117333445,7.63614125023344,2.3467916433741,83.67797391861677,95.50754427909851,30.24945856854261,38.71072599523303,anchors 5.1cm > eps5
flow0000004,10,28,36,14.813030881700405,3.8809476971954915,1.5330276860409495,326.4253183156252,126.6708106547594,85.53682522507764,49.706342543467244,anchors 15.0cm > eps5
flow0000004,10,42,45,27.243154699766208,1.9918561341212808,1.422979574816963,211.74713039398193,3.3471446335315704,108.79527914729397,20.442677455800183,anchors 27.2cm > eps5
flow0000004,10,106,115,6.665750594323376,14.426912013539592,2.4990081767589434,577.5289890542626,144.3330861851573,396.9498497041833,96.09475885660652,anchors 5.6cm > eps5
flow0000004,10,62,84,63.35648079455793,1.430327770217318,3.214897653293058,67.61132989823818,335.2317785397172,38.4444416300726,197.0867167385684,anchors 64.1cm > eps5
flow0000004,10,114,129,79.26859061088817,0.44551556338802223,0.9295814442453412,202.41888127475977,331.55104919523,130.04141366275448,193.29066372523525,anchors 80.1cm > eps5
flow0000004,10,157,164,8.837664208457902,6.041285510039893,3.3680263657611165,206.71088895201683,415.7425371184945,74.0069908622299,283.2180704108748,anchors 8.6cm > eps5
flow0000004,10,178,182,10.988849980683911,13.852893716573853,2.9253522581417886,111.41448255628347,155.3069612532854,84.09855552183711,93.0729294212079,anchors 11.9cm > eps5
flow0000004,10,182,189,5.361587487259427,14.547398890587484,1.2846092686448307,155.3069612532854,80.73511066287756,93.0729294212079,23.42666109683273,anchors 5.6cm > eps5
flow0000004,10,159,191,36.713068652244026,3.4192428099188463,0.8490226292363715,741.796060487628,282.0865216255188,440.41425212615695,92.87999576805883,anchors 34.7cm > eps5
flow0000004,11,108,110,55.81672679776845,7.107245586476143,1.2933533161664552,770.9887175038457,40.48689763993025,495.3160388906658,32.63917497903996,anchors 57.2cm > eps5
flow0000004,11,22,31,58.43403579733895,4.729929264352893,3.5071635619257893,105.63703151792288,123.1142807006836,54.22656345906152,74.58174961324528,anchors 58.7cm > eps5
flow0000004,11,39,75,17.32478085462229,10.188852146490836,4.2544410205727425,184.37127563357353,48.41186372935772,134.97643520143365,21.294089492027126,anchors 17.9cm > eps5
flow0000004,11,41,49,5.4172332262112475,9.250041980416306,2.2961101085771016,901.0076138824224,81.76723098009825,157.7479779098825,38.877762498155334,anchors 7.8cm > eps5
flow0000004,11,80,91,20.719521056869507,8.882700577152436,6.010000386151264,876.0988583862782,132.7084407657385,499.05730742397776,47.32366269691458,anchors 22.5cm > eps5
flow0000004,2,3,5,3.039481308412971,10.812270650194732,3.039460886901167,204.77387602627277,37.794182889163494,151.11921198684664,27.385240333503546,doca 2.40 >= 0.75 (bnd)
flow0000004,2,3,10,5.028911210037181,1.0676629073827137,2.196705616682941,204.77387602627277,43.42482468485832,151.11921198684664,33.42992664826346,anchors 5.9cm > eps5
flow0000004,2,4,26,45.262425896587864,4.921608974693565,5.013907817881423,519.097663871944,75.52483244985342,368.7745481459311,35.01830983798542,anchors 45.6cm > eps5
flow0000004,2,34,37,48.291579946516514,3.9568782652731547,4.7602025098961125,120.1962568089366,38.97056299448013,85.02594115353321,33.20707763574821,anchors 49.6cm > eps5
flow0000004,2,28,29,8.720503255685092,3.1110488152885574,1.6528061628452753,223.55233780294657,186.5869406312704,96.32504556293013,73.27579149861914,anchors 8.9cm > eps5
flow0000004,2,107,108,3.42975722282602,5.406423102333984,1.6715107632359933,75.20032462477684,138.52490112185478,28.85480750166481,46.21320427098642,doca 2.95 >= 1.5 (int)
flow0000004,2,9,20,71.62276578710727,1.0154248686233913,3.415932510684508,62.01380764693022,758.6475399285555,39.94772143938631,385.226934149032,anchors 72.3cm > eps5
flow0000004,2,20,27,47.08292772844799,5.023853379402711,1.8399770981177477,758.6475399285555,200.8062143996358,385.226934149032,47.92801826316176,anchors 46.9cm > eps5
flow0000004,2,97,106,2.630686484868177,13.418023297658152,2.6220954567992205,128.18077519536018,87.45965237170458,91.25045314174872,46.41718637482252,doca 2.16 >= 1.5 (int)
flow0000004,2,43,47,19.03008614729112,6.036451521629661,7.503329213641218,285.3887661918998,103.34652754664421,162.95681909534352,32.548324883283954,anchors 19.4cm > eps5
flow0000004,2,87,90,5.176582683098538,10.304639777004722,2.377157709677815,350.96929436922073,266.63577699661255,107.8029077295885,143.64326650298784,anchors 5.3cm > eps5
flow0000004,2,87,111,17.769784976361176,2.4810576388070533,0.33431204152876576,350.96929436922073,187.17003665864468,107.8029077295885,53.178235831346015,anchors 17.5cm > eps5
flow0000004,2,110,137,11.408627555483566,14.19543472686552,2.556728175777761,44.49786517769098,235.47330382466316,26.110726237964023,97.22257074184185,anchors 11.2cm > eps5
flow0000004,2,150,154,11.65299521617675,1.0311315611251883,1.8984582006915152,200.0594323799014,10.97960875928402,81.62657823623371,37.219756094684264,anchors 14.3cm > eps5
flow0000004,2,61,63,28.295665595081914,11.338310382075804,6.700751504465794,544.1497348472476,240.77545884996653,199.00201022719665,103.39848522782312,anchors 29.7cm > eps5
flow0000004,2,53,56,9.44336582028812,13.057938452701823,1.4796057503990994,756.8052703142166,70.0760295689106,498.4349742224865,20.846489620602334,anchors 9.4cm > eps5
flow0000004,2,116,149,70.5288081721272,4.9499303192515764,2.7159539668312176,297.1091079339385,290.6350305452943,196.4803265088625,199.10512337309095,anchors 70.8cm > eps5
flow0000004,2,73,135,71.37861253179322,6.275902139298332,4.182790675459261,596.5346728637815,45.01663238555193,393.1914045620208,32.23428155613164,anchors 72.2cm > eps5
flow0000004,3,6,10,53.78449919648956,5.17085484391735,1.5180614957372822,843.0488926544785,47.24360327422619,500.05859362536023,21.312804125166835,anchors 54.3cm > eps5
flow0000004,3,8,12,9.594808832955128,9.063940701717376,0.2929912267005245,141.82618948817253,126.66539718955755,77.92478294707375,74.65272165043757,anchors 7.0cm > eps5
flow0000004,3,74,100,73.66376505569903,3.1578361957905883,2.571453620066375,525.6782645732164,93.55046505481005,363.379862449008,60.77422710603304,anchors 74.6cm > eps5
flow0000004,3,14,26,43.60360619924008,1.5064365498199384,4.424268976048734,586.7414777353406,155.20776185393333,368.0287190002201,97.48997987489915,anchors 44.2cm > eps5
flow0000004,3,42,54,61.11575040726663,2.694968638430467,0.8201972261916667,134.74768244475126,481.5198734253645,96.60204203845325,345.6092597954515,anchors 61.8cm > eps5
flow0000004,3,44,52,2.649061596568729,7.892018239350411,2.6481970974917504,446.9844592437148,269.10620695352554,255.21423325098476,40.384359766311334,doca 2.99 >= 1.5 (int)
flow0000004,3,86,92,61.610255107156185,2.9689526265665096,3.385229246657803,162.36811170727015,445.6168468147516,106.25528802688748,276.214847070486,anchors 62.4cm > eps5
flow0000004,3,118,121,6.748963436548713,12.153723700731675,4.164797982312286,153.12536983191967,45.567722618579865,106.69768343263738,29.779995578203845,anchors 5.7cm > eps5
flow0000004,3,101,105,7.609945082249948,14.909746170217606,3.645931646031697,69.85709062963724,140.09569265693426,50.74462401150022,84.7497331062329,anchors 6.7cm > eps5
flow0000004,3,143,144,7.634894322263779,5.207342171308997,7.633725664711151,160.20658407360315,147.16400971263647,95.16183004463201,95.72289313984365,doca 2.02 >= 0.75 (bnd)
flow0000004,3,131,132,9.124701555736971,13.623402805703702,7.674650208540899,105.30917996913195,38.5043420791626,38.29157866531929,22.77532590131358,anchors 8.4cm > eps5
flow0000004,4,13,15,14.594226058593206,13.795997319756026,4.703665667622666,133.85584418475628,57.56050257384777,95.16247560164021,27.428360265268026,anchors 14.6cm > eps5
flow0000004,4,74,76,10.307984434923414,2.0594990259379182,3.6895668416121854,211.59204114973545,126.62590775638819,95.50289730447386,42.25613214926805,anchors 10.1cm > eps5
flow0000004,4,115,135,1.4311030342681061,5.3925517236795395,1.4294679844937115,994.9295704364777,296.2873254865408,495.80973584806134,54.11277031183492,back-wall veto (vz 906)
flow0000004,4,84,92,43.72731095919559,0.9273760246988233,2.7678430316535336,454.5680436939001,263.27907951176167,297.4646669440282,160.44990614539762,anchors 44.3cm > eps5
flow0000004,4,37,42,28.08010469036403,14.505429291132195,7.5312377643959625,312.05111821740866,100.96940402686596,197.01140744961947,53.338012184809614,anchors 29.6cm > eps5
flow0000004,4,86,89,7.249383980434164,12.038143069887914,7.237422710718626,371.7809514179826,67.76227888464928,210.843253854514,39.64774781386595,anchors 8.2cm > eps5
flow0000004,4,95,125,54.231468745561955,2.918560646865746,1.3645863869297559,179.17309830337763,501.3619863316417,96.3180122094872,355.7084160485849,anchors 54.9cm > eps5
flow0000004,4,96,133,63.4940342963703,1.438114334235681,1.1204908880040136,421.1513733714819,296.46757431328297,272.8266123187504,171.84261670585383,anchors 64.4cm > eps5
flow0000004,5,102,105,4.700368533745822,2.486099958997637,0.6777551825474838,252.15584521740675,205.55584455281496,63.641661994698495,53.64493223992751,anchors 6.9cm > eps5
flow0000004,5,28,30,5.412755528731842,8.244290263932763,5.335984145464455,441.9101571813226,306.85612362623215,82.39982347172361,97.06070260257428,doca 3.62 >= 1.5 (int)
flow0000004,5,28,34,4.364471068111352,5.692082400550751,4.262725783771361,441.9101571813226,156.5127978771925,82.39982347172361,64.69782531046883,doca 3.13 >= 1.5 (int)
flow0000004,5,28,36,6.416376487319488,5.165410148015919,6.376705891725233,441.9101571813226,159.9245892688632,82.39982347172361,60.2368091115771,anchors 5.7cm > eps5
flow0000004,5,29,36,7.803154199867565,4.958423443012027,7.5708334066656935,368.55131389945745,159.9245892688632,61.557956978785015,60.2368091115771,anchors 7.4cm > eps5
flow0000004,5,30,36,1.5411846977021602,3.0826027091994415,1.540546999441335,306.85612362623215,159.9245892688632,97.06070260257428,60.2368091115771,doca 0.96 >= 0.75 (bnd)
flow0000004,5,143,162,58.36965617985352,6.23527814770494,3.6684752422046527,677.583788216114,39.68088234961033,496.0424660140628,21.61005399730049,anchors 58.5cm > eps5
flow0000004,5,39,45,18.110558205330992,8.832150800112805,2.1478760623070254,821.3140307590365,114.63249101489782,497.5408818864909,29.01924596549916,anchors 19.3cm > eps5
flow0000004,5,18,38,70.32422207876452,0.36539909184872826,2.0998131659410975,573.5355340912938,143.6913923472166,368.73689656860137,88.07702052775596,anchors 71.1cm > eps5
flow0000004,5,20,35,43.59183939512169,0.6039002443755833,3.0966675709616838,475.5956129729748,281.96137208491564,270.0215206023705,186.69850652835612,anchors 44.1cm > eps5
flow0000004,5,112,113,5.091709164336276,2.635616659993486,0.8306906763758913,52.597506910562515,285.53127913177013,35.534408582330144,193.02117502997226,anchors 7.1cm > eps5
flow0000004,5,91,97,55.737367623719585,2.751294939296181,3.3747250009776675,369.05957335978746,31.261829063296318,251.24348562610078,40.79949271319839,anchors 56.4cm > eps5
flow0000004,5,95,106,73.57694499022152,0.9258715667029298,3.4099611842290614,592.3710061013699,42.91975072771311,398.63801046922936,27.78676980186666,anchors 74.1cm > eps5
flow0000004,5,108,115,11.647910209089371,0.19836327022208755,0.09628746674187222,343.2158207818866,423.3875810354948,225.5302512583184,264.00262999528434,anchors 12.2cm > eps5
flow0000004,6,3,18,31.20215630239956,6.956653381718478,1.3691280128127876,788.2287178486586,65.15363705903292,494.9857999378286,25.911233487498897,anchors 31.6cm > eps5
flow0000004,6,115,121,27.23705645954848,1.913684482727897,1.604191410186256,284.4983616024256,631.0457205325365,167.7284291793892,292.207737640134,anchors 24.1cm > eps5
flow0000004,6,121,144,40.72126183168782,1.190165939627828,1.8820353865670145,631.0457205325365,60.727081432938576,292.207737640134,36.792072202425175,anchors 41.5cm > eps5
flow0000004,6,20,22,6.760491388091243,4.983803714979806,2.493958891287127,239.60481076687574,206.30039779096842,121.56704488786423,80.67576898333564,anchors 5.6cm > eps5
flow0000004,6,62,63,26.195743589255283,6.352894336339479,7.401009548819722,192.45690438896418,696.8934411108494,60.40842980182836,497.6436050869929,anchors 25.9cm > eps5
flow0000004,6,44,47,49.55654917744806,5.916303668334996,7.42370170523398,80.22892259061337,592.0883745253086,53.31165151992644,396.28356940420633,anchors 49.1cm > eps5
flow0000004,6,56,57,1.228791963152235,2.6625475295199768,1.216299267651053,157.76783769577742,112.8188780322671,54.51895137353222,43.71037618339956,doca 1.52 >= 1.5 (int)
flow0000004,6,89,90,2.7784946008965687,1.679452209097559,2.774987344975979,121.36515375971794,103.37550737708807,42.63333180594016,55.853388103137284,doca 1.35 >= 0.75 (bnd)
flow0000004,6,110,111,9.61119385566238,4.461004958059267,6.049141689237579,246.14353217929602,155.98909401148558,52.92042161569843,37.367855788425956,anchors 10.3cm > eps5
flow0000004,6,142,145,8.269452574504953,9.602149430612776,5.395214574054536,231.92346400022507,91.29658478498459,66.26741864897458,20.029585583107497,anchors 7.9cm > eps5
flow0000004,7,48,51,10.700713588981673,10.13720907122105,0.21980280637189345,178.26724737882614,78.06739543378353,56.79018042711983,37.19496866347019,anchors 11.0cm > eps5
flow0000004,7,13,16,3.333346043962443,6.51642740856534,2.263499191738942,139.82627749443054,94.06509217619896,42.73894054164784,33.36915963626782,doca 2.28 >= 1.5 (int)
flow0000004,7,35,43,59.681604802385486,0.5956470246909653,5.78698058202135,570.3495289161801,145.084961630404,355.612363030662,87.2382668857129,anchors 60.4cm > eps5
flow0000004,7,38,42,52.91155526491814,2.4845406798499194,4.829404401280667,336.7009809836745,382.2053305208683,221.44902088316115,223.6708635509964,anchors 53.9cm > eps5
flow0000004,7,65,80,50.45968487372306,1.8919639592772195,2.429100397663286,144.9012125506997,75.29411052167416,98.46517072927574,54.578629013897284,anchors 51.1cm > eps5
flow0000004,7,72,74,33.80624242362577,8.16050593501693,2.4134165806318446,805.2929136678576,156.32267905026674,180.2049382074528,45.10906893901059,anchors 33.6cm > eps5
flow0000004,8,157,159,12.566177042830226,14.446767398836561,5.777948854641561,149.46772737056017,209.4391097947955,31.447233433192437,78.49856960550497,anchors 12.4cm > eps5
flow0000004,8,17,20,2.433662126967699,9.686747261939987,1.959462303239797,302.65822076797485,50.67673071473837,116.99729420780213,25.667632260367373,doca 2.50 >= 1.5 (int)
flow0000004,8,18,36,18.11790581675494,14.021917144566398,2.983580891174716,108.31716635078192,583.8952596858144,59.726197061295395,232.83688810669332,anchors 18.8cm > eps5
flow0000004,8,105,110,56.8760161177806,8.177149827625307,7.8365434120984965,447.51675713807344,692.2958556264639,112.94100240863848,127.90421604577304,anchors 54.7cm > eps5
flow0000004,8,109,110,4.543210510625444,0.9189477036485784,1.116601972614247,1110.436527915299,692.2958556264639,81.00460101515853,127.90421604577304,anchors 6.4cm > eps5
flow0000004,8,109,111,3.2333192456906565,6.53540015598795,3.217589595754629,1110.436527915299,241.5486736893654,81.00460101515853,96.47572276395988,doca 2.82 >= 1.5 (int)
flow0000004,8,109,112,15.978975456711785,8.256893249617132,3.703022529539115,1110.436527915299,205.21318355202675,81.00460101515853,64.5446883583936,anchors 16.1cm > eps5
flow0000004,8,110,112,20.49805689769724,9.175195488737977,4.449924463596062,692.2958556264639,205.21318355202675,127.90421604577304,64.5446883583936,anchors 22.5cm > eps5
flow0000004,8,66,70,6.406401992066377,3.2579143168921187,6.3838908919480275,329.13969276845455,81.19321102648973,196.92601944460824,26.511705637344676,anchors 7.6cm > eps5
flow0000004,8,66,92,53.82427582573586,0.2712782952331441,1.1021807656362748,329.13969276845455,372.92469242215157,196.92601944460824,249.65286192602815,anchors 54.6cm > eps5
flow0000004,8,130,134,46.58499273170318,0.2735041481463888,1.3410124949660955,91.16251543164253,588.7514225840569,53.82908876750602,396.37020403872725,anchors 47.0cm > eps5
flow0000004,8,65,97,60.518836550823984,2.645869343284563,4.801751024777948,596.7050484791398,104.00159380584955,393.399599888662,46.27549862457772,anchors 61.1cm > eps5
flow0000004,8,95,98,14.603119380088131,3.6601039191653304,2.3628284063764826,1221.0889404565096,66.30040077865124,120.09404993405963,48.68686436647347,anchors 14.5cm > eps5
flow0000004,8,123,124,36.94050736940439,5.588047229949696,6.331152652523709,57.30701060593128,132.33011261373758,24.14513993269364,29.460656155863006,anchors 37.5cm > eps5
flow0000004,8,153,155,6.465857731399211,13.445130533726907,5.375415325483768,98.60438034683466,61.24584858864546,32.480869990506555,24.209873305613225,anchors 6.9cm > eps5
flow0000004,8,129,138,64.92098837397167,3.448077449377253,3.3520097140649785,499.63849315047264,52.93968842923641,295.5061700619364,24.624001275500078,anchors 64.7cm > eps5
flow0000004,8,131,140,23.795683561931956,0.32381686710609076,2.984753020480261,406.53243827074766,307.358017757535,282.71319634299743,198.96738231371762,anchors 24.1cm > eps5
flow0000004,8,140,145,71.68969890401517,10.865204421547032,2.119195250311585,307.358017757535,33.93862093985081,198.96738231371762,24.133919408606275,anchors 72.3cm > eps5
flow0000004,9,8,10,36.43082379259299,4.002790726946013,3.207270767888547,818.0215025395155,90.35156317055225,498.22810828994943,33.29603113943825,anchors 37.3cm > eps5
flow0000004,9,10,17,72.64389264101546,9.880656583571339,5.831349903045263,90.35156317055225,107.38392817229033,33.29603113943825,35.22205612645917,anchors 73.2cm > eps5
flow0000004,9,123,146,74.06056320878106,0.9883187895172272,1.1206886349678784,557.5789171457291,144.3286258429289,338.0529468696037,81.96232837006774,anchors 74.9cm > eps5
flow0000004,9,27,76,78.2711431255705,0.8055752898642882,7.182862164884838,353.4253976121545,298.9276577979326,225.5135986371297,197.17213482574283,anchors 78.8cm > eps5
flow0000004,9,166,168,1.1991272823009949,2.3487522779658594,1.18744442510762,132.4557452648878,213.64688597619534,44.93279530704971,44.44599825696295,doca 2.02 >= 1.5 (int)
flow0000004,9,34,46,53.47445879824976,8.314265164383796,6.713967184339081,185.3271240592003,134.43670699745417,81.7254258466059,25.880403573120468,anchors 53.1cm > eps5
flow0000004,9,41,42,3.720461511633035,3.1737879834528546,1.4288474635984845,282.8718376159668,42.62995582818985,53.83809379433076,32.64370045970391,doca 2.03 >= 1.5 (int)
flow0000004,9,49,107,56.71876243515202,2.7774136589370495,1.4748032672365516,231.98285365104675,189.5398333221674,155.02990338034726,157.34260541445343,anchors 57.6cm > eps5
flow0000004,9,64,92,62.933228469262055,0.4822533433561455,0.8977878538910613,576.2433758229017,119.26986511051655,362.4142879003323,76.08147153553904,anchors 63.7cm > eps5
flow0000004,9,73,90,69.8859174354844,1.7076360421173487,1.0145151033769682,330.45746871829033,234.22352142632008,214.58414374828683,148.19532189362215,anchors 70.2cm > eps5
flow0000004,9,155,156,71.48143450093177,13.894011830618503,2.3993722117080543,649.6364565938711,25.047773867845535,418.5107236342504,20.141815234434397,anchors 71.2cm > eps5
flow0000004,9,160,162,10.15247423754678,14.183445906812768,5.520484897721176,153.6423839405179,92.30927879363298,42.87274266198159,50.70921299898245,anchors 13.1cm > eps5
flow0000005,0,104,105,14.197622221692741,9.04117885297782,1.981350872881003,198.46874073147774,94.33323457092047,85.98386772890872,58.4271926587102,anchors 14.5cm > eps5
flow0000005,0,9,11,15.33603089157149,9.814013167240683,2.0019188140942523,174.08256047964096,88.48540358245373,57.38489513272705,23.421087699827197,anchors 16.2cm > eps5
flow0000005,0,9,12,3.588224079078136,6.953785117455845,3.5574078607315838,174.08256047964096,311.2202623486519,57.38489513272705,51.68040798835013,doca 1.99 >= 0.75 (bnd)
flow0000005,0,11,12,21.371486862001667,13.557795180396374,5.510293623793622,88.48540358245373,311.2202623486519,23.421087699827197,51.68040798835013,anchors 26.6cm > eps5
flow0000005,0,15,18,13.399309503052667,12.670611840093368,4.192819325870285,72.34487695246935,84.12747468799353,27.020882411395863,37.63197096796813,anchors 13.5cm > eps5
flow0000005,0,16,17,3.0452636640369053,9.421263496827969,3.027385401567427,122.08263992518187,99.84270393103361,79.79240550139556,77.85892567189731,doca 1.17 >= 0.75 (bnd)
flow0000005,0,126,154,76.77024152599833,0.7343329354093566,1.464567591930593,197.94328390061855,302.42813847213984,117.00874433823536,195.90852471796654,anchors 77.4cm > eps5
flow0000005,0,50,67,45.007722482061766,3.2000151495217817,2.9988818351018622,383.2952507659793,287.5230681747198,268.1854719451464,186.76499876384366,anchors 45.7cm > eps5
flow0000005,0,23,28,17.60581500127302,6.0096132425564,5.41929370357228,86.43613165616989,280.64725981652737,31.809033967039806,179.15881207542225,anchors 17.6cm > eps5
flow0000005,0,28,35,19.75294184055371,11.903629272504071,5.102376548339349,280.64725981652737,522.0109047442675,179.15881207542225,73.02920951491032,anchors 20.0cm > eps5
flow0000005,0,30,44,9.009708024694067,12.621758543197464,6.587708874646629,142.87200421094894,172.42610247433186,96.03128099232775,60.86633228798973,anchors 8.1cm > eps5
flow0000005,0,40,41,5.265744518599372,0.9629355847854146,1.665703562565943,112.25043088197708,68.18105013668537,46.87569649587694,36.8319605772479,anchors 8.2cm > eps5
flow0000005,0,39,63,5.635297557796131,0.960578148930078,0.521570699990479,461.45977906882763,45.56087603420019,357.33091204079005,36.929940466375626,anchors 6.0cm > eps5
flow0000005,0,79,83,74.61876981736515,4.737890375755452,1.7009075542078367,534.4933157488704,405.3982479274273,254.53294392038427,78.19466354114206,anchors 75.4cm > eps5
flow0000005,0,136,153,4.206741581579475,3.3749727361883597,2.4938749375315608,375.74733632057905,36.09616882354021,273.2959484302398,26.91957441192387,anchors 5.9cm > eps5
flow0000005,0,147,156,7.524597778621381,9.77146759454017,5.203152760951025,613.1828206032515,81.10659125447273,403.09482136105754,44.10412833700424,anchors 5.6cm > eps5
flow0000005,0,91,93,51.596788241240056,0.4076592406506501,1.2962043356469592,125.36752458661795,561.4671214446425,83.28760550795508,364.64991614893756,anchors 52.4cm > eps5
flow0000005,0,94,109,10.385001867448054,6.356562876420827,3.8446668759026488,915.4391497448087,54.29679396003485,500.8080178096688,23.67925805511986,anchors 10.4cm > eps5
flow0000005,1,110,144,45.03626485811422,1.9501327445590084,2.9743247629022553,42.3920671120286,552.1239071041346,21.570558221113252,433.3323888358758,anchors 45.7cm > eps5
flow0000005,1,118,119,3.5317149785289805,2.9450987463528495,3.472133192338355,252.18960178643465,47.21335010975599,59.65524347090696,32.512645892076065,doca 1.88 >= 1.5 (int)
flow0000005,1,118,123,3.5702677304364876,4.661586814435597,2.426280463126711,252.18960178643465,434.3948887512088,59.65524347090696,81.28510639593794,doca 4.04 >= 1.5 (int)
flow0000005,1,119,123,19.767465678359077,3.6302153745335692,3.875799297747254,47.21335010975599,434.3948887512088,32.512645892076065,81.28510639593794,anchors 20.0cm > eps5
flow0000005,1,161,163,11.928041133467962,5.037482682423192,2.9593057621342,669.727113686502,137.91473811119795,82.9298004993509,55.353603740416816,anchors 12.0cm > eps5
flow0000005,1,44,53,69.55182262456066,0.4086629322980692,0.77826967819622,177.98907502740622,533.7885722666979,96.31626318009498,335.8689154913794,anchors 69.9cm > eps5
flow0000005,1,120,158,49.83216214405774,3.964614525765439,6.148604492540932,242.9043461382389,92.27886539697647,172.57797101190602,71.40288218381738,anchors 50.9cm > eps5
flow0000005,1,87,101,22.06711621425616,12.315762983627906,4.418176018059642,63.7896845638752,43.89311531186104,41.14058961052651,29.30888066536093,anchors 22.8cm > eps5
flow0000005,1,73,77,57.76101991611201,12.439745813991982,3.0321058225302004,826.5801980346441,55.16952606290579,497.46286151885647,23.679709515382022,anchors 59.6cm > eps5
flow0000005,1,121,122,7.089142313495587,3.046474708295373,6.084488082928056,191.02591562271118,77.30484910309315,40.3948694287569,22.700637494251875,anchors 6.5cm > eps5
flow0000005,1,121,128,32.03570972946349,6.050453212850792,4.458718334736439,191.02591562271118,56.33507935702801,40.3948694287569,29.982079389153217,anchors 33.3cm > eps5
flow0000005,1,89,90,7.233176040706651,7.788297507122942,4.945791092519657,149.03366962075233,56.39208275079727,49.22171736341389,27.01674489894299,anchors 7.2cm > eps5
flow0000005,1,145,148,55.49735201971337,12.070709191591442,3.2039355618003786,715.4688904806972,35.7248475626111,495.23576519714527,27.71490442772585,anchors 56.5cm > eps5
flow0000005,1,130,134,3.775596576134877,4.56622787853822,3.652355682419332,1267.2107782438397,140.2845382541418,138.72503642676375,69.12152736902857,anchors 5.7cm > eps5
flow0000005,10,70,71,4.338582600262277,2.384862338545237,4.0297309255393055,74.0045176371932,62.00489129126072,36.69342331163378,38.43849460723656,doca 3.27 >= 1.5 (int)
flow0000005,10,77,78,42.77172276110638,12.265183390317015,6.76616359066981,262.58993422985077,53.89585633575916,46.23376751302565,33.12182973675617,anchors 43.0cm > eps5
flow0000005,10,21,29,40.62384610842117,0.0529792593652736,1.314945449259684,823.5301712825894,103.20608837157488,456.4918948697667,83.23017464393536,anchors 39.8cm > eps5
flow0000005,10,21,30,23.89995246780935,5.614648639068361,4.330860499954551,823.5301712825894,154.99614636600018,456.4918948697667,55.27963378416793,anchors 20.7cm > eps5
flow0000005,10,29,30,10.066178398722363,5.631386164795091,4.310844893336641,103.20608837157488,154.99614636600018,83.23017464393536,55.27963378416793,anchors 12.3cm > eps5
flow0000005,10,22,41,62.65193185321481,0.46880805159215955,2.728567201248706,267.3494397178292,524.8499524667859,160.85377883472137,232.16037045713654,anchors 63.4cm > eps5
flow0000005,10,54,83,63.220669175430785,1.1660377314302242,2.4263723752989974,599.4092264771461,101.04854003340006,373.75789029805924,61.354566268312844,anchors 64.0cm > eps5
flow0000005,10,80,92,36.824779273403855,3.2243995783207824,2.895543080804757,747.2181014567614,128.01167395710945,138.02885021181288,46.070627031085664,anchors 36.9cm > eps5
flow0000005,10,80,93,25.496303205479222,3.4773987853151613,1.8639202243042439,747.2181014567614,66.70484174787998,138.02885021181288,34.812656039776925,anchors 25.4cm > eps5
flow0000005,10,80,94,3.50216489100832,3.7278551965061784,3.283556207887146,747.2181014567614,748.0456154793501,138.02885021181288,89.16127036417055,anchors 5.1cm > eps5
flow0000005,10,91,95,6.293229150746468,3.4946194390674155,1.6063613703298372,273.086762227118,314.047525934875,42.632790436467126,58.95991026767284,anchors 8.9cm > eps5
flow0000005,10,92,93,12.23486653133293,6.699075142975382,5.133741076436457,128.01167395710945,66.70484174787998,46.070627031085664,34.812656039776925,anchors 12.4cm > eps5
flow0000005,10,92,94,6.25685437744175,2.0864899130236383,3.60388144716254,128.01167395710945,748.0456154793501,46.070627031085664,89.16127036417055,anchors 14.0cm > eps5
flow0000005,10,93,94,27.13852420456381,6.9480553947353965,6.447897756470686,66.70484174787998,748.0456154793501,34.812656039776925,89.16127036417055,anchors 26.7cm > eps5
flow0000005,11,124,128,3.4812433771738056,14.14739489011644,3.0062887552541087,111.36050286889076,86.11862994730473,38.13509592977144,53.278162694849236,doca 2.54 >= 0.75 (bnd)
flow0000005,11,12,16,16.87189837479734,8.617856543129498,1.7070734884837269,161.80714896321297,183.87909917533398,59.714628695250894,53.18869024062734,anchors 14.4cm > eps5
flow0000005,11,96,98,2.4208696482758243,5.836991097752079,1.6229394646668822,162.32432255893946,110.5530541241169,41.552184531467944,37.24999691203623,doca 0.82 >= 0.75 (bnd)
flow0000005,11,111,120,77.03776505578041,7.796961275024541,5.970030714130846,54.200937777757645,547.9075244143605,34.64013191034992,111.83098121272258,anchors 77.7cm > eps5
flow0000005,11,111,139,43.816334580679886,1.6722787449547798,1.2811661111609483,54.200937777757645,46.990111500024796,34.64013191034992,23.028120359547927,anchors 44.5cm > eps5
flow0000005,11,120,121,6.9023858440404915,11.381174736514605,6.894024486441701,547.9075244143605,63.759431302547455,111.83098121272258,25.790130067326867,anchors 5.1cm > eps5
flow0000005,11,120,126,13.81041083502908,5.454096844312767,2.7616467554261472,547.9075244143605,81.9661063477397,111.83098121272258,27.958065024579817,anchors 14.0cm > eps5
flow0000005,11,155,157,7.196313112911164,13.317291045271181,3.5466923800900365,98.82905242592096,52.060109719634056,33.56385868223896,20.280675790111008,anchors 6.4cm > eps5
flow0000005,11,26,30,6.84086542355869,14.08400929540451,1.4605744656745303,136.9865968376398,68.72179037332535,114.83411372234869,34.5316872344689,anchors 7.2cm > eps5
flow0000005,11,40,48,12.75791275594373,1.1299993953792626,2.130980430921759,227.99880015850067,71.67086419463158,155.16242520201337,34.944568623281725,anchors 13.2cm > eps5
flow0000005,11,46,47,3.354605318787351,4.708234232680949,3.2162354114125904,351.49697829037905,514.3172999173403,95.70550834356693,92.75624000709092,back-wall veto (vz 906)
flow0000005,11,57,67,79.95387840246723,6.836363401733934,3.169991597296931,26.789097502827644,156.12714671343565,20.937366693568087,97.02910549677213,anchors 80.6cm > eps5
flow0000005,11,67,72,6.2638129645902785,13.474080945816384,2.681658849927216,156.12714671343565,88.11694945394993,97.02910549677213,33.14754053789519,anchors 5.5cm > eps5
flow0000005,11,59,63,46.2887895737962,2.033477613911076,2.1767119350185213,451.0411301776767,259.1633388400078,321.6259540315492,172.7703439714564,anchors 46.8cm > eps5
flow0000005,2,75,76,4.87717430928147,1.34886907513188,4.796241979275243,239.7723206654191,252.12829922139645,168.4472607112661,149.60783315965404,anchors 7.1cm > eps5
flow0000005,3,8,11,5.864920390326405,0.672793148116056,1.068530614254684,611.0478853583336,34.3327120244503,433.5787524905811,23.5485806350436,anchors 8.0cm > eps5
flow0000005,3,9,39,7.382759078637349,11.692152613483298,4.7283657913804635,257.4947816133499,117.05260760337114,200.14830912978766,78.27886778278095,anchors 5.5cm > eps5
flow0000005,3,28,36,2.3552657237054353,3.152312074134166,2.2227519145675987,218.70510084182024,121.6492185369134,118.52201325173581,84.87395209787358,doca 2.93 >= 1.5 (int)
flow0000005,3,125,126,3.18964614408203,7.639049005537679,2.12463997526166,68.1300970390439,77.21806968003511,24.305979772391375,27.01553753003242,anchors 5.9cm > eps5
flow0000005,3,132,133,4.744993024776579,5.1648725495818955,1.6493708855340081,139.29158727824688,65.85758615285158,64.42880615530238,34.70037774375289,anchors 5.8cm > eps5
flow0000005,3,143,145,27.66510799526823,12.564359383108687,4.5330898116148814,268.22009985148907,535.131981857121,60.55823008367724,296.3501596076652,anchors 27.9cm > eps5
flow0000005,3,143,146,24.5206286118524,4.564164041251776,5.493105671160354,268.22009985148907,117.47026234865189,60.55823008367724,58.09107566134879,anchors 23.6cm > eps5
flow0000005,3,145,146,10.544936615705076,13.116880691250222,5.810323909963033,535.131981857121,117.47026234865189,296.3501596076652,58.09107566134879,anchors 11.3cm > eps5
flow0000005,3,52,81,56.063270141633815,11.054250036292295,5.581350397640798,808.7243039906025,65.38372229039669,507.4448360464078,22.126805101677714,anchors 55.6cm > eps5
flow0000005,3,50,62,50.262403069111215,10.090712017291128,3.3390554218006896,95.31392180919647,276.11306443065405,65.16965521665588,183.74072265920108,anchors 50.8cm > eps5
flow0000005,3,58,70,53.750544432187866,14.777729766789836,6.244587570102275,678.5725801363587,75.23901753127575,66.35758261958688,27.86000551039094,anchors 54.4cm > eps5
flow0000005,3,65,68,20.291378211232832,6.423841621513834,1.2583639510342777,161.57308268547058,260.8540263324976,106.1961401202588,61.40879446581836,anchors 20.7cm > eps5
flow0000005,3,95,96,32.15255793147433,10.391341742723128,4.839928736398983,78.5274059921503,138.97599540650845,20.199785491257042,30.448668393820036,anchors 32.5cm > eps5
flow0000005,3,93,112,7.651135569754699,14.435085425441011,3.7129038451701404,198.1216229274869,152.33050090819597,152.1316117090982,100.95615911171993,anchors 6.0cm > eps5
flow0000005,3,98,102,74.23281391023116,7.122350794152223,7.7205400526707395,58.42638786137104,106.77026158571243,23.15716353107351,64.20603004168957,anchors 74.7cm > eps5
flow0000005,3,100,102,12.081183738192216,10.53570102406309,1.8605213678398504,505.7226192727685,106.77026158571243,274.74168505762145,64.20603004168957,anchors 12.3cm > eps5
flow0000005,3,91,121,54.90072101228808,0.8012290615933625,2.0732368297157016,33.543892934918404,653.1082775220275,21.761782200187668,418.16553997077074,anchors 55.6cm > eps5
flow0000005,3,89,134,57.09384530141729,2.3207063394596923,3.6680451322275256,397.18651301413774,269.63166446983814,269.4564531429236,182.43746558273702,anchors 57.8cm > eps5
flow0000005,4,102,112,74.19715047400464,1.080354062390237,2.913777308368597,515.0946566164494,154.26656034588814,329.99942460412313,92.97356054386296,anchors 74.7cm > eps5
flow0000005,4,25,41,55.776894728745035,0.5608024562365935,0.8512012736684982,570.302242770791,69.8406908288598,400.17703788322575,45.69117157296695,anchors 56.2cm > eps5
flow0000005,4,54,73,58.70759904407688,5.5750224169403415,7.216166527070754,575.2146021649241,78.58600199967623,394.73797175507985,44.00159758145681,anchors 58.9cm > eps5
flow0000005,4,31,50,63.57695539566812,7.110679198772457,7.34562231815794,58.958051308989525,267.92871364206076,43.33029946605622,156.67313081396978,anchors 64.2cm > eps5
flow0000005,4,59,77,40.848427316472,6.58427237157183,3.3602936673794543,31.4016315639019,64.8504649400711,20.74103837708161,40.6317841093656,anchors 41.6cm > eps5
flow0000005,4,77,79,5.826917953162273,12.37099172366409,0.844253222088786,64.8504649400711,146.51371969282627,40.6317841093656,89.14764498011826,anchors 5.9cm > eps5
flow0000005,4,70,84,45.97852755106458,4.337234081114441,4.6403052051047595,65.4098355397582,195.06156381219625,34.6263669740163,47.6616676261028,anchors 46.6cm > eps5
flow0000005,4,125,147,15.019586776274176,1.2803486590935174,1.831621039829715,922.1749989613891,189.12568253278732,502.4029961634059,67.78533174412728,anchors 14.9cm > eps5
flow0000005,4,93,109,41.125406444007915,0.20758320591645874,1.8724646190070127,397.0869975090027,272.7918771132827,261.1327318078925,196.3711539902299,anchors 41.5cm > eps5
flow0000005,5,24,57,40.70637143247954,0.9603330727486027,4.40169362119882,454.7794992029667,248.32162327319384,298.7375166041452,163.3076634806665,anchors 41.3cm > eps5
flow0000005,5,172,173,6.97538056804586,14.523309660734803,6.975123159789329,149.38302114605904,80.23035641014576,85.09785958697367,26.58076519150491,anchors 5.2cm > eps5
flow0000005,5,28,34,60.18056689373376,8.782248983066687,3.7582828666699886,1065.0834631621838,120.96787916868925,355.0891003986568,43.69414593221599,anchors 60.4cm > eps5
flow0000005,5,138,156,78.68003638513382,1.2486996492799713,1.6947409657417078,455.6550981029868,196.0347707644105,299.14251684935016,124.59380149061002,anchors 79.2cm > eps5
flow0000005,5,40,60,11.728618781110075,14.507227675438077,3.988997919971053,98.96678497642279,68.3463293761015,61.35328539421184,40.53849121867404,anchors 11.2cm > eps5
flow0000005,5,46,79,50.3457237256448,3.9740273942874524,2.443354454883589,241.24709590524435,320.70598924160004,168.24219606268173,215.18276711225533,anchors 50.9cm > eps5
flow0000005,5,64,103,50.53106940484876,6.930658758010645,7.813376031030735,279.14939469844103,316.7711317613721,171.90189593302023,222.24032044321868,anchors 50.5cm > eps5
flow0000005,5,137,148,17.90630117236403,13.28372997139582,2.4928977074815912,159.59291718155146,247.33058501034975,97.58728169019186,174.65716111341845,anchors 18.6cm > eps5
flow0000005,5,137,158,56.145483997964554,3.3194257898228536,4.105850677664041,159.59291718155146,269.04665756225586,97.58728169019186,147.72005406425995,anchors 56.9cm > eps5
flow0000005,5,82,90,52.842742143619276,2.2135346322983773,2.063903767349546,78.2471638917923,582.9324123263359,50.53659302275828,404.0167302101004,anchors 53.3cm > eps5
flow0000005,5,110,150,36.44836163727467,9.869323382202307,7.95941357950818,123.75836017727852,141.0077539458871,70.51469124363797,82.59456727036533,anchors 36.6cm > eps5
flow0000005,5,86,96,5.401717796736262,13.588867880101626,0.143431245501541,96.55001549422741,93.33439312130213,68.81779468087213,57.69141595065234,anchors 5.4cm > eps5
flow0000005,5,100,126,70.64963433453701,1.7925190861231004,3.267445279499561,213.47890055924654,162.042330250144,133.72201124128458,97.34584940646221,anchors 71.1cm > eps5
flow0000005,6,109,118,48.67705075843009,0.8769159645379091,3.1559610468221004,96.4931690916419,437.0798073410988,53.95264401203424,301.9155985063135,anchors 49.4cm > eps5
flow0000005,6,36,53,36.980109649010984,0.44944897445719323,1.1043028876308512,1120.9601226225495,351.28408912569284,496.5397194157399,57.01268102310903,anchors 37.1cm > eps5
flow0000005,6,31,34,21.56760143419605,13.45921222072105,7.414035962488577,141.06253093481064,49.92262529581785,115.24560996074568,27.578181942282924,anchors 20.5cm > eps5
flow0000005,6,32,42,64.9441442402953,0.6167048851992325,0.890893963070464,258.2152910903096,253.11631298065186,163.66791649611605,131.41514103801012,anchors 65.6cm > eps5
flow0000005,6,94,122,41.24390586284657,1.2383193503788226,2.621221867891299,168.51752050966024,427.71047650277615,104.25529171503914,287.28167994900525,anchors 41.8cm > eps5
flow0000005,6,62,78,42.08550632931674,1.6779461247550316,3.9586521846886167,137.7585358545184,226.40810512006283,96.48062217908779,158.92110996809285,anchors 42.6cm > eps5
flow0000005,6,73,81,6.63207610315033,14.597809175372795,2.8700536932490786,413.4622266665101,94.244384996593,305.4529910274939,65.41927228849363,anchors 5.8cm > eps5
flow0000005,6,76,104,73.34257756380877,0.8144978574894326,1.933128943003173,195.86869503557682,523.3583001643419,131.29670027949243,292.2620541588543,anchors 74.1cm > eps5
flow0000005,6,104,112,12.433654574362336,12.685157694994444,5.635556751657257,523.3583001643419,102.8981404453516,292.2620541588543,31.139043954473784,anchors 11.7cm > eps5
flow0000005,6,133,134,14.252739512218767,10.372097449283888,1.533624605583886,468.01154989004135,166.77030438929796,122.83557119860149,46.12626865362536,anchors 14.2cm > eps5
flow0000005,6,135,137,23.487936176006304,11.19083971563687,5.923743584318482,176.8115785419941,73.47763036936522,76.30775890956917,28.40300484962914,anchors 23.6cm > eps5
flow0000005,7,61,62,6.322519857269532,13.453246216084715,5.171494302578617,25.037423707544804,69.16380821913481,20.04038988650833,21.56941539833258,anchors 6.4cm > eps5
flow0000005,7,61,75,11.041962380879228,14.811843856176521,3.7475283277952207,25.037423707544804,179.98245668411255,20.04038988650833,130.09498228596993,anchors 10.1cm > eps5
flow0000005,7,46,47,11.831790301907182,14.266449963539884,6.647607144046952,155.79929548501968,87.15250109136105,62.017057164792874,40.9377334345954,anchors 11.5cm > eps5
flow0000005,7,139,140,10.027233494153373,13.740706964759273,3.2778101387071925,123.670624576509,54.31797069311142,40.16457094753514,20.34538414413011,anchors 10.8cm > eps5
flow0000005,7,105,118,21.38113756046108,3.7677948476560945,6.379314998417678,486.80896719545126,219.85552840679884,97.71751357423487,77.35737477235116,anchors 20.0cm > eps5
flow0000005,7,108,118,34.21305984332496,14.176785961041617,7.0785873574848255,682.2345353290439,219.85552840679884,429.4150535423814,77.35737477235116,anchors 34.4cm > eps5
flow0000005,7,66,68,6.2921936805238285,12.964490742796457,6.2706849241136124,622.6905208155513,120.98507573455572,400.310055785085,49.66137403517201,anchors 6.1cm > eps5
flow0000005,7,94,95,8.313429641808721,3.6865860660860728,0.3399892888730521,155.22941510379314,92.58474387973547,42.99095569038348,31.159580708309786,anchors 8.4cm > eps5
flow0000005,7,110,120,19.94984128588202,7.059890268613289,4.024979373608128,391.4681325852871,107.14476618915796,87.23829529722192,32.8646206418318,anchors 20.3cm > eps5
flow0000005,7,110,123,22.662330102538263,13.647421227970826,4.878342260285983,391.4681325852871,38.10961425304413,87.23829529722192,30.443524140891512,anchors 22.8cm > eps5
flow0000005,7,120,123,4.280025787479053,14.341421736011702,4.253546472822414,107.14476618915796,38.10961425304413,32.8646206418318,30.443524140891512,doca 1.54 >= 1.5 (int)
flow0000005,7,89,91,5.398869535972882,14.175432037802503,5.11304316971096,379.6549619063735,117.76197004318237,180.13217516894824,76.9082718547933,doca 3.13 >= 0.75 (bnd)
flow0000005,7,85,88,29.906424820773832,2.948837225336235,1.199600866838143,976.010984621942,195.9124822691083,499.7086458836867,47.18257141290027,anchors 30.1cm > eps5
flow0000005,7,85,92,11.277172937255596,7.3033842268420175,3.3146976938894595,976.010984621942,176.9653936177492,499.7086458836867,78.97245965934644,anchors 13.6cm > eps5
flow0000005,7,88,92,12.545231684130231,4.614048797165139,2.7482265820847633,195.9124822691083,176.9653936177492,47.18257141290027,78.97245965934644,anchors 11.2cm > eps5
flow0000005,7,87,130,70.395669577483,0.1893153625176574,1.6602743459735616,512.5419040545821,185.32728391885757,333.90019288351414,95.8284116618666,anchors 71.2cm > eps5
flow0000005,7,103,127,29.800752482773554,0.9978340646874594,3.427129883682417,413.87080781906843,239.09337159991264,295.2263998739017,170.6248703797736,anchors 30.8cm > eps5
flow0000005,7,124,125,10.34297595878999,7.131428660259999,2.5866858534448403,116.7610595151782,64.347621537745,52.465488040926985,29.727894696010893,anchors 11.2cm > eps5
flow0000005,8,103,119,14.286003531355874,12.913390438674762,5.127433429130531,808.8862364441156,65.68466398864985,495.238211336071,24.08622699837106,anchors 16.5cm > eps5
flow0000005,8,198,199,6.242690546821866,12.807312011753659,6.236017344900103,48.60054928064346,276.83006732165813,22.581666681151994,65.9673125893842,doca 1.22 >= 0.75 (bnd)
flow0000005,8,208,209,10.144753533358356,10.836578976149989,4.012726271423117,208.52163483202457,141.11985057592392,38.476124259861024,43.89525741962231,anchors 10.9cm > eps5
flow0000005,8,209,220,35.082374740949454,10.420568316760937,3.133026882760945,141.11985057592392,107.90890512615442,43.89525741962231,71.69739196462069,anchors 35.7cm > eps5
flow0000005,8,34,71,42.299109838753154,0.7510080871223965,2.137173577476442,110.77358551323414,558.3589790612459,61.481940486530114,409.2890690891311,anchors 42.7cm > eps5
flow0000005,8,180,181,9.107725260757167,3.7217082276738798,1.5132260441492058,175.9568396061659,118.26147121191025,41.89157148264823,47.26787995560109,anchors 10.4cm > eps5
flow0000005,8,40,45,9.382900404287675,4.170778385717958,5.314832842775805,321.6299924775958,566.640773229301,132.21986996604937,69.52681169270419,anchors 8.6cm > eps5
flow0000005,8,40,50,52.10992152783726,4.730484812060796,5.0795332278911856,321.6299924775958,197.36783395707607,132.21986996604937,137.30482755406788,anchors 51.9cm > eps5
flow0000005,8,40,54,12.057422417631685,3.5088263147461682,2.570447835345964,321.6299924775958,147.86732263863087,132.21986996604937,31.53873968388237,anchors 12.2cm > eps5
flow0000005,8,45,50,6.3095447141703715,6.967024958134641,5.605787477914379,566.640773229301,197.36783395707607,69.52681169270419,137.30482755406788,anchors 17.3cm > eps5
flow0000005,8,45,54,67.00896424876319,7.673723952858156,7.841508945500484,566.640773229301,147.86732263863087,69.52681169270419,31.53873968388237,anchors 69.3cm > eps5
flow0000005,8,131,132,31.717153969723775,1.5157713822248633,3.9091070823048626,1013.2803391888738,437.3482598513365,161.82429362358297,92.98766433001937,anchors 31.6cm > eps5
flow0000005,8,131,135,22.956358198016385,5.202946131074784,6.970616818703804,1013.2803391888738,190.60873794555664,161.82429362358297,101.02663292242312,anchors 22.5cm > eps5
flow0000005,8,131,137,27.648991478973972,2.0084122563109306,6.631508533851683,1013.2803391888738,73.8626452460885,161.82429362358297,34.02051534795603,anchors 28.2cm > eps5
flow0000005,8,132,135,39.68215215176105,6.476483523964611,2.506321196736468,437.3482598513365,190.60873794555664,92.98766433001937,101.02663292242312,anchors 39.4cm > eps5
flow0000005,8,132,137,3.3468897986586015,1.4823953665133072,3.2839744339682304,437.3482598513365,73.8626452460885,92.98766433001937,34.02051534795603,doca 1.91 >= 0.75 (bnd)
flow0000005,8,133,140,1.7392328068646599,4.252827090051277,1.5508747114086754,308.950935728848,1056.0658683776855,77.15316558628336,504.69349022574863,anchors 5.1cm > eps5
flow0000005,8,135,137,5.025755238027929,7.188675849523818,0.4677412516600365,190.60873794555664,73.8626452460885,101.02663292242312,34.02051534795603,anchors 6.0cm > eps5
flow0000005,8,90,96,10.76037291238422,5.508054982576101,6.4773059683960925,343.24559400230646,254.41864272207022,195.9794536772908,38.804784855856056,anchors 13.1cm > eps5
flow0000005,8,90,97,71.16170966648001,13.394161608077512,6.800990137319104,343.24559400230646,62.16539358347654,195.9794536772908,24.187925058565916,anchors 71.0cm > eps5
flow0000005,8,194,219,65.82981419491706,10.72754737549773,5.168950110409824,721.8566613793373,35.08904775977135,445.7305557436917,24.6959615275678,anchors 66.4cm > eps5
flow0000005,8,66,70,26.667956812326892,6.670226464474655,1.411428909674679,706.0995592698455,73.77395545691252,496.7148757316309,35.4395939531454,anchors 27.5cm > eps5
flow0000005,8,73,75,4.684495354127374,6.929545309254216,1.4621127337655437,117.2349233776331,79.78467524051666,39.66675632786992,27.86917612847028,anchors 7.5cm > eps5
flow0000005,8,77,82,4.617332335687393,4.149122655900658,2.9357440855916863,150.35049202293158,104.85107884556055,44.80594387340675,65.95536965205703,anchors 5.9cm > eps5
flow0000005,8,79,83,40.16005352995376,9.870323316089452,2.4247222290163757,340.9168744534254,89.57516428083181,129.68551574081235,34.06991460045001,anchors 40.1cm > eps5
flow0000005,8,196,214,26.075760629375207,13.61506415191564,2.256880362612216,529.9352443441749,137.63863626867533,401.46228355632536,80.30389356893232,anchors 26.4cm > eps5
flow0000005,9,80,95,63.31383591800201,1.2333829118251165,1.4645595558246207,55.85070529580116,681.591725744307,37.73388141292326,396.6313761934721,anchors 65.3cm > eps5
flow0000005,9,102,136,57.4401945993837,1.582151076096342,5.86882889781194,84.02365876734257,403.68479043245316,34.56160013489751,265.8775056699916,anchors 59.5cm > eps5
flow0000005,9,40,68,51.26922888035235,3.8247824095441234,6.869827891468419,114.73360019922256,259.23419523984194,34.61004148942682,174.7276317784478,anchors 51.8cm > eps5
flow0000005,9,28,37,25.89862968585003,7.600007860722575,1.839736489745045,85.0793458968401,335.0168200060725,69.10400213194558,239.48651619256196,anchors 26.4cm > eps5
flow0000005,9,29,42,9.185419431702002,5.849360363441059,5.342675153782303,229.28918893635273,184.65518099814653,184.83440089314598,111.7924723970439,anchors 5.7cm > eps5
flow0000005,9,70,75,68.7487200491469,0.42887630518419834,2.9397072963832738,152.42890401929617,524.0028599500656,98.89500954630239,347.75072415142665,anchors 69.5cm > eps5
flow0000005,9,79,104,6.44641850602196,11.295643185020474,3.238223971562848,292.46599984169006,151.25586687028408,205.62512171560115,86.32088295277043,anchors 5.7cm > eps5
flow0000005,9,88,96,64.57017151743582,6.495323457807445,7.167208956640771,156.67489385604858,251.45237558335066,98.37845217394275,169.88347176178092,anchors 65.1cm > eps5
flow0000005,9,94,131,66.07355080621785,0.35989622445573244,2.5829974704596257,158.2241882160306,558.5704346075654,96.28199644947173,340.2404813346144,anchors 66.6cm > eps5
flow0000005,9,131,145,5.991295566296235,9.21622787362502,2.879827920256907,558.5704346075654,107.56035394966602,340.2404813346144,43.834600213811974,anchors 6.7cm > eps5
flow0000005,9,107,110,5.900045163343506,8.7327110491969,5.89966232132485,101.03739377111197,504.7194714769721,51.66850163818709,93.47922482700467,anchors 9.7cm > eps5
flow0000005,9,141,147,51.92430558623014,1.7102486549546412,2.745746903364208,312.7665338367224,347.0427198112011,210.03740304518527,199.09906837555815,anchors 52.3cm > eps5
flow0000006,0,43,50,49.4410015271558,6.471075177507829,2.0350893407456603,634.6165777817369,158.78530876338482,348.84907915822794,48.30976983189774,anchors 49.6cm > eps5
flow0000006,0,43,54,49.192899732204445,10.746073699605198,2.574976221811878,634.6165777817369,280.7490017488599,348.84907915822794,57.52150957704107,anchors 49.5cm > eps5
flow0000006,0,50,53,22.9981779380195,2.29154241871307,1.1727226096532921,158.78530876338482,87.86186400055885,48.30976983189774,24.939837231995984,anchors 23.2cm > eps5
flow0000006,0,50,54,4.059334225923178,6.097631807574284,4.008191016052534,158.78530876338482,280.7490017488599,48.30976983189774,57.52150957704107,doca 1.44 >= 0.75 (bnd)
flow0000006,0,53,54,14.964931109637174,8.004681714671603,2.1192550015598837,87.86186400055885,280.7490017488599,24.939837231995984,57.52150957704107,anchors 19.5cm > eps5
flow0000006,0,87,116,13.902184011213256,14.880004570219958,5.428968861120474,221.40561973303556,48.45803998410702,158.86759152983515,27.334934497227977,anchors 13.7cm > eps5
flow0000006,0,6,8,16.6908776234686,5.839259394588055,1.5625184926335867,1271.6878159046173,362.1172059029341,153.432558231854,149.22607252323633,anchors 19.4cm > eps5
flow0000006,0,6,18,1.8299383601685886,3.286191822704131,1.8225931218771854,1271.6878159046173,88.86707480996847,153.432558231854,35.23864636630388,anchors 10.0cm > eps5
flow0000006,0,6,21,19.51278568266302,9.883425439760217,6.899721302303406,1271.6878159046173,167.83522514998913,153.432558231854,51.78476023088126,anchors 16.6cm > eps5
flow0000006,0,111,113,10.493867636766632,13.498912809799068,4.562617687131706,179.44426325708628,37.4607579857111,55.180717370561055,20.335094946551468,anchors 10.0cm > eps5
flow0000006,0,9,12,20.931593760825823,5.82591193037526,4.536646518035104,117.54191870242357,333.48520155996084,95.5592226719682,242.8452439048727,anchors 21.3cm > eps5
flow0000006,0,11,48,7.481109976005357,14.952545466512658,3.3496720439453327,125.43838097155094,150.80126942694187,100.25575237260449,99.60767721378427,anchors 5.9cm > eps5
flow0000006,0,15,16,10.745638019664543,10.87857486359807,3.2540295277832243,47.46270226687193,106.74239518493414,20.788184249520487,39.6513491164498,anchors 12.5cm > eps5
flow0000006,0,59,69,44.67126726185655,10.857805242237808,7.360745460018272,100.55190645158291,356.5220770910382,46.571834223351644,261.39573291410227,anchors 45.1cm > eps5
flow0000006,0,72,93,55.36422688554519,0.6948763712855993,1.7939498893674604,290.6503171250224,434.8660508468747,169.36011859525675,274.5257694003228,anchors 56.1cm > eps5
flow0000006,0,95,97,14.692102098358195,1.2695846715174108,1.291724929631824,171.50942428410053,687.4317470565438,31.96270851519445,86.37561778959946,anchors 14.3cm > eps5
flow0000006,0,98,115,65.6337014886122,1.4790635513735448,0.19321659411165948,155.18626506626606,466.89456217736006,96.42534720552034,228.8322744649999,anchors 66.1cm > eps5
flow0000006,0,127,129,8.197099537880543,14.800155225413675,6.134530400803562,140.89979808032513,61.781652212142944,98.36824984971048,27.915081610596722,anchors 5.8cm > eps5
flow0000006,0,131,133,15.374793479533276,13.631206634693166,5.256511020880271,141.4325749501586,118.98373059183359,49.75685339709675,32.207503670671095,anchors 14.9cm > eps5
flow0000006,1,12,16,5.676713449650956,14.553577476835867,1.5805226261454581,148.3110937103629,90.79740377515554,99.05561652395895,52.13180069815007,anchors 5.7cm > eps5
flow0000006,1,98,116,30.60476794883288,6.3812669528554915,6.994353520677598,151.9448466002941,109.30772726982832,52.877634668666126,47.440238285752216,anchors 31.0cm > eps5
flow0000006,1,50,51,8.884188964697008,1.2189214345847323,0.5349660582205864,639.4491588324308,1024.222210250795,77.84792757931649,111.49465160762827,anchors 10.0cm > eps5
flow0000006,1,28,42,13.791113884688064,3.0115946194765493,1.9326444378459213,705.365666307509,96.4691254645586,397.77439344015,36.154661600690176,anchors 14.3cm > eps5
flow0000006,1,54,69,21.263025194609522,8.701602723446408,5.675648363243175,61.01974342018366,90.75918747484684,24.910654630591758,25.351197353391512,anchors 21.3cm > eps5
flow0000006,1,106,108,39.72620348795248,7.734699168183327,7.071312478729293,74.83043610304594,303.99876890331507,51.94370044024556,195.64872975281887,anchors 40.3cm > eps5
flow0000006,1,75,77,65.87079563505942,12.311334685149994,4.364264266030264,940.0068426281214,102.59974522143602,442.8587064575061,27.49715231239852,anchors 65.2cm > eps5
flow0000006,10,8,35,74.92054740135747,7.92607498721079,7.383102808979626,232.23220949620008,127.05725856870413,150.83375012601283,72.04013544957306,anchors 75.5cm > eps5
flow0000006,10,80,108,10.816526289182544,13.195271095062898,4.162849762934402,60.825484320521355,101.84404552727938,34.412778127606124,60.497499415055046,anchors 10.9cm > eps5
flow0000006,10,136,141,4.508628164197624,9.635706921872833,1.5543615217913664,208.77146672457457,68.15143395215273,54.46505543134333,28.322270137224997,anchors 6.4cm > eps5
flow0000006,10,21,22,69.438657822914,0.8488528549262662,3.8694808214985077,102.67553789168596,628.6381835192442,52.94032088985543,377.7494858946466,anchors 70.2cm > eps5
flow0000006,10,41,42,18.83208092230671,3.9327235909192804,1.0282119987760654,147.1837534159422,116.56473077833652,36.70145043238661,39.928864894085635,anchors 19.9cm > eps5
flow0000006,10,48,73,63.924270081739,0.08572519355599352,2.783997593562625,443.80864710360765,252.24374132603407,273.2738029400134,160.72634636782644,anchors 64.7cm > eps5
flow0000006,10,52,60,67.78467798648349,7.7311812464229694,5.444301534110638,622.037361137569,70.8944651260972,278.1086296436692,24.19990939963609,anchors 67.8cm > eps5
flow0000006,10,95,101,46.14539082522943,0.08178783737217668,2.3398042016191476,223.23276975005865,405.0213603526354,160.87749486952947,288.57441603311514,anchors 46.6cm > eps5
flow0000006,10,79,86,53.096312254912384,0.9405350102256218,1.114480332061472,129.07627727091312,579.214262790978,76.76665389853653,370.4531742692544,anchors 53.8cm > eps5
flow0000006,10,102,118,41.266297709262666,3.5053918982763053,5.9681905685247365,375.2311195805669,171.06613340973854,262.34470688527796,96.6253487994596,anchors 41.7cm > eps5
flow0000006,10,123,124,3.0184688380125517,1.4692082439527627,3.016056576930123,63.7146881967783,189.81227583438158,48.19270648493602,115.26636424084546,doca 3.06 >= 1.5 (int)
flow0000006,10,68,99,62.75647738977207,2.7555667614463166,0.7926631304767796,54.382776975631714,597.4102707207203,38.36033286496091,387.25729015529305,anchors 64.3cm > eps5
flow0000006,10,90,125,42.28638014157809,1.068388389065174,2.442098441232781,609.4898303225636,145.08082131296396,390.5287538586574,77.57090124947504,anchors 43.6cm > eps5
flow0000006,10,113,114,6.7201629005410695,7.674355484264624,3.7875362775551245,134.05392299592495,89.63328397274017,81.4653691052379,65.7717168178068,anchors 6.3cm > eps5
flow0000006,10,138,142,6.804222574102773,12.556058263521997,5.838298358755213,177.79258570075035,90.89166694134474,111.93296407295354,36.21929248313483,anchors 9.4cm > eps5
flow0000006,11,20,22,24.955889685693258,0.8691616277464843,3.0500817884243365,82.85078162699938,146.84157140552998,54.101428666333675,95.71147783344449,anchors 25.3cm > eps5
flow0000006,11,4,6,26.756703417529135,6.799856321921114,1.1056179145967637,190.45969862490892,47.11415074765682,95.34068074797679,24.52985081774483,anchors 27.2cm > eps5
flow0000006,11,7,18,6.646543745426068,14.178649560464727,3.690463091050424,362.91367469727993,93.38327607512474,302.28579408264835,60.98121421139754,anchors 6.0cm > eps5
flow0000006,11,21,30,7.436019677115757,11.418600820550088,4.025120154370587,217.18494584411383,315.12678072601557,165.28193114134956,237.36463689023043,anchors 6.8cm > eps5
flow0000006,11,55,58,22.218317351396497,10.57792183080083,5.4145873219837535,74.41293853521347,157.5581323504448,31.262620775064278,30.2092829159994,anchors 23.9cm > eps5
flow0000006,11,100,102,24.782013358112877,6.708548758457833,4.9649613659319725,738.6336206644773,193.03888455033302,384.06748441957745,45.28558496248324,anchors 25.2cm > eps5
flow0000006,11,120,138,45.17171113533782,5.626340564348979,5.257977227164543,519.7224775254726,165.4439314082265,358.73640248616414,96.65966312180578,anchors 45.8cm > eps5
flow0000006,12,73,80,66.08862979233693,1.6384690127816366,6.572562759464854,162.84006587415934,500.69513712078333,100.19896655985613,331.1123725110976,anchors 66.5cm > eps5
flow0000006,12,12,13,8.961924859270573,12.124254284993837,6.906768682704644,79.36590452492237,48.606918923556805,32.09639530552084,25.479168042537182,anchors 8.5cm > eps5
flow0000006,12,29,30,10.647568367379737,13.960515794411156,0.41303976564951916,144.61762419342995,91.39976371079683,55.27166699094009,31.942494513140026,anchors 12.4cm > eps5
flow0000006,12,20,53,76.39493994733218,1.0793510742205872,1.9735304036235932,360.83987517654896,65.55441462993622,177.13543272309346,31.38552539996084,anchors 77.4cm > eps5
flow0000006,12,32,35,6.1654828503345245,14.591999258492864,0.4795124063650356,68.93404255062342,65.07784419506788,45.97477166507933,30.64605613404045,anchors 6.4cm > eps5
flow0000006,12,82,86,4.533273084198375,8.68748985616012,3.5894922261573616,208.68006781488657,30.562656246125698,59.9101675541421,23.73076973329521,anchors 6.4cm > eps5
flow0000006,12,115,120,45.04153718995621,0.5912130062106706,1.4519858325289665,600.9254017844796,137.26858827471733,363.0375115829447,76.16507701436598,anchors 45.8cm > eps5
flow0000006,12,120,121,9.701492039921298,13.498893961161446,3.9615719803620517,137.26858827471733,48.73430174589157,76.16507701436598,21.461682709293868,anchors 9.5cm > eps5
flow0000006,2,47,80,77.56693289295166,1.2254091449673594,2.8000226738048375,169.91634261608124,281.79959213733673,122.44919503480111,218.2795484299022,anchors 78.4cm > eps5
flow0000006,2,60,83,41.222085779719286,12.440962854347056,6.604924561121371,336.5376115888357,101.59278375655413,193.32464083736647,63.312112696722124,anchors 41.7cm > eps5
flow0000006,2,50,59,59.275080990844806,4.463347212541769,3.1855122537663227,727.7358593568206,61.27482853829861,454.6833013748043,28.97913347762953,anchors 59.0cm > eps5
flow0000006,2,28,68,45.60749221906422,8.712765323559344,7.453584515699468,538.2406037673354,138.6491006463766,376.8988281587603,89.14462333230293,anchors 46.0cm > eps5
flow0000006,2,37,49,46.59791681481603,1.3839366176237478,1.7827482066607496,233.9322932958603,154.30111314356327,163.9900353544982,99.37579677592885,anchors 47.4cm > eps5
flow0000006,3,40,43,7.115196662731075,10.638587554743001,1.2013728892009212,98.20169241726398,51.54006939381361,65.672327111128,34.98116721975942,anchors 6.4cm > eps5
flow0000006,3,73,76,18.96135244227092,10.156835808405202,3.32225878763958,810.1732790917158,18.948044545948505,514.55769116641,20.648737559178457,anchors 18.9cm > eps5
flow0000006,3,123,129,50.69012100546816,0.43297610794446423,1.490057813456497,154.71431101113558,565.9431964159012,83.17760109827572,364.7328741179354,anchors 51.4cm > eps5
flow0000006,3,54,59,57.34449531476162,1.7663235892951998,3.2835247969750614,381.73369623720646,317.1028067469597,246.99877396837792,197.61953747291085,anchors 58.1cm > eps5
flow0000006,3,103,128,10.15713113810356,4.637796564635906,7.2178176804252345,749.4872809052467,40.563327349722385,463.380203854355,30.349625849292373,anchors 8.2cm > eps5
flow0000006,3,39,42,11.107484391974872,11.406259836038977,2.993981278574129,113.83762222528458,69.57111545652151,52.98811742016663,26.875758810914967,anchors 14.3cm > eps5
flow0000006,3,29,45,48.96028471454349,1.2144635931633647,3.0909746424209033,166.03705793619156,561.3317754492164,103.1401578902645,383.1600354465635,anchors 49.4cm > eps5
flow0000006,3,35,36,20.377581752106146,1.1647951844171878,1.1954408041781,576.6056085079908,1411.1309890449047,51.798456838831136,93.21249279429654,anchors 16.9cm > eps5
flow0000006,3,35,58,6.661599473017318,14.491978693843645,6.152247818713982,576.6056085079908,214.33204386383295,51.798456838831136,26.74735449684448,anchors 8.1cm > eps5
flow0000006,3,36,58,8.120876057817432,14.95858903637112,0.4649928125503104,1411.1309890449047,214.33204386383295,93.21249279429654,26.74735449684448,anchors 15.3cm > eps5
flow0000006,3,38,55,27.93048827072326,2.385811943291567,1.836931354268378,766.2965642735362,67.13730588555336,379.4576181625573,39.0025641138474,anchors 28.6cm > eps5
flow0000006,3,80,101,68.0233334153678,1.5120005946047088,3.3540994379081512,622.8865296840668,68.9773523658514,401.5859417698926,34.096934227497556,anchors 68.6cm > eps5
flow0000006,3,63,77,67.56862707798378,3.1948679981748573,3.2604621594815604,56.621531173586845,276.17516465485096,34.2691964061913,198.8283935926719,anchors 68.1cm > eps5
flow0000006,3,105,141,77.42244627286199,4.00718020145572,3.2140221139214535,143.82721533626318,169.68705432116985,91.55351441614711,112.1965843530417,anchors 78.1cm > eps5
flow0000006,4,43,53,45.416336435672896,6.929660524047186,2.409558802844035,629.0311519354582,87.7277944907546,94.33732266941544,37.608179168619316,anchors 46.0cm > eps5
flow0000006,4,52,62,10.484808192503515,11.00900184560823,4.773559376032881,405.12087231874466,43.199515998363495,292.85300130737056,33.002908479658245,anchors 7.1cm > eps5
flow0000006,4,7,23,4.2459545651809,2.847171836683376,4.220235768447732,833.1636643409729,101.22082572430372,518.7071080619887,42.486862113778415,back-wall veto (vz 917)
flow0000006,4,87,94,58.90023822936985,0.45363507284019144,2.02292582013643,215.92210709303617,415.41787235438824,151.7602890301956,286.49154363571415,anchors 60.0cm > eps5
flow0000006,4,95,100,52.518034749210194,1.0682886807602516,1.6637317801634723,421.49785482883453,278.9060919582844,276.98785784830704,171.04351515037456,anchors 53.3cm > eps5
flow0000006,4,100,104,8.994451386975491,13.036471185645647,0.1321595477787627,278.9060919582844,100.93628424406052,171.04351515037456,46.33388089035272,anchors 8.8cm > eps5
flow0000006,4,103,108,11.305951536747985,14.285467135233612,1.973284265907626,114.47310568392277,160.03175147622824,91.59835796203558,102.67321459400802,anchors 12.5cm > eps5
flow0000006,4,122,123,30.777025879093934,9.899742925404254,1.241434588402036,867.6395151391625,68.36623246967793,499.8974142392165,29.401854803541923,anchors 30.6cm > eps5
flow0000006,5,4,8,13.353213025297377,14.698067540804923,4.947468063712779,171.66945023089647,172.98244965821505,47.38765429757616,58.133358963049524,anchors 13.3cm > eps5
flow0000006,5,5,13,53.41351956969843,4.002840600110347,2.185036746969083,314.7833222821355,99.43857919424772,200.45069720013382,24.847210115008657,anchors 53.3cm > eps5
flow0000006,5,31,40,3.0163260160780383,3.919319113498958,2.9263173259897695,731.3672251477838,119.89197160303593,402.11806759295087,43.74830239518767,doca 4.10 >= 1.5 (int)
flow0000006,5,48,64,11.551845823131696,0.06393700955367727,0.26686954074440955,548.2498757168651,196.77486683428288,353.7565976656891,131.90241090177457,anchors 11.8cm > eps5
flow0000006,5,15,21,13.610079352602567,6.53250072975607,4.743815667387526,1020.7518254593015,77.12301014363766,137.0575702239119,39.06679176896076,anchors 13.9cm > eps5
flow0000006,5,24,32,78.162143631182,3.6944086062642247,4.8965523979859285,48.084012158215046,544.9089410305023,26.746189410781348,412.2526776040909,anchors 78.6cm > eps5
flow0000006,5,62,65,25.879835868244967,3.525110895979112,2.237484113005806,623.5796397402883,149.9704112112522,132.08898754062977,31.88124023855169,anchors 25.7cm > eps5
flow0000006,5,62,69,6.318172419886843,2.986259894415632,3.3240132767542394,623.5796397402883,1197.4732716307044,132.08898754062977,154.45347030227873,anchors 7.3cm > eps5
flow0000006,5,65,69,20.991956758101782,1.0824047718214975,3.6458292947768673,149.9704112112522,1197.4732716307044,31.88124023855169,154.45347030227873,anchors 20.5cm > eps5
flow0000006,5,120,138,78.82004775291539,0.1873017860950785,0.25771531018932214,225.7748520746827,496.1822784021497,122.113730291682,296.2113918918659,anchors 79.6cm > eps5
flow0000006,5,34,47,75.31937309081881,2.514006630110449,5.100318854685234,617.4948898628354,51.81887771189213,399.545808297189,26.866137846693192,anchors 75.9cm > eps5
flow0000006,5,43,46,2.5919000548113753,5.387788192839988,2.5514234364149826,985.0626513436437,90.04982502758503,499.3221664104749,25.389650439950277,doca 3.29 >= 0.75 (bnd)
flow0000006,5,43,71,54.645081328060584,3.56831009516926,1.0747959731173764,985.0626513436437,122.26017862558365,499.3221664104749,41.00262575971892,anchors 56.7cm > eps5
flow0000006,5,49,54,6.217855311189424,4.674072523066288,2.17284780937353,744.0217611938715,81.68379475921392,497.0437529787815,31.15189473695245,anchors 7.5cm > eps5
flow0000006,5,55,115,42.39548915369368,7.787074625678431,4.6218333140386,463.15890161693096,109.9753735139966,352.22242119204793,79.21344515175588,anchors 43.0cm > eps5
flow0000006,5,57,59,5.2679460041300095,6.009469775925343,5.0905545832668215,115.18262524157763,59.04419402778149,37.62523815949719,21.370395679247583,anchors 6.5cm > eps5
flow0000006,5,67,79,41.66874784798421,1.8016175554276703,3.2192295606150525,221.55863884091377,458.84746915847063,157.56822010100097,291.8474375360963,anchors 42.0cm > eps5
flow0000006,5,112,113,15.210286236051779,5.691834253456525,7.2233735033377755,534.2702330350876,329.169145822525,95.82554602950752,64.17170765061553,anchors 15.6cm > eps5
flow0000006,5,112,114,3.6078023191505024,2.2754570087032757,3.607744681763269,534.2702330350876,329.8667262867093,95.82554602950752,68.58373629276575,doca 1.85 >= 1.5 (int)
flow0000006,5,112,119,77.1719449569123,5.935146868262844,7.025907308213572,534.2702330350876,53.38743921369314,95.82554602950752,26.187081707511638,anchors 77.4cm > eps5
flow0000006,5,113,114,8.941868127144238,3.561427577822429,2.4052471748931077,329.169145822525,329.8667262867093,64.17170765061553,68.58373629276575,anchors 8.4cm > eps5
flow0000006,5,114,119,76.94896952923622,3.6720705267749287,2.1018623194725357,329.8667262867093,53.38743921369314,68.58373629276575,26.187081707511638,anchors 77.2cm > eps5
flow0000006,6,97,98,9.277251229221552,9.456626189075655,4.1825903903004225,493.26058745384216,165.794868811965,98.57098902384612,56.58582197512969,anchors 9.5cm > eps5
flow0000006,6,7,27,56.47264417086466,0.16589063533182472,1.5376877489789045,320.98655144125223,384.4780005887151,196.76874104833354,246.7342073271588,anchors 57.2cm > eps5
flow0000006,6,19,26,4.307242861366021,0.29395730185746155,0.49399951421526594,341.3582573533058,412.0699313431978,222.19044915701352,271.0915021500631,anchors 5.1cm > eps5
flow0000006,6,54,56,21.93416245495046,4.065453359427646,1.9923579236696136,714.2821573391557,44.38911271840334,484.4793050017578,20.025087697928438,anchors 22.5cm > eps5
flow0000006,6,15,32,76.83533783529148,2.292968077544788,5.801793404723795,155.03690898418427,57.43025304377079,113.17361711464059,43.222668811769445,anchors 77.5cm > eps5
flow0000006,6,22,46,70.82130832499747,3.04720028913969,4.337235530420218,363.90630259364843,259.5719206035137,235.05554121125255,185.71813834460346,anchors 71.1cm > eps5
flow0000006,6,69,80,47.75137544400844,2.485345180485098,1.7544388196454448,160.85560016334057,223.3427955582738,98.33879326243296,159.87918572312523,anchors 48.3cm > eps5
flow0000006,6,80,96,47.11742117713643,5.625278892462962,2.050142208691421,223.3427955582738,245.14867347478867,159.87918572312523,161.72389427425983,anchors 47.7cm > eps5
flow0000006,6,73,77,9.873647551846222,12.430958510727447,2.9438361507316095,147.79773992300034,130.24931414425373,98.15996445271784,75.15326973378339,anchors 10.4cm > eps5
flow0000006,7,114,118,6.329284568927319,3.304626718829933,1.8856119979849344,140.85887533426285,278.9474917650223,31.904711259374203,74.29334679983677,anchors 8.2cm > eps5
flow0000006,7,14,49,44.04295854657276,8.737887201757601,3.225127912886419,432.63446263223886,259.3760679587722,295.030022424064,163.70329415950783,anchors 44.8cm > eps5
flow0000006,7,87,95,52.67557147949634,2.458040908145751,1.2670036767102524,108.47910171747208,567.9396055713296,60.803600910886985,377.90299880346333,anchors 53.3cm > eps5
flow0000006,7,154,156,16.9162614741785,5.62859914700585,6.807003628109087,103.88169442117214,136.05494820326567,44.9633069085575,36.783016970307145,anchors 17.2cm > eps5
flow0000006,7,28,33,61.58383633350484,0.7515603382861115,1.6542039683072611,316.83466452360153,382.51678198575974,196.4224490261101,240.770921311949,anchors 62.3cm > eps5
flow0000006,7,60,71,79.5603940563242,14.506723988486455,2.8281251459840777,501.3869827389717,96.37947988510132,252.37440814588808,35.03511631861977,anchors 79.4cm > eps5
flow0000006,7,126,141,24.152835843015268,0.18858238936551036,3.6413155535275683,209.91329699009657,401.04526191949844,145.1954420621796,280.0733805834053,anchors 24.6cm > eps5
flow0000006,7,142,143,33.17533873183368,7.190305682481841,4.716027685832749,90.20889396965504,74.60799422860146,35.35023428544905,23.295417805112407,anchors 33.3cm > eps5
flow0000006,7,142,144,8.444734209053406,0.2902357785585029,1.0097082456995268,90.20889396965504,205.79627984017134,35.35023428544905,58.15417823826472,anchors 9.6cm > eps5
flow0000006,7,143,144,5.664962057999602,7.128739604671243,5.171997131126872,74.60799422860146,205.79627984017134,23.295417805112407,58.15417823826472,anchors 6.8cm > eps5
flow0000006,7,35,69,53.44606693879361,7.489687753806176,5.907560461536469,470.13168393820524,215.46368596702814,297.6355029103071,150.94969343717406,anchors 53.9cm > eps5
flow0000006,7,45,47,6.840475943729469,3.4305379095291033,2.2001731547038905,88.83586523681879,75.4034999832511,34.1761004978475,20.31637871199846,anchors 7.5cm > eps5
flow0000006,7,150,155,46.28245590265773,7.019081192339691,3.95038325841392,289.161052249372,363.82716611772776,198.1828983602117,265.15048948352353,anchors 46.4cm > eps5
flow0000006,7,107,112,11.174485002900196,1.8964116108148945,1.21943922398136,119.86474183946848,247.63757311552763,58.89801362598711,63.55058255149112,anchors 15.9cm > eps5
flow0000006,7,146,147,14.204263454703984,12.54934453717489,2.1804648517205583,372.54270078986883,189.73871245980263,72.416280951926,86.10861719998714,anchors 14.2cm > eps5
flow0000006,7,148,152,9.379810131854343,0.3575096498127809,0.8764511694527758,193.9259496331215,52.97981481999159,158.43844344825698,42.202282238476116,anchors 10.0cm > eps5
flow0000006,8,115,126,45.050491754733635,4.729318906847102,4.2991193824405745,438.76794853806496,283.019286185503,286.5395194812211,179.5722302016813,anchors 46.1cm > eps5
flow0000006,8,142,143,2.3521092227197613,5.637048103846923,2.1636853794534012,207.62135673314333,161.9155841693282,57.42918839016912,43.13891483725397,anchors 6.0cm > eps5
flow0000006,8,31,42,45.33124319292022,14.165577135723678,7.764364660727752,127.81932803988457,53.41912557929754,124.32385034865501,22.6732657010064,anchors 43.8cm > eps5
flow0000006,8,47,51,3.862039311888006,12.824085858009544,3.844928381648262,72.68610494583845,115.037568628788,32.74968002956038,49.18314392206676,doca 2.04 >= 1.5 (int)
flow0000006,8,160,161,6.384140391203203,11.110146659688299,5.644556511409749,78.1218513995409,67.13682936131954,47.299881828003905,31.42249632120663,anchors 6.7cm > eps5
flow0000006,8,25,46,10.964685065175633,14.740740204999591,3.3673302368672178,360.08450048416853,54.920970633625984,298.8811686308427,40.25357853222515,anchors 10.7cm > eps5
flow0000006,8,95,99,3.25003316867611,4.311906948091014,3.179998546599975,280.52783346921206,283.90969202667475,62.694441620879985,60.06921169625302,doca 0.83 >= 0.75 (bnd)
flow0000006,8,131,157,20.5377041939507,5.718795853879919,7.484751335967026,153.84906273335218,104.09601648896933,108.650743264946,56.41348718968157,anchors 20.8cm > eps5
flow0000006,8,85,106,14.520515651520121,5.081696631708835,3.2927626616042693,853.4600506350398,51.144545048475266,496.68813032578316,23.459745844510607,anchors 14.6cm > eps5
flow0000006,8,89,90,58.76320487202144,6.2745858385428885,4.912916258625127,829.32289391011,116.61281701922417,156.7133754803489,36.15473333348317,anchors 58.8cm > eps5
flow0000006,8,113,114,5.771481942933177,9.541022511289173,4.047371428419504,106.95385067164898,169.02322881668806,59.34795331696001,30.570031655334553,anchors 6.3cm > eps5
flow0000006,9,5,39,62.62620597659123,3.2358683879352093,0.10481844822847186,468.70388232916594,161.6049294397235,345.40171470012274,96.08982720894005,anchors 63.1cm > eps5
flow0000006,9,68,69,9.186244155211016,8.013066140694326,3.1389574461160388,129.46813859790564,123.02463461458683,45.327498554944526,45.17470026664462,anchors 9.4cm > eps5
flow0000006,9,70,83,49.20396618201981,1.438177715883319,5.288868798982699,394.4055855125189,295.92285441607237,260.28813760951164,195.63752362859321,anchors 49.9cm > eps5
flow0000006,9,99,103,54.493392322095694,1.94022090676583,3.2018360547499762,360.3258891925216,320.92110881209373,250.96772239549833,197.96885173399824,anchors 54.9cm > eps5
flow0000006,9,62,101,49.57187779712536,1.5631324488702238,5.740510948543085,594.6570508554578,99.78649384528399,396.6303093703764,51.702053928889995,anchors 50.1cm > eps5
flow0000006,9,38,54,41.70138527960386,1.4311611795377481,1.6272751386809525,164.86736503243446,101.61555372923613,97.78719600324045,62.15232127309552,anchors 42.2cm > eps5
flow0000006,9,63,93,31.53960648618628,11.712568222428184,5.8033840582589,115.04107210040092,118.08711498975754,80.83903696674517,58.50269591484599,anchors 31.4cm > eps5
flow0000006,9,48,64,60.62700365958193,2.237157525464343,6.066936945872824,131.765489064157,516.6509578078985,80.4273154775695,357.55470576683626,anchors 60.8cm > eps5
flow0000006,9,88,109,72.88507262673293,0.45699834738833894,1.098197681345873,318.6938174813986,160.15419766306877,196.2965367640483,105.49489176115728,anchors 73.4cm > eps5
flow0000006,9,100,105,45.230996770119724,1.6740905830952766,2.1378793019351057,296.12204986810684,391.0613079145551,199.38628487636043,245.24160435582166,anchors 45.7cm > eps5
flow0000006,9,107,111,4.399781693044219,9.668604259835226,4.385382422397892,846.3907838314772,59.07524424791336,495.0201375980157,27.97174475242958,back-wall veto (vz 904)
flow0000006,9,110,119,43.87176334371376,1.3209934729459112,2.5978470844301134,86.9300587400794,266.3596755862236,64.22871755085879,185.35177553394152,anchors 44.3cm > eps5
flow0000006,9,113,116,51.33115981342664,9.634342837837899,2.757633158056927,875.9351724088192,94.54452953487635,496.31252417482824,44.59167820560261,anchors 51.4cm > eps5
flow0000006,9,113,117,5.9319676081021155,8.40867895952153,5.9046264659309005,875.9351724088192,173.84355770796537,496.31252417482824,41.796976180365405,anchors 8.4cm > eps5
flow0000007,0,28,32,5.790716152876376,8.20651285489047,0.42807593249051384,90.82479029148817,451.33092199265957,42.04027716669553,76.13196148305434,anchors 6.7cm > eps5
flow0000007,0,69,79,9.514171199039092,2.3166279203669657,2.6324106156848015,456.30570063740015,56.990782558918,130.09841961362227,38.79333498641895,anchors 9.7cm > eps5
flow0000007,0,70,81,69.38852019086437,9.380286394032638,5.617350480503756,216.4601370319724,70.18287216126919,79.37747365817826,30.644957998063656,anchors 69.8cm > eps5
flow0000007,0,73,78,2.108635662234173,5.721993784390491,1.1515836179076873,134.73080233484507,265.4636935964227,41.612262221880144,52.54711358993552,doca 1.44 >= 0.75 (bnd)
flow0000007,0,139,141,8.42585002085867,14.034617101499254,1.4169118769081677,82.54697349667549,25.444571495056152,35.82650293335564,20.206423568193937,anchors 8.2cm > eps5
flow0000007,0,155,172,56.747884091710866,3.1176027638472905,1.1598922624632424,74.41437181830406,496.9453038945794,45.1842351333201,379.02682228532007,anchors 57.4cm > eps5
flow0000007,0,172,180,3.2088758337042456,8.680837222749838,3.20887556707605,496.9453038945794,36.370997346937656,379.02682228532007,25.202773463632404,doca 2.48 >= 1.5 (int)
flow0000007,0,181,188,56.79671185029053,0.6746129964731846,3.0206609363083845,72.93959672749043,613.8262630999088,46.43509087214867,405.140831044366,anchors 57.3cm > eps5
flow0000007,0,27,57,58.643607929176255,0.5449258009865682,1.3865889519458865,682.7932653054595,70.0381332039833,398.59711023719206,42.436528980957135,anchors 59.1cm > eps5
flow0000007,0,88,90,12.346141756115305,7.8292893552648914,3.9737213294083453,141.25057623535395,154.01481848955154,36.10757682700389,59.59295041666742,anchors 12.6cm > eps5
flow0000007,0,107,146,13.466377375297693,5.585729738556367,5.205441358585824,478.0630123093724,66.67872824519873,107.46446641571228,30.21819466111154,anchors 14.3cm > eps5
flow0000007,0,116,120,3.399080058354553,12.818757815614353,3.3052287979971804,154.20366441458464,68.07771039754152,37.18630189073739,28.706286449046985,anchors 5.3cm > eps5
flow0000007,0,117,118,7.353815889696666,4.989787782258197,5.683927763106374,109.6608959659934,98.14420989900827,22.370919016565697,35.10518681832414,anchors 7.1cm > eps5
flow0000007,0,44,51,2.4370686396768955,12.173534630761068,2.2558767007880345,101.83369625359774,34.24513587355614,38.74485018675202,20.59449226738132,doca 0.91 >= 0.75 (bnd)
flow0000007,0,45,49,70.10496689358642,4.654823534518568,6.775018002711274,302.66093046218157,52.35006485134363,166.79323597746517,25.625977245633024,anchors 70.2cm > eps5
flow0000007,0,96,102,12.997948499510672,12.850155664618853,3.8657250968371275,131.40897775441408,69.98925010114908,89.81269941067004,31.179665332859276,anchors 12.6cm > eps5
flow0000007,0,58,97,43.52210861024757,3.659985981246711,4.194907687330663,163.3443431481719,520.3394869416952,97.79970184912432,361.85322021815773,anchors 43.8cm > eps5
flow0000007,0,168,197,78.55560999103155,2.951094801663174,5.576451714238215,605.222980812192,47.978602677583694,391.19669096018254,30.383747390897163,anchors 79.2cm > eps5
flow0000007,0,105,110,49.431036317300844,6.2947992461333735,5.089688031716832,40.63912024348974,144.66555397212505,23.35725159983168,53.45747851463319,anchors 49.9cm > eps5
flow0000007,0,169,194,50.79632014602295,3.597779038952119,3.4612864980673135,372.315801858902,134.74003906548023,266.3737088860389,83.09412338515779,anchors 51.6cm > eps5
flow0000007,0,163,165,77.0342366187722,0.5494913053507344,1.8039243765488506,105.18227380514145,554.7796787247062,65.22282563835599,356.5743170228553,anchors 77.8cm > eps5
flow0000007,0,170,198,68.35055268217431,3.0994163180779117,4.043605522954275,654.8066085353494,44.84370996057987,396.73458656619493,32.737250759484404,anchors 68.9cm > eps5
flow0000007,0,173,187,79.73933404851839,4.087169670543059,4.8921404800126576,621.629896491766,29.410159289836884,394.17729959099006,22.513603369624228,anchors 80.3cm > eps5
flow0000007,1,58,70,8.305228443354443,6.922915003960184,5.24483147594598,390.7098931670189,73.82204217463732,300.33674378384933,29.682305322359127,anchors 6.9cm > eps5
flow0000007,1,60,85,54.25486089449614,10.050904779880344,7.869912180649814,235.51391024142504,461.0639344602823,166.48952834466354,321.7011691340755,anchors 54.0cm > eps5
flow0000007,1,115,121,7.301525699317544,11.410067631440318,5.026906467859106,141.22828640788794,156.08001401275396,75.9112324294929,72.59619656237615,anchors 6.2cm > eps5
flow0000007,1,119,120,7.153119715002005,0.9850088095636564,7.068161333461493,67.78632233291864,105.42748545855284,23.437008213032577,36.33479611235676,anchors 7.1cm > eps5
flow0000007,1,49,55,47.20063077413813,7.278921992884399,3.3876438419932877,198.45600076764822,454.0253936871886,130.4789236320203,321.62047062695274,anchors 47.9cm > eps5
flow0000007,1,64,67,15.21597167334551,4.1608760901540505,2.888640491286897,203.91085335612297,128.27519840747118,65.39678947849801,46.20683183677362,anchors 15.3cm > eps5
flow0000007,1,64,68,32.13426224004806,3.994605253939249,7.293478891221475,203.91085335612297,65.71093723922968,65.39678947849801,24.66669823153103,anchors 32.5cm > eps5
flow0000007,1,94,118,76.84176816305063,0.19511937146476613,1.7748492931786792,195.5126609057188,445.86699575185776,125.30857150197349,258.7639548497386,anchors 77.5cm > eps5
flow0000007,10,2,8,23.0194506219698,1.376804501464886,0.7560616747070756,131.25691529363394,50.88149993866682,95.29578224704622,48.321880181485014,anchors 24.3cm > eps5
flow0000007,10,8,14,34.41269354635928,2.0565073910599745,3.575669995121714,50.88149993866682,414.6403597295284,48.321880181485014,296.964176454391,anchors 36.6cm > eps5
flow0000007,10,48,87,43.12107153616565,4.784405525872192,7.725534598088685,420.71683882176876,271.21041552722454,284.1920378878,161.8453196143273,anchors 44.2cm > eps5
flow0000007,10,26,41,61.88350752791798,8.811000801837139,2.8988215000594018,655.574413985014,54.22577775269747,498.12916964664885,30.38852631822495,anchors 63.0cm > eps5
flow0000007,10,54,72,43.168375347774855,3.8440110826664258,7.29938375954583,555.2193095907569,141.11109392344952,372.6473633844637,86.82405548154172,anchors 44.4cm > eps5
flow0000007,10,76,93,42.20340704795152,5.371788474222083,0.9228745268543521,131.48938737809658,112.37733710557222,86.27585284361766,69.42886712561258,anchors 42.8cm > eps5
flow0000007,10,51,80,54.289811396092716,2.1438840935514123,1.2287133247967992,168.45828788727522,373.32770001888275,95.75059352845253,249.9998779230708,anchors 54.8cm > eps5
flow0000007,10,71,75,28.946577685974958,7.810552387513404,1.6989747158307007,215.5323126167059,251.42243871092796,144.60961580878944,156.07071512621343,anchors 29.7cm > eps5
flow0000007,10,107,119,54.84370917260611,1.3310149585672804,1.7127729243006105,170.8237877637148,531.0867796614766,104.68221469547825,381.6499375152039,anchors 55.1cm > eps5
flow0000007,10,130,138,0.4977926768262267,2.4886027790571386,0.46639517092306226,907.5945966541767,133.19074434041977,495.02319131960434,43.34646846137987,back-wall veto (vz 911)
flow0000007,11,95,99,49.53583887536938,3.160132244340594,5.111562375685296,36.344724141061306,655.2768122404814,22.10081797655728,431.8031855916107,anchors 50.2cm > eps5
flow0000007,11,105,110,1.755513934512818,12.769047937605928,0.9323100061262141,83.52845795452595,79.94024144858122,29.893288754385388,24.71366240042139,doca 2.34 >= 1.5 (int)
flow0000007,11,40,45,57.04906356322051,9.378681918432772,5.3085007758524645,662.1121737957001,156.23780965059996,296.8535484636698,34.5145326588914,anchors 56.9cm > eps5
flow0000007,11,109,116,25.687040808107557,14.874203672837734,5.6897160559963975,102.54321888834238,303.61041152477264,53.26676867511888,223.24805878151352,anchors 26.1cm > eps5
flow0000007,11,104,107,6.168659409718565,12.3807725813651,6.1612399640079145,285.2523068636656,106.74112166464329,84.5450867705891,33.610858781411174,anchors 9.4cm > eps5
flow0000007,11,111,132,41.61253780530517,0.2898717532887812,1.9174064530189288,74.20705623179674,133.05508159846067,54.12559464943499,85.59961863779347,anchors 42.3cm > eps5
flow0000007,12,71,72,5.010485433360168,1.2889915020681946,0.7033092407848517,51.290080949664116,385.994335770607,37.371250469307526,259.81235032423365,anchors 5.6cm > eps5
flow0000007,12,28,60,66.73927387954589,0.5242362712805421,2.177888067902444,507.67810755968094,107.96941182762384,346.9306873236319,53.97055566464743,anchors 67.2cm > eps5
flow0000007,12,49,69,78.40388099771872,0.544680638627436,6.580703161816139,34.13765634596348,631.3372692465782,24.856668208843033,405.3873327950994,anchors 79.0cm > eps5
flow0000007,12,51,55,11.053642727351233,10.29777572584733,5.317004600437925,479.4890684187412,101.87254899740219,99.02764519967255,43.11970696595179,anchors 10.3cm > eps5
flow0000007,12,56,57,43.510114393681434,0.9219247973416613,0.36203088302874287,85.59460984170437,275.8903064727783,56.688211780989555,195.16171613401917,anchors 44.1cm > eps5
flow0000007,12,82,83,28.49048280853855,10.446703165517114,0.44103931135578966,671.3630387336016,74.32950261235237,401.19457777902625,22.014853323216418,anchors 28.7cm > eps5
flow0000007,12,84,96,49.62030992079912,2.3352777994696594,2.0715833669882975,580.5930253714323,87.90262667834759,394.11352242110456,55.7633559224369,anchors 50.3cm > eps5
flow0000007,12,99,100,11.829192690011824,4.740710261249778,5.567078360829401,126.37448596954346,65.33754594624043,31.859726257539204,21.47583719062417,anchors 10.1cm > eps5
flow0000007,12,70,76,25.446638860816833,9.40829165655619,4.702817450121129,578.5214635878801,79.556659899652,403.18837684327406,33.12355665725023,anchors 25.8cm > eps5
flow0000007,12,88,94,79.20860679361354,0.5665576044825031,1.464531535196396,399.9383013397455,262.9800477772951,251.22653232335688,168.58624637770953,anchors 80.5cm > eps5
flow0000007,2,82,108,41.77546830254094,2.5022783976065415,1.604762822009915,317.3556619808078,404.61373195797205,198.38116364655184,261.9249064380089,anchors 42.2cm > eps5
flow0000007,2,122,130,56.454575585990376,2.1711474966352777,3.5452939916746358,181.90243636071682,523.3038469105959,101.47261112841325,366.7912031552793,anchors 57.0cm > eps5
flow0000007,2,5,32,54.860105382887916,4.3635571894052205,3.7896564928766603,304.26770739257336,361.06423127651215,204.73734348900382,264.50031860634505,anchors 55.5cm > eps5
flow0000007,2,80,86,7.913409176308513,12.816072422106776,0.8187797137344851,186.79696203768253,235.2640792503953,79.55421724965939,85.7660298439657,anchors 8.0cm > eps5
flow0000007,2,11,25,53.474463617083146,5.374193095402942,1.1485420954597096,413.7222444564104,197.7974316328764,290.8246060264311,129.65865894100278,anchors 54.1cm > eps5
flow0000007,2,33,34,61.742474863745315,10.488098030933527,5.815949392880555,482.33703235536814,51.570322483778,295.6917124607386,28.938326915170933,anchors 61.5cm > eps5
flow0000007,2,55,56,2.5085945928512854,5.21463606520022,2.5040719677311087,330.14919739216566,255.48197004199028,62.98994885848411,54.7749408887677,doca 2.87 >= 0.75 (bnd)
flow0000007,2,55,64,62.43740231237191,13.232693160642954,1.1007312327995777,330.14919739216566,85.2960546836257,62.98994885848411,34.740826410441514,anchors 62.6cm > eps5
flow0000007,2,48,52,3.7748174805765067,1.4427372577630806,0.12430392927909109,151.79756089299917,366.92113177478313,43.33189499244648,73.37177822954567,doca 2.10 >= 1.5 (int)
flow0000007,2,72,75,5.400671474860357,12.502871910954982,2.1274768532925705,161.77243863791227,82.23010858148336,85.75956770379065,32.9506899219776,anchors 5.9cm > eps5
flow0000007,2,72,76,11.603110506473568,11.24660875328457,4.830296439333438,161.77243863791227,89.68965031206608,85.75956770379065,40.32078814222925,anchors 10.6cm > eps5
flow0000007,2,87,92,54.3109318168113,2.216101674798692,2.184706792767391,363.20744413137436,451.87612572312355,122.32954624424401,295.2893900609371,anchors 54.3cm > eps5
flow0000007,2,96,97,4.870687650760529,11.96779202842559,1.4080731480427422,243.1651616320014,74.44621853530407,52.08885993459744,39.974255627358936,anchors 7.8cm > eps5
flow0000007,2,116,118,8.029592447669584,6.037466181485487,2.9713680517762904,135.62264098227024,411.7484425455332,36.26320883281231,105.3273586895105,anchors 7.5cm > eps5
flow0000007,2,135,140,23.198956710797688,9.626978555340372,7.814989164732479,134.2067819684744,211.2587759643793,85.4813039811664,32.18248328570976,anchors 23.4cm > eps5
flow0000007,3,110,121,5.548097013281587,12.988758344837205,0.23761353728447968,120.27682663500309,96.93184342235327,50.50086070683433,22.915105161185824,anchors 5.7cm > eps5
flow0000007,3,120,121,8.102561417926319,10.043416883465886,7.826152280595461,88.00532969087362,96.93184342235327,39.77871075672786,22.915105161185824,anchors 6.7cm > eps5
flow0000007,3,124,127,17.9752423064191,2.6939812542108172,0.8238054399382487,107.72690610587597,117.01327786594629,44.60316902364953,37.08570375737893,anchors 15.7cm > eps5
flow0000007,3,10,22,70.45985880481767,5.786362890674195,5.68667095804272,1134.3729063346982,100.142688408494,360.72738395159877,66.88268982681521,anchors 71.6cm > eps5
flow0000007,3,37,40,33.42210432111406,12.04584792411507,2.399140303266727,201.99915757775307,464.83239337801933,145.39164406923751,172.763428089132,anchors 32.9cm > eps5
flow0000007,3,38,40,4.8902471778522205,3.041786894980303,1.374666145012498,45.62424919754267,464.83239337801933,34.27933204662179,172.763428089132,anchors 5.1cm > eps5
flow0000007,3,116,118,13.480052787596124,7.130880686980096,7.525082154949584,316.8165105357766,93.58485808968544,91.0099966553169,66.6056204662658,anchors 13.9cm > eps5
flow0000007,3,117,118,11.54627945358554,12.576844354280992,3.7520560290874827,111.18423692882061,93.58485808968544,63.63008736341935,66.6056204662658,anchors 11.8cm > eps5
flow0000007,3,54,67,72.38225150790407,1.1399467416059683,1.4895712570906734,550.7753975465894,123.56680789589882,353.566438118307,73.18223613269686,anchors 73.2cm > eps5
flow0000007,3,44,51,56.39298000360237,0.7020998366692591,3.435319949563797,113.33828175067902,578.6579183936119,78.77898245281395,388.7074886549524,anchors 57.2cm > eps5
flow0000007,3,95,138,40.4772970901299,0.2849673527811172,3.195600907407732,110.7247027605772,573.5116516053677,68.65068498196358,393.07522247043056,anchors 41.2cm > eps5
flow0000007,3,59,62,6.3617805947215915,11.845754258229125,4.277803781449618,197.0302686020732,35.05465468764305,148.9022481583581,28.234442195415035,anchors 5.1cm > eps5
flow0000007,3,136,151,11.97549576741962,2.0623504865612206,1.7436677685734965,460.0990099981427,234.50185329467058,329.77253786495413,161.4416772319418,anchors 12.2cm > eps5
flow0000007,3,81,147,47.54895085789355,3.648321351071136,2.676942716166136,419.30607403069735,222.5802495777607,281.6939238971594,158.38678515634012,anchors 47.9cm > eps5
flow0000007,3,119,123,4.82022961158103,3.7288069894715656,3.5092202715478993,87.93702028691769,51.43052012473345,37.49997132355382,22.644840023326843,anchors 6.7cm > eps5
flow0000007,3,135,171,72.50102129140764,1.5584453297988268,2.2910039824708472,465.03222922980785,194.5716190263629,296.4941421232931,129.0152661550806,anchors 73.0cm > eps5
flow0000007,3,157,160,41.642816675369524,1.4134011302986569,3.2908990594550085,138.22204964607954,601.8057762011886,85.28947641426115,374.12889905844025,anchors 42.4cm > eps5
flow0000007,4,8,23,48.197936841199216,2.221949504973663,2.0929454526078377,504.97488264739513,134.53192679584026,344.4857503625762,87.38107708665135,anchors 48.6cm > eps5
flow0000007,4,113,121,64.30123422642427,7.6103020402380706,7.459909268030081,430.527391448617,236.19158706068993,298.1816948565474,138.9907425312991,anchors 64.4cm > eps5
flow0000007,4,137,141,74.4198307965693,1.451128860967194,1.6857719357590082,147.12053997069597,506.2230760753155,90.67506795133218,331.80302021319824,anchors 75.2cm > eps5
flow0000007,4,125,126,9.098833420997279,9.02979767684353,2.2802139991852903,20.718347907066345,164.53091292828321,21.882845017485693,102.83515703042656,anchors 9.3cm > eps5
flow0000007,4,40,44,9.439562137661902,7.720935737967611,1.307004294523755,163.70499474555254,54.25268764793873,55.733645130996365,26.62050352399906,anchors 9.9cm > eps5
flow0000007,4,130,151,68.2034093556619,1.9223691553212439,7.364606174878418,385.3569430485368,86.61797050386667,276.84704351886654,55.345609617550146,anchors 70.3cm > eps5
flow0000007,4,151,152,9.319917889926014,12.854099014867773,3.406270948714048,86.61797050386667,98.1803560629487,55.345609617550146,61.01093847282603,anchors 10.6cm > eps5
flow0000007,4,116,119,7.742211857660877,3.0552444054887884,7.741640532629469,315.403358861804,160.6669147759676,152.72735739039422,95.11205561285075,anchors 7.6cm > eps5
flow0000007,4,144,145,7.150420244674493,12.183000944170516,3.5870082326156094,175.43839226663113,94.95247431099415,124.54802737766627,68.51976323787753,anchors 6.4cm > eps5
flow0000007,4,91,105,41.98576138149082,6.322462962160793,1.678593915537564,276.2665604278445,313.8609110638499,191.8509900552703,222.3659529976294,anchors 42.5cm > eps5
flow0000007,4,120,134,50.274830230869554,1.5591737237561556,1.04295331294148,83.46858815848827,152.71710588037968,53.598146126967094,46.361443402559715,anchors 50.7cm > eps5
flow0000007,5,17,19,30.25496251803954,5.6173129086563875,2.6820426774117068,288.0606251657009,107.8049293383956,198.7775226942366,72.47867394683834,anchors 30.6cm > eps5
flow0000007,5,45,61,40.505563377659726,12.404654481990882,5.539135364781288,82.69632927328348,267.8400245606899,23.403523345774992,168.25187060391136,anchors 40.6cm > eps5
flow0000007,5,13,49,67.18257394009841,2.3524746307634845,4.9122671678304375,599.2656007036567,104.4934510588646,358.5886919657531,71.11527926893024,anchors 68.0cm > eps5
flow0000007,5,107,126,58.627320820631304,2.067544603487828,2.4840186096391585,528.451709009707,70.80625213682652,405.5073109839146,47.73925176640217,anchors 59.3cm > eps5
flow0000007,5,27,38,42.326702527919,5.0331829472103,3.362446656079868,159.0534505546093,262.55299684405327,103.46195344003905,171.02924180234746,anchors 43.3cm > eps5
flow0000007,5,128,157,76.57846133192982,0.22498461599017883,0.13852736723536474,516.0920645743608,136.46543949097395,335.2994978912259,85.19857131531938,anchors 77.1cm > eps5
flow0000007,5,94,100,65.66775550669689,1.0598694455930806,2.994740398689945,397.0720276385546,298.7751154527068,254.75397438916673,177.3647484210959,anchors 66.4cm > eps5
flow0000007,5,141,151,52.455167244172095,0.3453601750587004,1.6738637382170551,132.339032843709,289.90497183799744,95.00889776474614,221.0902300579352,anchors 52.8cm > eps5
flow0000007,5,98,104,11.93794622238542,5.113402735926228,1.9529288036630406,745.8369648978114,84.39513966441154,454.40879689916324,33.5137034173048,anchors 12.1cm > eps5
flow0000007,5,115,118,15.86738615613065,4.935340031021556,0.6495857874679906,197.9978996962309,41.609618090093136,110.15209967257891,32.12153907986865,anchors 11.8cm > eps5
flow0000007,5,127,154,52.72279706072339,9.436724369972678,2.351260980911209,390.0860330760479,171.01995673030615,266.3390537640292,97.34338844352516,anchors 53.5cm > eps5
flow0000007,5,136,138,2.2668267397828172,6.161121725355588,0.7676686448945405,124.93744715303183,58.709496073424816,37.48000903962681,26.956474689213096,doca 1.63 >= 1.5 (int)
flow0000007,5,152,156,5.249972839553295,12.74128858148172,1.1079333129403697,216.66920597106218,149.77695237100124,148.37217090093515,97.5734101135778,anchors 5.3cm > eps5
flow0000007,6,82,105,55.63860985301879,0.9383516986002381,1.646668277528875,580.2739302143455,203.93075665086508,349.67693634585476,92.76971378646307,anchors 56.4cm > eps5
flow0000007,6,54,56,7.540724975082716,9.363146062115813,5.9454555904039195,211.9335856884718,241.95279544591904,50.08633843595865,113.49846070013686,anchors 7.7cm > eps5
flow0000007,6,56,60,30.864660623289353,9.678621422871,0.49634743016255634,241.95279544591904,82.53725974261761,113.49846070013686,29.900124027835446,anchors 32.0cm > eps5
flow0000007,6,63,73,2.491656720918424,14.141897990478988,2.4916404008092217,624.5525369867682,38.367246463894844,296.0991492460522,21.074806158311567,back-wall veto (vz 903)
flow0000007,6,16,18,5.956067654061278,2.9115269846325824,2.154308005980415,628.8270197883248,191.54006288945675,151.0514429829846,45.31721883536821,doca 0.97 >= 0.75 (bnd)
flow0000007,6,16,20,10.879635540660646,6.430606653753689,7.39637037472768,628.8270197883248,116.88573558628559,151.0514429829846,50.489434615020016,anchors 9.4cm > eps5
flow0000007,6,16,22,79.05455377631102,0.6469324334436415,2.910935151813202,628.8270197883248,426.61100286990404,151.0514429829846,267.48139245770477,anchors 81.6cm > eps5
flow0000007,6,18,20,42.15481825439422,8.39595239043054,3.6258873752814607,191.54006288945675,116.88573558628559,45.31721883536821,50.489434615020016,anchors 42.8cm > eps5
flow0000007,6,18,21,7.975329551842432,13.427109286890285,6.521904174199102,191.54006288945675,218.1723209992051,45.31721883536821,38.30395932035777,anchors 14.2cm > eps5
flow0000007,6,27,62,70.46078277615317,4.854925380657536,3.3855046869032,319.22994113713503,383.50256618857384,198.2434404044712,233.45951535944502,anchors 70.8cm > eps5
flow0000007,6,38,65,16.678928512482443,1.0111749720119871,2.7008708570703868,370.23643684387207,533.9583115428686,231.1583213674116,287.4005830630683,anchors 16.1cm > eps5
flow0000007,6,115,120,9.797116030077973,3.413065545776397,4.575345831269551,704.4558383449912,199.59528120607138,350.88726080505637,54.22692157214394,anchors 13.2cm > eps5
flow0000007,6,117,120,38.85111177808112,7.241412162771064,7.617762082603083,57.687248446047306,199.59528120607138,32.993295671456735,54.22692157214394,anchors 39.0cm > eps5
flow0000007,6,68,87,50.053456796805065,0.8571797198767092,0.2978641557447124,185.6076857149601,256.6433865055442,126.94624018821102,169.42607300666367,anchors 50.9cm > eps5
flow0000007,6,84,100,62.930210368107254,5.015320199100727,2.967808559870734,211.51386142522097,466.90810192376375,139.99431154184163,296.9080837223663,anchors 63.4cm > eps5
flow0000007,6,83,101,52.08598530866351,1.2684850130202803,3.3588979421734977,243.82882851362228,450.9742540717125,155.8418010684667,291.4069025309232,anchors 52.8cm > eps5
flow0000007,6,102,113,40.289709417184696,3.7487290545831473,1.4328708899565301,365.702082388103,360.9731517136097,246.45551804321218,241.48986877877599,anchors 40.9cm > eps5
flow0000007,6,103,106,33.33561694047613,4.796392200933757,2.682895321591089,431.31891345977783,74.23332963883877,195.2705083303423,35.12293744820614,anchors 33.4cm > eps5
flow0000007,7,100,102,4.935202690796702,0.3203982199929998,0.14444833854885528,747.695324100554,54.7996379211545,466.5724710858766,33.82393581489186,anchors 6.5cm > eps5
flow0000007,7,58,59,2.9305882790018267,1.2231651343393852,2.384098607235779,578.3814916536212,653.6857963502407,93.51667272895315,87.22336328158707,anchors 8.1cm > eps5
flow0000007,7,69,76,2.299425060156614,13.61413963249915,1.3076715442821272,38.98919278383255,71.21260341256857,27.69147275289619,27.685690176808507,doca 1.55 >= 1.5 (int)
flow0000007,7,55,57,1.3489870287852448,4.912219235348323,1.2554472774634202,220.53782185167074,110.95080839842558,48.97291338984607,32.378527467941844,doca 2.57 >= 1.5 (int)
flow0000007,7,55,61,63.24132433242287,14.876472700986543,2.368327037429409,220.53782185167074,128.02632308751345,48.97291338984607,32.45685123956237,anchors 63.2cm > eps5
flow0000007,7,119,123,5.712674756174364,12.448781603606355,2.222769937069544,269.194743424654,72.74597503989935,196.70913938015423,30.039827533459984,anchors 6.2cm > eps5
flow0000007,7,124,128,5.633318626061687,13.592217432762897,1.9430663202280267,88.31232164800167,286.7387092038989,23.964545598271485,201.07355627946077,anchors 5.7cm > eps5
flow0000007,7,94,106,5.851078713840719,10.849149351912578,1.3843561530662232,148.09963812679052,130.07639198750257,102.11221583647895,75.05202758318293,anchors 5.7cm > eps5
flow0000007,8,85,92,17.899001341036616,12.028741897101407,4.9305950337588165,60.10911510884762,151.91666321456432,33.50327273686673,48.11747509539312,anchors 18.3cm > eps5
flow0000007,8,178,179,6.872803075081822,3.8594280488141934,1.4457928005341476,108.74278363585472,380.2745213508606,36.41493473016157,62.988701206649814,anchors 6.9cm > eps5
flow0000007,8,114,122,6.74260148486908,10.677886930611324,1.8974025878598113,284.63163393735886,91.10901246219873,127.24921560115426,20.74682948141836,anchors 5.2cm > eps5
flow0000007,8,89,93,5.718907534861114,3.166896270818061,5.6861665295779344,157.85398014634848,152.24324173480272,41.63669544332651,37.49913463894896,anchors 6.2cm > eps5
flow0000007,8,44,51,42.41022782244069,1.6870051857932462,3.723610896693117,263.92379999905825,361.51102931797504,197.0783553847465,260.2165869599872,anchors 42.9cm > eps5
flow0000007,8,46,79,61.62422293207233,0.33979979894517126,2.0732475038421043,368.3266482204199,329.3317217454314,244.86273357666306,199.15153348126825,anchors 62.3cm > eps5
flow0000007,8,49,61,29.988271259121614,12.902680330032121,1.76327418488509,245.50900547206402,314.91197829693556,63.029304696787655,185.4562746337808,anchors 31.4cm > eps5
flow0000007,8,176,183,6.120730779016797,10.449921619672859,2.757711543075788,289.238438077271,166.6521578654647,230.06272894014117,101.71256182794161,anchors 5.9cm > eps5
flow0000007,8,81,86,9.71366933106004,11.88067074750816,5.021685966533695,593.1875197663903,60.55129276961088,357.57606267179136,35.115465985711765,anchors 9.3cm > eps5
flow0000007,8,97,100,9.301271467340255,13.881198562722053,1.0418920185825433,135.9315457046032,144.7376838028431,63.7918544872508,44.72652660125544,anchors 11.4cm > eps5
flow0000007,8,62,64,5.672510335258897,14.633081320488907,2.5614638039051276,341.51032396405935,154.8407407477498,251.75435013196144,136.47295900177932,anchors 5.5cm > eps5
flow0000007,8,94,108,52.124046195056444,1.1476063445180693,1.703402044025568,84.5121722817421,378.21983920037746,49.95419049020575,260.5015195841487,anchors 52.6cm > eps5
flow0000007,8,82,112,73.58626030924015,0.8528265829006587,4.80005351410551,189.0435196980834,139.45081587135792,109.46661224634731,87.07106664595187,anchors 74.3cm > eps5
flow0000007,9,18,19,32.922792840127514,12.254669037102792,2.056265142297711,132.91862304508686,93.83086720108986,40.1866600424451,35.3230818332639,anchors 34.1cm > eps5
flow0000007,9,94,101,46.30411606426917,0.17938057462232643,1.7060213068719234,101.97779840976,576.6728166714311,61.107501534622514,394.04113955465044,anchors 47.1cm > eps5
flow0000007,9,23,32,50.84187963545812,2.6033949182083833,0.9447937548998994,39.37914391607046,226.57179100811481,25.584419417496814,130.93524973745536,anchors 51.5cm > eps5
flow0000007,9,24,40,61.84159829183772,3.6292579265499776,6.410042581881208,447.59860533475876,232.94173163175583,347.3565931598732,168.35119174107516,anchors 62.3cm > eps5
flow0000007,9,100,110,2.1583183778028125,4.587310010852267,0.7544078475547454,170.4973695129156,391.64933697879314,109.73297254373267,315.00474292276783,anchors 10.6cm > eps5
flow0000007,9,28,52,78.42322277413444,2.0988892707278595,6.331670756108746,381.2628558948636,293.9114792123437,223.15420866942634,195.92784485065857,anchors 79.0cm > eps5
flow0000007,9,34,42,61.76016432924719,1.8092231837012867,4.886616249976359,580.9422132819891,74.84349288791418,397.10235787229317,39.32593244849767,anchors 62.1cm > eps5
flow0000007,9,39,41,48.9087946003344,5.732197911804601,1.4186311080978458,873.3957936838269,30.48686358332634,496.99602159753647,20.47271651455447,anchors 48.9cm > eps5
flow0000007,9,65,68,23.916499030835954,8.26182147331962,7.094538050160983,114.21197015792131,86.89646249264479,83.5569450408675,50.924756521883666,anchors 23.9cm > eps5
flow0000007,9,77,87,70.15541146679267,0.2752178132788156,0.3013180087575113,45.60418574512005,224.91597352921963,34.61033922753701,149.74249092267377,anchors 70.8cm > eps5
flow0000007,9,76,81,41.86612032327413,2.968831466518995,3.8720644576970953,252.98001392930746,412.9561955705285,147.9797795578371,273.1405332481746,anchors 42.5cm > eps5
flow0000007,9,82,118,44.65248970925562,4.023508016938293,7.898998077938952,508.48683027923107,141.1786064207554,364.5511806401609,96.19613410331382,anchors 44.9cm > eps5
flow0000007,9,88,99,52.730852573243794,9.898213457534824,3.4378228601989114,330.8143001422286,261.1576777473092,235.9886477081605,191.10948744632245,anchors 52.9cm > eps5
flow0000007,9,90,95,60.23637308637928,0.8767808079305502,1.0394950927797297,269.9765523970127,458.07075425982475,151.2153970581976,286.3604982307254,anchors 61.0cm > eps5
flow0000007,9,109,119,37.36925288678716,0.332234528842017,0.365825805966573,481.96380135416985,118.44728987663984,287.3436546423976,63.241126341159145,anchors 37.9cm > eps5
flow0000008,0,5,17,57.37195820472957,5.076792709219157,3.4746047361103343,819.6526398062706,103.14542204141617,499.8218171738082,38.794418007950256,anchors 60.6cm > eps5
flow0000008,0,61,64,7.467337998576548,12.808210127452739,0.5643927793167106,124.87312124669552,20.379509896039963,84.16150887118323,20.031425265531013,anchors 7.1cm > eps5
flow0000008,0,7,31,68.97939643887396,0.8296938818276415,3.401102692050138,309.8209639415145,383.7422050014138,196.56133041021863,233.67850714478666,anchors 69.7cm > eps5
flow0000008,0,93,94,3.2202848958890984,13.218265234347408,0.7752848432011201,93.31910651177168,59.859126679599285,63.52710538077893,25.188438764876608,back-wall veto (vz 905)
flow0000008,0,10,12,7.614617916697773,12.912694894619277,2.897346740228363,270.15982810407877,119.58482028543949,240.8646918955486,99.24725930193102,anchors 5.0cm > eps5
flow0000008,0,77,109,52.565565597139745,0.20913990310649294,2.362253455227333,297.14493418484926,366.10524951666594,199.48084829954252,255.00738554478647,anchors 53.1cm > eps5
flow0000008,0,15,21,54.85710831693201,1.5363222332979327,0.7385096504223436,274.9537214413285,400.1347908526659,195.67011721036548,252.05004259024324,anchors 55.8cm > eps5
flow0000008,0,99,104,28.686742617476355,7.855867939783735,4.329745741459589,669.2650440707803,112.76219140738249,436.6435452256251,48.67329649936479,anchors 28.5cm > eps5
flow0000008,0,99,105,65.82303265304863,11.93939318544038,1.5650825138449211,669.2650440707803,37.97665826976299,436.6435452256251,21.747222137304853,anchors 66.5cm > eps5
flow0000008,0,104,105,13.304581694191828,12.362313448456378,6.482745907321684,112.76219140738249,37.97665826976299,48.67329649936479,21.747222137304853,anchors 12.4cm > eps5
flow0000008,0,112,125,58.21150455661143,0.1654101205726874,3.4686239973563366,114.50717832893133,377.8641214668751,71.32630583439236,219.93259025952767,anchors 59.0cm > eps5
flow0000008,0,114,138,19.016511604633084,0.15912533716142116,3.1932956370815546,493.29769445955753,328.5382860377431,283.26406147764396,196.37407387785163,anchors 19.4cm > eps5
flow0000008,0,32,52,53.41350936937472,3.8564193076995763,2.179990230419892,300.64350482821465,78.82166070491076,206.2358506370797,52.33273704443545,anchors 54.2cm > eps5
flow0000008,0,120,144,23.903086899334504,0.27925877369033864,0.46714474731374067,580.1952742263675,108.38547620922327,397.79497957456044,76.81805607607708,anchors 24.4cm > eps5
flow0000008,0,41,71,72.98613837957484,1.159065443134456,4.089666461407271,586.6386150419712,113.54830379039049,355.85490655033743,69.28558869873706,anchors 73.7cm > eps5
flow0000008,1,109,146,52.01076649382794,3.944841819311116,5.627266009346266,292.60819313675165,365.65526962280273,201.4523573136919,262.3779818935758,anchors 51.9cm > eps5
flow0000008,1,141,157,5.811364528807338,14.25815737812844,0.8628423987182193,139.81529047340155,40.50059090554714,106.57163050749776,28.529103236361564,anchors 6.3cm > eps5
flow0000008,1,62,72,20.50847998887236,13.264549041794034,4.503459052856487,128.44127415120602,37.77682609856129,84.74669300255621,23.84774264210086,anchors 21.1cm > eps5
flow0000008,1,48,60,48.69022184030336,3.4861237440186064,1.6843342246552735,423.3379017189145,264.8509842008352,283.4269079691409,168.45479770688297,anchors 49.4cm > eps5
flow0000008,1,81,83,13.509894508344853,3.2776986906517585,1.180568551255545,142.82280043512583,85.44764044135809,48.54357038393175,40.642237068592394,anchors 13.1cm > eps5
flow0000008,1,91,94,5.593699717095927,1.367310711302993,0.35625565992216807,324.99321661144495,359.766831792891,51.08002211699069,56.618611918900214,anchors 8.1cm > eps5
flow0000008,1,24,34,77.03508038305073,0.18560483176990017,3.4858591401826127,286.75542549043894,438.5802161693573,175.85981414993893,245.34856482561025,anchors 77.6cm > eps5
flow0000008,1,69,70,4.787667291313877,5.190670960261127,4.527572739039535,94.50742997974157,381.0010831132531,42.716702859283025,63.16522699143239,anchors 5.5cm > eps5
flow0000008,1,161,163,7.009260906768875,3.7290221162111625,1.2813721929538644,257.4712157472968,59.48653181642294,118.46268774623333,35.17158650185968,anchors 6.1cm > eps5
flow0000008,1,92,102,66.75107763497782,1.1903978818428607,2.6822239854615573,445.2807157561183,257.4672355130315,270.8794909868683,162.57893207919912,anchors 67.8cm > eps5
flow0000008,10,53,55,73.72950159313604,1.3796014823845295,2.7513325700102507,193.9875688329339,483.011048451066,128.51963582114954,297.3045718289762,anchors 74.5cm > eps5
flow0000008,10,25,54,79.39604258694587,8.168251962650364,7.598616498029919,276.90745344012976,67.69890607893467,183.73211264729744,49.12279083123394,anchors 80.2cm > eps5
flow0000008,10,34,52,7.389350956261986,12.456005933188557,5.12664806209634,418.57744467258453,76.37559101730585,295.79564177158755,29.860321249191504,anchors 5.3cm > eps5
flow0000008,10,89,90,3.7329836613944822,1.9740727690771778,0.39619935915205795,190.47737208753824,96.84092385321856,32.48377509648209,37.989150040336824,anchors 5.4cm > eps5
flow0000008,10,101,105,10.22981058155399,5.025980849992,2.9468657038790016,196.4008357822895,59.16345684975386,63.670078623477764,35.121235988066815,anchors 9.4cm > eps5
flow0000008,10,102,112,30.32290668345712,14.91228486687943,7.410311987351607,121.61450572311878,228.55832681804895,37.36036806749328,84.08170245475205,anchors 28.7cm > eps5
flow0000008,10,102,113,18.172386507802507,2.9761016060703445,1.3275521899391767,121.61450572311878,186.8307185843587,37.36036806749328,39.185630704856536,anchors 18.1cm > eps5
flow0000008,10,44,47,8.986094691731372,8.874941106671047,5.920285928893536,88.12793523073196,202.077017724514,43.382893773728085,53.4272666171849,anchors 8.8cm > eps5
flow0000008,10,82,125,43.41794780197952,3.3685048812507015,2.2008757763191116,904.8510858416557,108.66380788385868,502.31430425735414,52.91194404227889,anchors 44.6cm > eps5
flow0000008,10,85,99,5.8870369841157855,14.698171834790168,1.5220581792198784,126.17386039346457,125.50414369255304,98.31580265167179,71.00855477569621,anchors 5.7cm > eps5
flow0000008,10,165,171,5.28094919641191,3.1638609859660485,1.1846637317965583,643.994512334466,1191.6544329822063,396.70904648057285,95.37381390964852,anchors 5.2cm > eps5
flow0000008,11,14,35,60.459711984711355,1.656179440183732,7.639438922478534,206.47634232789278,29.461112290620804,92.24528082159694,26.481314464774627,anchors 61.6cm > eps5
flow0000008,11,35,39,61.951143266629074,1.2303589466228473,0.9259760542760277,29.461112290620804,422.4863460510969,26.481314464774627,256.0829127739643,anchors 62.8cm > eps5
flow0000008,11,15,30,43.63060463931469,2.3184813211557382,5.423882740428648,66.73716486990452,278.222206056118,33.00662817744272,199.2801155955353,anchors 44.3cm > eps5
flow0000008,11,33,55,40.124909987741184,2.5563194653129546,0.8770974892543248,350.4069004356861,264.4046663939953,208.105913158062,174.2236369333205,anchors 40.8cm > eps5
flow0000008,11,74,76,8.087730090718587,7.597949333751529,2.155778202479391,169.79437386989594,69.03180867433548,55.69730614840836,32.14557799650723,anchors 7.8cm > eps5
flow0000008,11,80,111,48.7283796399358,0.871952807212113,2.2918624080651013,267.3978467807174,250.56993010640144,172.90210346325753,160.19369857131886,anchors 49.3cm > eps5
flow0000008,11,95,100,2.2575244396731375,6.046905350429707,2.250620222110328,101.64214386790991,46.24699231237173,30.95240953085942,34.563740306774235,doca 1.66 >= 0.75 (bnd)
flow0000008,11,51,58,20.654167307850177,7.771340746260941,7.866162408257984,195.7269827723503,135.36294266581535,139.1595100686419,97.78701260793204,anchors 20.2cm > eps5
flow0000008,11,51,66,54.90760117953774,2.853140960180795,4.767873447447802,195.7269827723503,150.84314607083797,139.1595100686419,97.81626957742179,anchors 55.6cm > eps5
flow0000008,11,53,67,52.11008172210958,2.1558334987610603,0.9313625263431368,361.8282106667757,455.23966670781374,257.39546288307577,174.92653179365476,anchors 52.8cm > eps5
flow0000008,11,67,75,33.425077003004624,2.259011004944056,2.052680041872315,455.23966670781374,95.4556350260973,174.92653179365476,23.460102765054028,anchors 33.3cm > eps5
flow0000008,11,57,62,50.12063364713864,0.1949878219542124,0.12622493672885962,277.1380190551281,465.27186731249094,168.6491798578263,290.0423436623103,anchors 50.9cm > eps5
flow0000008,11,61,71,28.170675928437237,3.567005828023979,2.1976784167141856,490.0075504556298,257.5842679515481,114.61284829993059,49.43520181566104,anchors 29.1cm > eps5
flow0000008,11,61,72,17.943045071442796,7.365826208979886,3.5995851977574507,490.0075504556298,110.58856350928545,114.61284829993059,44.30635815253297,anchors 18.0cm > eps5
flow0000008,11,71,72,2.760103977294863,9.28365216748863,2.244597273753017,257.5842679515481,110.58856350928545,49.43520181566104,44.30635815253297,anchors 5.7cm > eps5
flow0000008,11,73,99,48.93833814336549,0.6043944813179664,2.8459370277007277,222.83835820108652,478.0658865869045,142.49220748336626,331.33624401675246,anchors 49.8cm > eps5
flow0000008,11,120,121,6.028822162938086,13.192240592782996,3.371283322134733,105.39006623625755,270.81632389873266,26.70521857608786,200.49412987671607,anchors 5.6cm > eps5
flow0000008,2,95,96,12.023576136517416,1.469991131855952,1.8418793565722718,687.3927434906363,118.6697323769331,385.30345350049674,38.94580212013571,anchors 12.6cm > eps5
flow0000008,2,95,100,8.116045204103367,5.323641455291084,2.8824980095251718,687.3927434906363,247.1985822841525,385.30345350049674,67.8123028553664,anchors 9.3cm > eps5
flow0000008,2,96,100,9.213536608245821,4.917166386288062,1.231330756395715,118.6697323769331,247.1985822841525,38.94580212013571,67.8123028553664,anchors 8.8cm > eps5
flow0000008,2,134,136,75.24929619397213,6.669583471924602,2.005820582915006,628.100469879806,24.566266395151615,400.06911303525754,20.380356993694583,anchors 76.4cm > eps5
flow0000008,2,19,21,6.2257799120889326,10.24491118030949,6.101192911008254,182.95079731941223,72.81348745524883,100.42116971229939,46.33497653519822,anchors 6.2cm > eps5
flow0000008,2,19,44,62.14350113993859,0.48553484994225743,0.6310706395168312,182.95079731941223,78.85462047159672,100.42116971229939,43.69756303820883,anchors 63.0cm > eps5
flow0000008,2,21,45,58.44676231385389,13.498101343828598,2.765309011524513,72.81348745524883,99.4545022547245,46.33497653519822,44.933389952150705,anchors 59.1cm > eps5
flow0000008,2,7,31,60.167312544704906,0.16055597714505218,3.6361482997953622,166.11667086184025,585.8582352697849,77.3076887037943,363.84766808411456,anchors 60.8cm > eps5
flow0000008,2,11,32,42.255736712356644,5.040011933498172,7.586048297003417,116.28767179697752,181.6406640857458,38.06104654149931,126.59515631055228,anchors 42.6cm > eps5
flow0000008,2,14,38,42.60363116381942,10.589143981051961,4.301468264235429,153.43729866296053,254.17677652835846,96.3898259753386,169.51594927457273,anchors 42.4cm > eps5
flow0000008,2,25,27,2.7083049491796523,1.4800793618670427,2.2073508023135187,273.1889876052737,101.7564695328474,95.8518202792788,41.394961215182676,doca 2.54 >= 0.75 (bnd)
flow0000008,2,25,28,23.225697241550176,14.795540449690243,3.3308441496052987,273.1889876052737,52.03526996076107,95.8518202792788,24.087690138692025,anchors 22.8cm > eps5
flow0000008,2,27,28,7.144011374908609,14.714697178491935,2.739210756445875,101.7564695328474,52.03526996076107,41.394961215182676,24.087690138692025,anchors 11.7cm > eps5
flow0000008,2,106,117,40.84397798245757,4.922842734956204,5.07552353962794,288.84132009744644,246.4086502790451,213.2964314518403,171.75692684741944,anchors 41.1cm > eps5
flow0000008,2,133,137,7.300205383108382,12.904649580982143,1.3806379820676005,42.38522037118673,83.48498818278313,25.638306960449526,46.31308552283896,anchors 7.6cm > eps5
flow0000008,2,82,86,10.72471049763546,6.308500459728822,7.561223689302515,280.19600158929825,166.3101335912943,124.22591787773501,62.67232003484799,anchors 12.3cm > eps5
flow0000008,2,85,86,7.753808143436949,13.092445536850322,6.024520207689458,133.8071173876524,166.3101335912943,48.29050677181091,62.67232003484799,anchors 7.6cm > eps5
flow0000008,2,86,88,10.524580477960615,6.299090120557641,0.4919167929032391,166.3101335912943,52.766766130924225,62.67232003484799,25.643212050080884,anchors 10.0cm > eps5
flow0000008,2,50,56,53.66379621424701,0.158675532216057,3.0924661618548894,130.3958067446947,484.6264265924692,95.0882767354712,347.3038997845494,anchors 54.0cm > eps5
flow0000008,2,75,77,12.971908500397195,13.095173142638652,6.972114905184721,105.71935158967972,263.82172939926386,34.805550063060195,195.44100328341875,anchors 12.6cm > eps5
flow0000008,2,77,111,62.512033523555786,7.515577349237149,3.318361407524545,263.82172939926386,118.43916975706816,195.44100328341875,71.90918347432336,anchors 63.2cm > eps5
flow0000008,2,113,122,27.046198986282604,4.719937686351785,3.2399497814908296,291.99149959534407,100.45302687585354,199.71581240704398,76.33439202491402,anchors 27.6cm > eps5
flow0000008,2,94,97,38.902121676479844,5.36985346265545,1.6653129074578223,1846.8078224882483,68.82990669459105,146.1668476531687,30.660344288674942,anchors 39.3cm > eps5
flow0000008,2,94,102,38.406079211244,12.449422605809051,7.363131551337496,1846.8078224882483,55.71711277216673,146.1668476531687,34.472412271052576,anchors 36.9cm > eps5
flow0000008,2,94,103,7.937556193796144,14.83226489029188,5.520947089306192,1846.8078224882483,76.90582124143839,146.1668476531687,30.718105918464826,anchors 7.3cm > eps5
flow0000008,3,46,53,7.76557280995267,3.434572565378466,0.9141818568089733,165.22323890030384,93.04762111604214,50.99305360944162,42.7016022680005,anchors 8.1cm > eps5
flow0000008,3,20,30,46.67751795400979,1.4923397036838941,1.3518574475397058,446.6524713858962,266.61316707730293,291.69791742590337,171.71849480885453,anchors 47.4cm > eps5
flow0000008,3,153,160,15.15651054827724,0.5712619592210871,1.572705346853888,664.4587242603302,95.45643139630556,314.7916112389718,57.7756586123071,anchors 15.9cm > eps5
flow0000008,3,115,161,15.845361667739676,13.356442743012614,3.749652503456119,574.6756113544106,73.43623071163893,442.86398686426423,35.69392089651381,anchors 16.1cm > eps5
flow0000008,3,79,80,8.258011928756385,10.784468587783103,7.232579387657296,77.92520270496607,47.714760795235634,26.630790766618944,28.19722629654698,anchors 8.2cm > eps5
flow0000008,3,81,84,4.1510426392849284,0.5293847271816622,3.554191158734285,107.62516019493341,96.97467627376318,68.99014636674013,27.06666456312752,doca 2.95 >= 0.75 (bnd)
flow0000008,3,93,101,64.61458415788185,2.6348579353169557,3.9532897924841883,831.6686659455299,156.80912283062935,510.68483059374137,77.98554178533357,anchors 66.1cm > eps5
flow0000008,3,157,158,3.4309574588457314,12.167738093525317,3.39335436559288,89.53503827005625,67.32471810281277,28.25822996469343,20.84297645511931,anchors 5.0cm > eps5
flow0000008,4,4,8,28.44293249254521,1.835298463241091,1.1244437575909474,218.26897447556257,819.4770068377256,63.260854909928455,430.3075540261626,anchors 25.7cm > eps5
flow0000008,4,6,10,3.6649978690719585,7.704967931771788,3.663939919580905,792.1178738549352,89.54841444641352,498.2847844418938,31.51921433720129,doca 1.76 >= 0.75 (bnd)
flow0000008,4,86,88,8.171467078480639,11.614960437369191,7.0324462533358085,51.45042327046394,221.48268328607082,28.629494004426892,38.23228501273307,anchors 9.2cm > eps5
flow0000008,4,44,45,3.081059492874903,12.282383196856376,2.3653245750301766,83.37082204967737,40.745166316628456,45.53711043849391,28.787302510190038,doca 1.87 >= 0.75 (bnd)
flow0000008,4,48,51,4.593304289916838,10.922123140934463,2.6842407291283568,129.05462108552456,86.53055436909199,24.49632592270909,32.962968338956635,anchors 7.0cm > eps5
flow0000008,4,56,66,6.72649030680686,7.992235924012902,1.441745423618688,276.15128153562546,102.82808059453964,232.7914015177197,84.97069762466771,anchors 5.2cm > eps5
flow0000008,4,114,115,7.141933333350232,3.202147396201743,1.4946079313740952,961.6772091239691,242.04291811585426,77.6964123132311,51.490697186329584,anchors 7.2cm > eps5
flow0000008,4,115,120,43.1166943270872,13.14192512121196,7.667126267306953,242.04291811585426,170.6667892485857,51.490697186329584,94.99617639463459,anchors 43.5cm > eps5
flow0000008,4,121,123,10.370893909283357,1.6444569446331283,3.7302217907757047,371.653088927269,132.36402927339077,57.95144018438539,53.81329913000597,anchors 8.3cm > eps5
flow0000008,4,72,77,18.9935826410327,1.6783631135540975,3.199363343016123,813.7062467262149,53.0637276917696,495.3878446325809,28.173129608460016,anchors 19.4cm > eps5
flow0000008,5,45,49,50.073780487442654,3.559108298640343,7.718417980158926,341.79725244641304,234.4303601309657,244.22370674912935,154.00672870969032,anchors 50.1cm > eps5
flow0000008,5,109,112,10.809337614315266,12.155033506847005,3.9466915687292587,119.5959636643529,75.34904363751411,33.9673475439796,27.48765554865974,anchors 9.5cm > eps5
flow0000008,5,110,113,3.196868686180021,1.620102799579292,2.8710373571398526,66.57204588502645,57.5571593940258,45.5915657044872,42.657442412863105,doca 3.04 >= 0.75 (bnd)
flow0000008,5,120,121,4.080406094103521,2.3017810841229864,0.6790412490950178,67.98265085369349,34.765972919762135,26.542374535140652,25.403982964585488,anchors 7.2cm > eps5
flow0000008,5,120,123,5.462437597755878,1.8235117094194349,0.3729515805110086,67.98265085369349,85.43522083759308,26.542374535140652,29.447957082432595,anchors 8.7cm > eps5
flow0000008,5,121,123,36.03082032316996,2.824264354032939,1.5293849737225826,34.765972919762135,85.43522083759308,25.403982964585488,29.447957082432595,anchors 40.2cm > eps5
flow0000008,5,12,29,48.87387694307813,0.407680238976241,4.231568880826022,258.7631976380944,111.2269099354744,182.91310450411805,60.8816781853524,anchors 49.4cm > eps5
flow0000008,5,18,25,9.712017195850716,10.417843274632556,6.331660234376625,351.06785736232996,151.4112731963396,78.95995222349445,46.56582580288678,anchors 6.1cm > eps5
flow0000008,5,50,54,73.23686241440606,5.955309835277831,2.5168764727970605,555.3036995530128,64.26291202753782,297.6152369080089,22.143306961873705,anchors 73.1cm > eps5
flow0000008,5,53,54,5.588530835094126,7.857248438386441,1.9664384235713035,97.54566975682974,64.26291202753782,21.748583770595914,22.143306961873705,anchors 8.1cm > eps5
flow0000008,5,70,95,69.28959734073185,0.608781216724776,2.4354206816582105,663.1858547627926,59.10756745189428,402.4955802157077,33.04053353361823,anchors 70.3cm > eps5
flow0000008,5,116,125,15.108679292837142,14.168672477183426,2.6229843787383333,176.0727585479617,144.48291826993227,130.0031335170652,78.44341357729661,anchors 16.1cm > eps5
flow0000008,6,28,36,57.96738434034624,7.245849333618702,4.200333195155901,423.38901375234127,176.89533388614655,253.63111157779508,93.90154768735988,anchors 58.1cm > eps5
flow0000008,6,30,31,4.547894120918582,3.74805717238448,4.384917417844517,128.33761531859636,83.37830603122711,47.85070988733193,40.08313009907575,should have merged?!
flow0000008,6,51,69,24.414875582052897,0.5190569444376574,2.09244149040967,199.94669932127,296.1640860289335,128.951106593315,217.03454624716687,anchors 24.9cm > eps5
flow0000008,6,53,54,11.309823324853298,6.4766909199613325,6.808649156271608,105.33560979366302,640.7180555611849,44.752698191189346,80.38712405877644,anchors 9.7cm > eps5
flow0000008,6,59,63,53.57286067472366,0.7801797803170079,0.9718142738340945,260.72409722208977,475.87521816045046,160.2449681624326,290.1598213153606,anchors 54.4cm > eps5
flow0000008,7,6,13,10.35257356446462,11.771502537919988,2.7713791251912814,1403.3244779780507,68.90219615399837,153.378600072077,38.1031906918451,anchors 10.5cm > eps5
flow0000008,7,7,12,9.980745843875154,3.678442466557003,2.8934730201467245,511.13893288373947,130.08944839984179,80.89916690901018,53.89003274048147,anchors 9.1cm > eps5
flow0000008,7,8,14,9.682895124963343,8.188187981507667,4.19818696208271,246.8073550015688,87.27574369311333,68.99324058376945,40.82147877863295,anchors 9.4cm > eps5
flow0000008,7,13,14,15.408155291205754,9.929431501905412,7.517545437841872,68.90219615399837,87.27574369311333,38.1031906918451,40.82147877863295,anchors 16.2cm > eps5
flow0000008,7,91,92,14.208580863180785,12.462029262693767,3.402600954866092,329.8345627710223,189.02425375580788,79.57770954623594,99.66844758643279,anchors 14.1cm > eps5
flow0000008,7,93,123,66.49669649488423,0.34181408304793004,2.700505952048017,259.6096566617489,281.866789534688,163.07356824416652,168.0011597611621,anchors 67.5cm > eps5
flow0000008,7,95,124,57.75825568651787,0.7020538179826913,3.0486596317654664,164.79348143935204,290.03855992108583,99.94292780737388,180.04303082534145,anchors 58.5cm > eps5
flow0000008,7,89,100,49.290093858437004,9.373230239577342,5.6344346497259865,748.7462315112352,95.11281657963991,447.4316476286741,37.1407041738994,anchors 51.9cm > eps5
flow0000008,7,120,129,68.00839964284822,0.9113304232268324,3.1697434639158826,470.4757750034332,280.1432985290885,258.8041174667637,177.39341628136563,anchors 68.7cm > eps5
flow0000008,7,35,39,31.487667184758664,5.605463731939523,6.2812036361526635,259.4437411352992,250.98710825294256,153.01964331714606,64.75396658627973,anchors 31.9cm > eps5
flow0000008,7,47,78,6.313647493087044,9.316049016448018,2.5736662214064356,379.5135716199875,99.00420492142439,305.00571281017676,54.30832765024253,anchors 5.9cm > eps5
flow0000008,7,52,58,47.911557998285254,5.293227709132345,2.179323537292755,77.79049645364285,77.90625584870577,25.655502875267846,34.56013749237409,anchors 47.7cm > eps5
flow0000008,7,101,103,17.922790437990507,6.334710177635924,1.4967907687008022,895.3527673184872,151.52989903092384,145.81594574865582,98.36196252211971,anchors 17.4cm > eps5
flow0000008,7,101,104,23.420914381110357,3.6062112403460307,1.4960083621226103,895.3527673184872,80.87236607819796,145.81594574865582,51.40922536391015,anchors 24.9cm > eps5
flow0000008,7,101,105,23.122579864228026,2.132292522254349,2.0598244045704455,895.3527673184872,104.15158626437187,145.81594574865582,54.7922391722619,anchors 23.3cm > eps5
flow0000008,7,101,117,62.30421271774387,3.84522757045836,1.6067887250876156,895.3527673184872,100.06832905113697,145.81594574865582,30.08624796985228,anchors 62.8cm > eps5
flow0000008,7,103,111,78.50965923210104,9.656578515740245,6.799811204778093,151.52989903092384,40.880192294716835,98.36196252211971,26.280252117007443,anchors 78.8cm > eps5
flow0000008,7,104,105,3.3253751850829802,1.639215292309244,3.299422187713446,80.87236607819796,104.15158626437187,51.40922536391015,54.7922391722619,doca 2.98 >= 1.5 (int)
flow0000008,7,111,121,6.788636614366065,14.312779556639736,3.234608414447715,40.880192294716835,174.02635107189417,26.280252117007443,54.575262632545275,anchors 5.8cm > eps5
flow0000008,7,116,117,10.835693189398134,8.470777065699052,1.2131151825944704,104.68149988353252,100.06832905113697,23.901930274482687,30.08624796985228,anchors 11.4cm > eps5
flow0000008,7,71,74,21.971211400796797,2.5109911613122176,2.4706279148648975,970.6988025009632,150.99409529566765,471.6893773857928,59.36078564633043,anchors 22.8cm > eps5
flow0000008,7,74,76,36.30359425796211,3.091813017198155,3.042956467090677,150.99409529566765,166.5999317765236,59.36078564633043,60.84075245757168,anchors 39.9cm > eps5
flow0000008,8,114,127,61.97918346567424,0.8404126351934612,3.2526050832007978,458.93647979944944,234.68305526673794,278.4293881651081,159.7113134948553,anchors 62.7cm > eps5
flow0000008,8,76,87,31.4983306528868,11.769107511997793,4.523975173918777,138.66168070584536,1175.5990903452039,96.02225118092468,393.40552838744253,anchors 32.3cm > eps5
flow0000008,8,15,20,40.053286063401146,7.133747517549764,5.767532573179112,701.605804271996,215.9574531018734,350.011506518681,98.29480304305221,anchors 39.9cm > eps5
flow0000008,8,113,121,15.93618868992397,5.292024977491827,3.6563428680103636,469.049560315907,406.78974667936563,93.65523111295467,77.7197238682875,anchors 14.8cm > eps5
flow0000008,8,44,50,5.609189089233002,12.337447540044389,0.7684558064798288,130.50933649390936,157.13936441391706,95.11254934607263,96.39557678417245,anchors 5.5cm > eps5
flow0000008,8,46,72,50.353487207774,0.8717251792183994,5.238227373196045,400.92265236377716,311.42742152512074,263.6567922137582,197.31426169510488,anchors 50.8cm > eps5
flow0000008,8,52,58,54.21910048748262,2.9617248921187738,1.0816797215747687,267.92186733335257,104.08152677118778,183.78647305219874,68.98567829642579,anchors 55.1cm > eps5
flow0000008,8,109,148,70.20177858784812,2.706990208276321,2.6501260153693407,529.200081333518,148.22813373804092,357.6199414548066,100.54378398085791,anchors 71.0cm > eps5
flow0000008,8,135,136,3.827025554936181,11.470737436171119,3.7643785964228966,445.16639398783445,133.68148839473724,302.72042599789097,94.89584505640347,doca 1.95 >= 0.75 (bnd)
flow0000008,8,89,93,11.358078151307945,0.9415227018429771,0.7432418374465048,54.46063980460167,140.82368528097868,24.230336646048244,59.451534889067716,anchors 10.5cm > eps5
flow0000008,8,95,104,75.51689795532491,5.857877089021525,4.425593361659193,123.40216581523418,206.61598829180002,28.626701449574163,49.46296230956469,anchors 75.8cm > eps5
flow0000008,8,137,142,10.14434788639608,14.5277396760943,6.373472832017285,193.65780443698168,231.7234724983573,90.73588357506554,89.64470823776415,anchors 9.2cm > eps5
flow0000008,8,111,126,58.54749062236474,1.2567042227940688,2.005461019988811,506.56398417055607,167.41725052893162,344.1555245074021,95.72753460034076,anchors 59.1cm > eps5
flow0000008,9,10,45,69.79895495542104,3.374380751742885,1.17837294904098,243.9891706109047,464.8384471014142,134.43314175856977,304.1822333758397,anchors 70.1cm > eps5
flow0000008,9,131,138,24.266728563911,0.3073674393709128,2.362248197226289,823.498329013586,209.42939925938845,496.28721071752227,41.13591562505279,anchors 26.7cm > eps5
flow0000008,9,136,149,60.30372093032307,3.7388019922321307,4.682508411981355,64.37676138430834,124.35785711556673,48.88315473391073,78.303000327387,anchors 60.6cm > eps5
flow0000008,9,57,83,62.55124570696823,0.5994085391765976,1.8869483021969864,466.9818253442645,200.60144904255867,295.6627279243183,137.92465912101937,anchors 63.1cm > eps5
flow0000008,9,95,96,6.463647517796847,1.3881557300457448,5.194214473934131,116.00536048412323,96.20194068551064,27.56763880324091,31.72358741750231,anchors 6.9cm > eps5
flow0000008,9,35,37,28.177520961557253,9.254867750397691,2.3502291266293196,533.0578731894493,116.04612331092358,384.6498210212991,27.61221915542455,anchors 28.2cm > eps5
flow0000008,9,43,50,5.4888657492018185,13.795527442141733,0.6199902454324966,41.779037080705166,64.50605430454016,27.752972724730867,25.39856735736636,anchors 5.6cm > eps5
flow0000008,9,93,112,48.930616682020734,6.330516335363172,4.4948712814867,155.84961138665676,572.5443363934755,97.02457188326626,377.73584472694307,anchors 49.3cm > eps5
flow0000008,9,113,115,59.08678982282521,10.870074887933946,1.4075963850972928,613.148264169693,199.48159163445234,253.49649567791255,49.68588132416899,anchors 59.0cm > eps5
flow0000009,0,131,157,79.75853031925773,3.4976823500203102,0.14591464313248043,306.34627651423216,373.0802576094866,196.3882201247697,249.67226829663923,anchors 80.5cm > eps5
flow0000009,0,10,53,47.82489036481499,1.6245031564796397,3.8891446254013426,296.6228243857622,385.6924375295639,196.77353358709334,256.73368432685743,anchors 48.2cm > eps5
flow0000009,0,21,44,3.013918703820371,9.885186155931132,2.9944547347111348,444.1872917711735,38.509915471076965,149.2369559059859,27.270811914509395,back-wall veto (vz 903)
flow0000009,0,134,141,19.233110690730076,0.8571315043526312,5.157339821943056,201.1069967970252,74.77247703820467,84.10397142851252,20.272967359911434,anchors 20.8cm > eps5
flow0000009,0,33,37,1.9754270550461779,7.0429052000687085,1.631748793309481,142.83983772993088,74.02521748095751,35.28930898697667,26.274519378903385,back-wall veto (vz 909)
flow0000009,0,25,41,14.43806987406858,14.980512045674923,6.315350911898995,123.60438796877861,58.75567230582237,92.03500337429972,36.67085024467438,anchors 14.6cm > eps5
flow0000009,0,27,30,19.19839021004055,7.144158797523669,2.8866090932423547,96.53042855858803,956.4416190609336,42.297687345244995,120.53730227258822,anchors 20.4cm > eps5
flow0000009,0,30,35,21.79442974476824,1.1086612671649767,7.114431062661244,956.4416190609336,214.8434894979,120.53730227258822,63.46092462614172,anchors 20.8cm > eps5
flow0000009,0,73,79,10.259376318053167,14.697002020429426,3.4770670000457065,123.00552773475647,173.20855478197336,62.738032532573094,119.10465021450139,anchors 12.0cm > eps5
flow0000009,0,107,112,47.90133320221953,0.9558129924441323,1.4328504863024836,135.18763006478548,174.05597023665905,76.24389151586765,117.77732284667093,anchors 48.3cm > eps5
flow0000009,0,116,122,58.39991867271194,0.7630844919436734,0.5842281998288993,156.11695688217878,149.61278618127108,98.32584813679188,91.25794241808978,anchors 59.0cm > eps5
flow0000009,1,126,132,52.382036632145876,1.1311881530932872,3.0141206419897464,743.8071228116751,74.06598049402237,496.5013787650559,38.6853929603938,anchors 52.2cm > eps5
flow0000009,1,62,65,9.87249313234434,3.416186367968259,2.5403586903686257,209.02925527095795,538.677201539278,51.72768436608435,91.076333487245,anchors 11.4cm > eps5
flow0000009,1,77,85,58.93588870468302,1.8383548524479696,1.4865597622519033,225.55654989928007,465.36294743418694,144.44908003372524,298.4693244861993,anchors 59.6cm > eps5
flow0000009,1,124,140,45.86320677390879,0.7927559529978856,0.5263868155043274,270.10823502391577,489.59292197972536,156.3360572169662,297.5000273807008,anchors 46.6cm > eps5
flow0000009,1,138,162,50.28368213225242,13.111151635704093,4.5909298799770575,3405.23478911072,392.4664930999279,238.99592946728762,52.192251405595236,anchors 54.9cm > eps5
flow0000009,1,161,162,5.089765178399114,7.571132375839537,4.405755311374316,117.31533304601908,392.4664930999279,36.13435667313653,52.192251405595236,anchors 8.6cm > eps5
flow0000009,1,136,139,15.032892519095672,12.014255984519417,3.5396524582597304,117.54526184499264,134.09309293329716,87.85310923033757,74.8290210962821,anchors 15.4cm > eps5
flow0000009,10,5,10,23.33139365142265,5.120160845870007,6.004036376871029,779.6422993242741,165.01098722964525,122.75268924619138,47.795455025116,anchors 23.3cm > eps5
flow0000009,10,5,11,40.4447282266159,2.9897976581084653,2.4151460980211956,779.6422993242741,51.347084015607834,122.75268924619138,24.191762706185713,anchors 40.5cm > eps5
flow0000009,10,5,13,40.43346371559078,13.269491445322176,3.2517862294397246,779.6422993242741,30.222384922206402,122.75268924619138,31.37296039251389,anchors 40.3cm > eps5
flow0000009,10,10,11,12.395273431419922,4.159224048677456,4.3189364341639696,165.01098722964525,51.347084015607834,47.795455025116,24.191762706185713,anchors 11.5cm > eps5
flow0000009,10,10,13,5.788681692551863,8.214904776142548,5.664111278678001,165.01098722964525,30.222384922206402,47.795455025116,31.37296039251389,doca 3.43 >= 1.5 (int)
flow0000009,10,10,17,67.79635502523954,5.3815238073195815,5.330295511441451,165.01098722964525,96.7625842243433,47.795455025116,21.924078038163678,anchors 67.8cm > eps5
flow0000009,10,11,13,11.785828169311852,11.443321309646095,2.9450747978384,51.347084015607834,30.222384922206402,24.191762706185713,31.37296039251389,anchors 10.8cm > eps5
flow0000009,10,116,122,7.774107437866355,13.707417406477905,0.453312928243938,94.98877737671137,80.21156623214483,48.871089531285044,23.22439816414188,anchors 8.1cm > eps5
flow0000009,10,29,31,57.22638447215684,6.529893772638041,1.4198713392227795,401.8788177445531,110.81514602154493,80.86821943832385,40.441928897366715,anchors 57.7cm > eps5
flow0000009,10,33,53,77.42025338783088,0.42935641221611653,2.20491266761111,236.35606963187456,156.25882918387651,124.44518473392478,95.77366526675951,anchors 77.9cm > eps5
flow0000009,10,105,133,48.45419640142009,0.6324733546035333,3.7133117190499183,167.53587609529495,86.6600072607398,97.40666910914749,55.00514892711896,anchors 49.0cm > eps5
flow0000009,10,108,109,75.97593371236081,3.4798686804712182,5.390917934338952,45.07443207502365,576.9266258701682,33.113708351236,390.9296777906224,anchors 76.6cm > eps5
flow0000009,10,47,57,50.359494324884594,0.7428753810182487,0.7461098695140436,472.58507692813873,282.08652475476265,282.1254035852338,166.3603387901564,anchors 51.0cm > eps5
flow0000009,10,74,78,43.480322405240294,0.4013569185160589,2.759249557775661,114.63599424809217,677.1990867555141,62.70802920450866,374.64640903466056,anchors 44.4cm > eps5
flow0000009,10,64,65,14.797505400430186,10.144432544939535,3.01634722401189,284.16413654387,173.37558367848396,57.22095196080096,66.84237001768692,anchors 15.2cm > eps5
flow0000009,10,86,90,46.844126047526586,0.3196590963644437,2.940060661545485,427.96269530057907,332.05596332252026,272.21607399208006,182.64540549401133,anchors 47.9cm > eps5
flow0000009,10,94,97,3.558055938761425,3.072935659426982,2.6620635805682498,1265.1239414438605,764.2144850045443,495.38688151598967,92.6426773882339,anchors 7.1cm > eps5
flow0000009,10,99,111,40.393266156983074,2.8339432059116354,1.560535119488393,357.46232172101736,123.45391500741243,251.80866726816015,81.72377545753011,anchors 41.5cm > eps5
flow0000009,11,7,12,23.27268624433582,8.797607043245579,2.823203493074401,719.8097803667188,64.75954595953226,495.315130320858,29.00159477959619,anchors 23.9cm > eps5
flow0000009,11,11,13,3.9890241697424296,0.07877305358604238,1.805522545598815,412.6828005462885,95.57728745043278,292.8173740080889,67.26004877326972,doca 2.25 >= 0.75 (bnd)
flow0000009,11,16,21,62.2869539262008,6.754851836632096,2.464071307856117,424.9653752371669,111.94248289614916,243.37673247988357,29.744779126392924,anchors 62.3cm > eps5
flow0000009,11,69,75,45.20134071224997,1.5824026027726636,1.735760888563791,248.72574775665998,108.16733414679766,185.13341588525842,68.87435462783849,anchors 45.5cm > eps5
flow0000009,11,23,51,56.353463754036525,1.009344296417978,0.8327601269152815,431.1963103711605,254.7511141449213,304.49657375188957,150.9607118113767,anchors 57.0cm > eps5
flow0000009,11,24,25,6.535925048771711,6.623189420887927,1.9394275532751726,77.05119749158621,75.53438547998667,35.69294870399068,51.00034229492421,anchors 5.1cm > eps5
flow0000009,11,32,40,7.1892870155326225,14.584796437067109,5.306234081639713,127.43112626671791,138.8010067716241,36.94868117416473,95.75907845463354,anchors 5.7cm > eps5
flow0000009,11,48,57,77.50861861104475,0.559830970963912,2.492368207656837,416.46543219685555,278.9744025245309,252.47838995046698,166.81908823637878,anchors 78.5cm > eps5
flow0000009,11,105,107,11.194351667375328,7.914834113430435,5.0300346982245765,82.2423684000969,246.6041822656989,42.4883056196855,74.37936512134547,anchors 16.7cm > eps5
flow0000009,11,53,61,43.133445311323676,3.340357447496045,2.0709310588876573,183.63133995234966,512.5342601239681,99.71643575273025,371.10749108413745,anchors 43.6cm > eps5
flow0000009,11,87,93,45.613256285987106,0.7594565219516786,3.4306394214458313,455.7748377993703,258.2492075562477,297.8119711187426,170.75042389768765,anchors 46.4cm > eps5
flow0000009,12,88,97,3.147699874092633,1.8195663436475966,3.0400189072189456,199.92997978627682,473.05830386281013,77.8131856661607,99.03293009426613,doca 0.93 >= 0.75 (bnd)
flow0000009,12,19,42,9.936159468789103,11.608317840715664,4.308274088867641,331.65151856839657,223.79531943053007,89.96545563591242,53.2503921364342,anchors 7.3cm > eps5
flow0000009,12,124,125,11.805634762477194,6.019696717004081,2.475073411012725,165.02579718083143,367.3566298112273,86.04003099352894,274.5787620683223,anchors 11.7cm > eps5
flow0000009,12,147,153,22.23920333881819,13.497658157034762,6.437366054493611,99.14321080595255,374.17622528225183,37.70935060163538,164.1024701424377,anchors 22.5cm > eps5
flow0000009,12,93,127,54.828444953622736,6.722449116122858,2.912685645371721,437.83264023065567,211.22231306880713,303.1403588441174,145.23375255889255,anchors 55.6cm > eps5
flow0000009,12,70,74,10.906980565087066,2.6665936937800714,1.5376391951728174,159.34770248830318,25.434858307242393,51.09437823790391,27.258854454597248,anchors 12.0cm > eps5
flow0000009,12,62,96,9.623767106688922,11.274699901695568,7.47587433909479,559.0313974320889,117.21693036705256,428.0248675341282,25.53851393171382,anchors 5.7cm > eps5
flow0000009,12,71,117,12.090872878796656,13.442867016097502,2.9616037780785005,514.0661988779902,83.79373297840357,399.7098811231247,46.19785582122879,anchors 12.1cm > eps5
flow0000009,12,120,165,52.13669883567619,2.3637162852679543,3.1514180331961046,536.0707964375615,141.85723969340324,356.07948097018,97.0701768343996,anchors 52.6cm > eps5
flow0000009,12,121,168,41.69875335120225,1.8794070841939834,4.797414359422709,637.1981569156051,37.943538412451744,434.7808513219221,22.582141169300378,anchors 42.2cm > eps5
flow0000009,12,139,159,6.714088201688621,6.708672180275901,4.308935382810798,515.7791833356023,174.64639046788216,371.9285708438374,126.36503057776612,anchors 6.4cm > eps5
flow0000009,2,7,36,33.69744514434343,2.885092623812574,5.864224988979741,330.99263628572226,63.87439397722483,230.4815158103337,41.877688542714026,anchors 34.1cm > eps5
flow0000009,2,36,38,8.170690736193231,13.785927667095752,5.19224010453645,63.87439397722483,163.61694149672985,41.877688542714026,89.45928036243778,anchors 5.5cm > eps5
flow0000009,2,109,113,64.55737361036815,0.8355766544793618,2.7661967664844433,503.98432122170925,100.09651242941618,343.8242181780669,55.81809064950577,anchors 65.3cm > eps5
flow0000009,2,44,70,57.24913872799597,0.795665652038702,1.7460060868560712,171.15784946084023,464.0513813048601,96.2890649023438,311.4071463377818,anchors 57.8cm > eps5
flow0000009,2,49,50,6.312823502689684,13.39704370073152,4.599750044178783,83.35266901552677,183.55029040575027,45.89369959182615,67.34238614769063,anchors 6.6cm > eps5
flow0000009,2,49,51,17.75179519971148,14.864481366116719,6.095612233545796,83.35266901552677,119.03150035440922,45.89369959182615,63.285483792614414,anchors 18.5cm > eps5
flow0000009,2,49,52,6.401317488726173,11.641861623959693,6.112694489391777,83.35266901552677,144.92573238909245,45.89369959182615,36.85601427977625,anchors 6.0cm > eps5
flow0000009,2,49,53,17.104215040643265,9.56440510253577,3.8913150001287042,83.35266901552677,264.09018840640783,45.89369959182615,117.68875497049243,anchors 12.6cm > eps5
flow0000009,2,50,53,25.48613892750354,3.8554579380408196,1.7147167631655498,183.55029040575027,264.09018840640783,67.34238614769063,117.68875497049243,anchors 27.1cm > eps5
flow0000009,2,60,61,3.5554326731120893,9.337519026171757,3.549955879954497,321.29003693163395,109.93190403282642,59.70666355531962,54.05402696617686,doca 2.15 >= 1.5 (int)
flow0000009,2,88,93,29.42490979685079,2.2175548912120013,1.3939604380092152,118.05351896584034,690.6954610198736,70.73968112492348,395.14514646372027,anchors 30.0cm > eps5
flow0000009,2,89,91,6.778261690701813,1.020671404133158,5.720708272585904,512.1239259019494,165.7544260919094,347.24310365737256,102.70879756082091,anchors 14.9cm > eps5
flow0000009,3,4,18,5.7369576005353515,12.922155722229508,1.5289504922971673,156.81899651139975,56.713883861899376,98.09132230823582,24.389829897452938,anchors 5.7cm > eps5
flow0000009,3,52,77,77.21257878534833,1.3093227942970052,2.289501928872341,209.48226287961006,92.03763379901648,133.5742424895574,38.24047575292721,anchors 78.6cm > eps5
flow0000009,3,9,14,1.7433733738387034,1.6877002290997707,1.7225631048528025,240.11497900635004,366.46223762631416,59.64600603957729,89.2423535351712,doca 1.96 >= 1.5 (int)
flow0000009,3,143,144,6.748923220370564,8.029322325288058,2.3069163160460007,159.95547898858786,68.40970219671726,51.70712338002083,28.677691195210805,anchors 6.3cm > eps5
flow0000009,3,44,84,48.16066748538297,3.804988870207725,1.4634849247934654,318.893809877336,170.52411928027868,238.32638174475898,107.1730716853015,anchors 48.8cm > eps5
flow0000009,3,36,64,47.054534854956565,1.9641177897407343,0.5055765208446128,101.539760671556,248.1189235895872,64.9286860319106,138.88497265378453,anchors 47.7cm > eps5
flow0000009,3,64,80,2.7048558713520303,5.75146732743091,2.25445867191611,248.1189235895872,179.17230185866356,138.88497265378453,71.16729549085318,doca 3.47 >= 0.75 (bnd)
flow0000009,3,95,97,6.476186293697106,3.4414877544707223,5.116176476134073,165.09967692941427,154.65682876110077,32.77300967239678,42.92618288297204,anchors 6.2cm > eps5
flow0000009,3,108,111,13.702330506936043,13.299042347418425,2.7150885915504377,103.72358230501413,96.89633667469025,71.41408061850277,69.22798210612095,anchors 14.0cm > eps5
flow0000009,3,58,73,4.831073498022989,2.8166049466310135,3.0822353754479863,323.0690972805023,161.11609569191933,108.84812251784365,47.04706723199125,anchors 5.5cm > eps5
flow0000009,3,59,90,76.07875012998345,0.706316655208363,1.8679580151229187,183.15667904168367,498.13808454573154,95.88432910346702,328.68222746629567,anchors 76.8cm > eps5
flow0000009,3,103,125,23.924815216057173,1.6574200480457113,2.1753320827361917,807.3007988110185,72.90727384388447,495.11914934191,30.938501289080566,anchors 23.9cm > eps5
flow0000009,3,139,140,6.458678908712318,10.80216895187502,1.2687736544664492,212.00046565383673,159.34929898381233,138.1173563188624,131.9118305985622,anchors 6.4cm > eps5
flow0000009,4,6,24,25.429951438866752,14.809860526547087,5.271789760487755,954.0063877552748,65.64963437616825,497.6472278784166,30.912641647098624,anchors 25.9cm > eps5
flow0000009,4,14,15,18.884177063758404,1.5192019351638293,0.2972250753134856,54.34440395236015,284.1888197362423,33.385205440369674,79.75308943118478,anchors 18.3cm > eps5
flow0000009,4,14,18,43.66292648744285,12.39781403750003,6.332848642137324,54.34440395236015,52.72409299015999,33.385205440369674,27.593998920885902,anchors 43.4cm > eps5
flow0000009,4,15,18,16.348110822905273,13.642222758537565,3.9934320989521175,284.1888197362423,52.72409299015999,79.75308943118478,27.593998920885902,anchors 17.3cm > eps5
flow0000009,4,100,101,26.968143345849978,13.39606063687046,7.589775099525847,132.8167163953185,367.22016771137714,52.76170465883452,186.15022969434656,anchors 27.2cm > eps5
flow0000009,4,45,60,41.674509355782746,0.9652247796448027,2.8093782333810924,138.00645408034325,261.10720190405846,93.73442512843272,172.80276427106958,anchors 42.4cm > eps5
flow0000009,4,28,47,58.15989701922254,3.0156751282191285,1.4491711293543788,464.8785767778754,94.181012108922,375.4116426130024,62.892129416490036,anchors 58.7cm > eps5
flow0000009,4,71,75,5.161990709096915,6.701173094829115,0.9902705610948168,51.36794377118349,230.67925188690424,41.45113332989649,75.27636085932335,anchors 5.4cm > eps5
flow0000009,4,114,124,68.93244685186122,4.6705976485777985,5.704169678633658,497.4417783766985,126.43658573925495,363.269916780273,77.05499552705726,anchors 69.6cm > eps5
flow0000009,4,54,67,44.58179292183842,9.88273417782607,2.0559782222231178,45.90385413169861,55.04692001640797,21.850140534589322,25.527734592294642,anchors 44.7cm > eps5
flow0000009,4,50,73,16.703619792399284,3.0520946285793173,3.401983648978766,690.7459353134036,252.04406847804785,280.9431531800988,87.2974810676638,anchors 16.8cm > eps5
flow0000009,4,80,83,43.71660459569957,0.5310601822401404,1.25471668055095,105.36761598289013,611.6523154303432,58.48004976120643,403.0352345854843,anchors 44.2cm > eps5
flow0000009,4,85,105,49.62695523035599,0.7253011135198609,0.8199083585803789,375.9481250420213,313.22320118546486,255.5906445819683,198.10661290631896,anchors 50.4cm > eps5
flow0000009,5,68,73,1.1115855058952129,0.5407955371542826,0.8415305310021155,225.80000840127468,260.01935087889433,46.17904407047915,53.828596433476946,should have merged?!
flow0000009,5,5,37,72.08839911084085,0.4329948204426732,2.415448689593555,535.5512324869633,161.4878969117999,332.5973362471751,95.82735884594476,anchors 72.9cm > eps5
flow0000009,5,21,22,1.9463475538866768,9.149307038145988,1.1521603107505651,180.73305997252464,145.5811189338565,79.41617075601661,87.28737226799146,doca 1.20 >= 0.75 (bnd)
flow0000009,5,7,23,49.69529818377696,4.621486960601891,7.055513117620941,308.0761367455125,374.7265229448676,198.72520367619472,255.93755430278088,anchors 49.4cm > eps5
flow0000009,5,60,96,47.00106902019332,1.4568816450961024,1.9416707184989879,152.24212834239006,308.3323349952698,89.82601468558087,196.10598495715402,anchors 47.6cm > eps5
flow0000009,5,20,39,10.168247672660081,13.509214549570657,2.939838379963797,348.72863006591797,158.1111355498433,260.49230192016574,88.27168614497461,anchors 10.3cm > eps5
flow0000009,5,44,70,75.43184528466382,0.7292504079480912,1.7254779414688148,193.9261058717966,578.9080642163754,126.00094828418855,297.105993743462,anchors 75.7cm > eps5
flow0000009,5,70,84,48.73554244175654,5.104533938350295,3.058546095101064,578.9080642163754,123.23624996095896,297.105993743462,31.984200618791693,anchors 48.9cm > eps5
flow0000009,5,54,57,25.725330324222057,10.787984782528504,1.8241098326871772,841.1593261361122,135.54095776379108,499.8478540483445,45.29428145980886,anchors 25.8cm > eps5
flow0000009,5,53,79,61.5738064730722,1.8786643337434927,1.7270171839480781,98.92283894866705,116.37811478227377,60.92512810343248,75.14158099914077,anchors 62.3cm > eps5
flow0000009,5,90,121,41.97053449777276,4.6529145993706456,5.236586992739931,509.06227983534336,360.62667033821344,238.40547755983656,238.8820665303248,anchors 42.4cm > eps5
flow0000009,5,109,136,48.80631011447486,1.6342608884351677,0.4300569981761383,594.7129398137331,88.46613691747189,394.54659680408463,56.58238490194953,anchors 49.6cm > eps5
flow0000009,5,113,131,79.46048904364454,0.5483894703601526,1.0622885169837508,117.79986674338579,495.0692719221115,75.90279027859214,299.2404306950324,anchors 80.0cm > eps5
flow0000009,5,122,127,55.34555016469259,4.910528757007421,3.859923754879295,221.7258278504014,437.93183959275484,149.64531175041844,298.4264726275137,anchors 55.8cm > eps5
flow0000009,6,9,36,46.93508291877635,0.4595039176534749,3.7549449910508144,533.5151766687632,180.00188384205103,361.67594367773444,96.94630553406618,anchors 47.4cm > eps5
flow0000009,6,64,67,42.64428234109764,8.55289039621827,7.590630619326397,138.03256747871637,247.67069668322802,68.51577824614326,169.46665541782508,anchors 42.9cm > eps5
flow0000009,6,28,33,6.36333211764963,14.121065221767866,3.657051896795469,265.41497454047203,62.57604480534792,201.95101269336132,31.003700164375154,anchors 5.6cm > eps5
flow0000009,6,69,71,5.904959674557113,10.68054353156693,1.6206411153574558,249.5024595335126,117.29877309501171,65.47186474251673,36.92560621410229,anchors 6.2cm > eps5
flow0000009,6,85,90,14.233428142327972,2.0936582202439773,2.083607156415729,325.08636555820704,13.728690214455128,69.24786815095293,34.64124003128242,anchors 15.0cm > eps5
flow0000009,6,89,111,26.027954002357554,2.8320694555708528,3.2113239282964643,56.884736478328705,142.908307030797,44.43660534262904,37.0621595948315,anchors 26.5cm > eps5
flow0000009,6,108,109,23.25003609772539,2.408862357623885,2.2782785139067028,607.5701611563563,211.36099879443645,124.91840722885723,46.52646179888635,anchors 23.5cm > eps5
flow0000009,6,75,87,49.06185785625534,1.9520871876415438,3.197585055861671,91.997827231884,82.06403250992298,45.262561007244386,54.02092721403645,anchors 49.7cm > eps5
flow0000009,6,56,66,24.382069154058836,5.317395137228214,3.143339008353797,704.604244723916,183.13836908340454,471.0289079223634,57.03213741657745,anchors 24.5cm > eps5
flow0000009,6,53,54,4.235980956908416,3.7797899921019433,2.094578923379009,109.2876645103097,316.8989900127053,36.288461611163854,92.68794912838507,anchors 5.5cm > eps5
flow0000009,6,146,147,32.688365924146304,14.998252622539072,3.282922493712751,391.6450369283557,268.70001562684774,241.3913627693555,164.69164839568174,anchors 32.7cm > eps5
flow0000009,7,5,44,60.79481719057961,0.44034460528439745,2.39894059825916,388.1977405399084,288.8290608972311,245.17855911462155,191.28752635207667,anchors 61.3cm > eps5
flow0000009,7,143,159,53.97871087183563,0.9065736366133232,0.9149739992885751,79.78738178312778,161.32261761277914,49.58362331686053,98.32744773542323,anchors 54.6cm > eps5
flow0000009,7,7,34,41.07376852286744,2.4212940855334306,2.5755187576548217,156.9525885656476,106.88793075084686,101.68351508952253,66.93244028727568,anchors 41.6cm > eps5
flow0000009,7,34,42,62.237992789314426,4.562738544837833,1.1296033741884919,106.88793075084686,341.31399082392454,66.93244028727568,246.90703318583542,anchors 62.7cm > eps5
flow0000009,7,113,141,60.620101810981566,3.875426606387417,2.353808598773403,455.85206331312656,233.94327946007252,312.73366158930975,150.47521863661805,anchors 61.2cm > eps5
flow0000009,7,9,10,14.434554398593788,4.876632561515768,7.792245490259667,294.22101437300444,129.525778606534,54.77151046768121,38.75657244927456,anchors 14.3cm > eps5
flow0000009,7,9,14,6.144446080685738,3.6533692576722223,4.96045843888915,294.22101437300444,516.2902972996235,54.77151046768121,141.1286979467252,anchors 5.0cm > eps5
flow0000009,7,10,14,46.40977943770699,2.403682550432994,7.12001287011073,129.525778606534,516.2902972996235,38.75657244927456,141.1286979467252,anchors 47.5cm > eps5
flow0000009,7,27,56,68.54179374904588,3.956566474846422,5.301607544198332,163.89129330962896,317.1096530929208,96.33371921601339,218.503945854689,anchors 68.9cm > eps5
flow0000009,7,38,40,13.67343494353588,1.8999526738988475,0.18190002151787846,396.025733307004,173.90215383470058,93.44794475953424,46.129710411699605,anchors 14.8cm > eps5
flow0000009,7,109,133,67.92772581804799,0.5461689086352125,2.885454146912518,238.0010605826974,583.7817336246371,134.25633855118255,297.5201872364918,anchors 68.4cm > eps5
flow0000009,7,18,19,3.168965221530294,6.046194720597058,1.567696776136785,147.36622934788465,108.8173037096858,39.47193189258469,32.66942933193098,should have merged?!
flow0000009,7,122,124,69.54565310667677,1.647862355802546,3.029608778383906,282.1857241168618,436.9223283454776,169.61787921402367,262.72579084161464,anchors 70.5cm > eps5
flow0000009,7,83,84,52.92039060092993,8.742112841728696,6.829852714960521,564.0445504784584,580.7083077803254,216.04945667774064,395.1715365917954,anchors 52.8cm > eps5
flow0000009,7,88,90,14.041577640685153,11.89856055312946,3.617749894445049,133.3635067716241,71.05417069792747,101.72291580166524,21.847381924384557,anchors 14.3cm > eps5
flow0000009,7,97,108,65.57247231899244,0.704076426397693,1.850244888876128,460.6558301076293,238.91726215183735,287.4057960626905,144.4852550713204,anchors 66.3cm > eps5
flow0000009,7,49,50,5.219899635990609,14.85414016914166,1.6189737051741162,106.02682276815176,118.44251327961683,52.23837013104014,59.187777798885776,doca 1.70 >= 1.5 (int)
flow0000009,7,51,96,72.05601411712051,3.7335919892833287,3.0593956031210703,294.24856355041265,363.9270020574331,173.45398584528928,254.50199751123756,anchors 73.1cm > eps5
flow0000009,7,62,67,29.79059002421815,8.979155203898426,1.5541742743301616,72.00683542340994,76.44931405037642,25.665077856792117,28.28375861162168,anchors 30.4cm > eps5
flow0000009,7,75,76,60.37584988134803,8.830574892024382,0.43853751430404525,237.9203344359994,76.79022216051817,148.7878155011656,26.321105399043077,anchors 60.7cm > eps5
flow0000009,7,81,82,5.88659597233151,6.616585183777118,2.3121107633550353,90.8467637449503,83.9707951694727,51.27949805936844,34.93119171862824,anchors 5.6cm > eps5
flow0000009,7,99,114,42.75673714021816,5.735933310130078,4.468568528497736,285.3174330741167,354.2134191542864,205.04412691233034,250.89639406133801,anchors 43.3cm > eps5
flow0000009,7,118,119,2.7042250504779943,2.127078754893971,2.4587535801961544,202.99305914342403,444.0689830183983,47.905725079523464,102.85331343383253,doca 1.90 >= 1.5 (int)
flow0000009,7,110,140,68.21192894933559,4.991917201180391,7.940565353841586,421.6359035745263,204.9936078414321,280.23612153670575,133.55272405877508,anchors 68.5cm > eps5
flow0000009,8,28,35,40.78234266405685,1.4737306114014888,2.4840568066447615,1135.6252239271998,80.15599671006203,136.75644748300158,37.98177162123734,anchors 40.9cm > eps5
flow0000009,8,31,64,66.18897231525914,1.1481878083666999,1.273560458582763,253.1398791372776,424.2146132066846,167.7107773994747,263.1421895860274,anchors 66.9cm > eps5
flow0000009,8,121,141,41.64479859457125,3.788046963037721,0.5342406731801262,77.72776021808386,286.7657750248909,51.12025732935693,185.7786492055887,anchors 42.2cm > eps5
flow0000009,8,14,15,8.426555173323043,3.613960587442314,4.053835532454532,248.8427740186453,170.62459260225296,61.70242541640475,68.85629307254327,anchors 8.9cm > eps5
flow0000009,8,14,18,11.603731577812995,9.901631541429683,6.387021629387075,248.8427740186453,148.25393073260784,61.70242541640475,95.64393234906638,anchors 13.7cm > eps5
flow0000009,8,15,16,15.579660723634353,6.799798721610701,7.232244294374455,170.62459260225296,175.71322064846754,68.85629307254327,95.60451387516989,anchors 16.3cm > eps5
flow0000009,8,29,42,8.390705610607865,2.9510908312197666,5.224289645390073,434.5332667157054,100.17580850422382,293.4306238601471,44.53273972013902,anchors 7.4cm > eps5
flow0000009,8,116,123,47.0588821823161,0.15109718865568683,3.3996968183093816,339.990009047091,323.50602788478136,226.3693268678013,226.42194011129743,anchors 47.7cm > eps5
flow0000009,8,33,36,10.94423749834336,9.533506838221408,6.696897237987754,151.15969418734312,266.91140280663967,123.85178615975012,178.42534883943864,anchors 6.6cm > eps5
flow0000009,8,59,91,62.93572662449567,2.320561128771275,3.099407072718426,463.879891961813,208.98021544516087,297.6756151686143,139.4568016029981,anchors 63.4cm > eps5
flow0000009,8,113,127,5.798012148597189,6.015365118049398,5.588246168166408,696.1843782737851,433.71513939648867,82.06733964445888,95.79515109056608,anchors 12.3cm > eps5
flow0000009,8,82,84,21.50786241287471,2.4222364955668945,2.5876170648739065,1440.452133834362,162.28642582148314,126.9213693209307,46.70951148642018,anchors 22.7cm > eps5
flow0000009,8,88,96,6.0607265447898655,13.35869530024997,2.2928394806506605,170.27827137708664,218.04605286568403,95.05230017058622,41.71718158883932,anchors 5.4cm > eps5
flow0000009,8,99,103,64.47859015330074,0.41171552674453615,2.906279620655293,58.33196483552456,585.2259389534593,38.71365008234973,356.3100434828286,anchors 65.7cm > eps5
flow0000009,8,109,112,63.15510397904418,5.297287977841018,4.1274292581914525,108.04711469262838,91.22636525332928,35.23214571689422,44.12685261303367,anchors 63.4cm > eps5
flow0000009,8,55,62,38.38874775797013,1.347467332206825,0.8468912268129353,513.7009240835905,253.72520323097706,236.0565975844803,79.57258315168598,anchors 38.1cm > eps5
flow0000009,8,55,65,11.107651911252297,2.66091279040117,2.5708280392070786,513.7009240835905,58.461417607963085,236.0565975844803,22.33519738117006,anchors 11.3cm > eps5
flow0000009,8,62,65,5.434743683463904,1.4019410200738074,1.3004916625077902,253.72520323097706,58.461417607963085,79.57258315168598,22.33519738117006,anchors 6.8cm > eps5
flow0000009,8,105,119,61.49054455279554,2.259104965565173,0.8774167070469021,125.34682483971119,553.9636338055134,74.21679727406507,365.02191545338655,anchors 62.2cm > eps5
flow0000009,8,102,108,35.35078537125729,10.463882166745254,6.1731266731639485,413.58610555529594,43.81190921366215,262.0871823118191,24.594935984605414,anchors 35.5cm > eps5
flow0000009,8,124,129,6.417383078110514,12.628950293486943,0.6700179621005667,42.94188401848078,95.54814746975899,29.399565523732726,47.99548676738863,anchors 6.8cm > eps5
flow0000009,8,120,142,51.168747987222055,9.722124729034574,6.982595291448087,91.66233213990927,129.75682035833597,62.55088301458942,80.13980883691627,anchors 52.0cm > eps5
flow0000009,9,5,12,30.17629492748454,1.5092095283813314,2.1538458343726146,533.090513035655,646.5902507454157,262.27504901367524,216.9612139211104,anchors 29.6cm > eps5
flow0000009,9,5,17,69.15716429473083,1.4482961172045472,4.769879712561524,533.090513035655,95.59559754282236,262.27504901367524,31.034560581513475,anchors 69.1cm > eps5
flow0000009,9,31,58,68.52349896351505,10.081358681692528,4.625037836796503,584.9334373250604,67.79603543132544,356.56774210436777,27.106894484919536,anchors 68.6cm > eps5
flow0000009,9,13,16,8.803078875069433,11.608144227498233,4.209101350340131,225.66163993626833,88.48715361952782,91.2116631419479,20.51575075174734,anchors 9.4cm > eps5
flow0000009,9,124,126,3.087412302938945,13.08765955052353,3.0677373534244174,78.03921154886484,51.867124512791634,51.99529059530357,23.82668611442076,doca 2.92 >= 1.5 (int)
flow0000009,9,60,61,18.767668043806804,4.876466345616394,1.323309686572585,76.83289509266615,148.98717665672302,36.26846200534219,40.275758944947746,anchors 19.1cm > eps5
flow0000009,9,94,96,6.984077563233934,8.873884305434675,2.5885133489272087,96.89553990215063,255.67002174258232,39.35128237158746,43.29101317594354,anchors 6.9cm > eps5
flow0000009,9,94,100,12.885814005865036,6.8384924839507,7.75604819821571,96.89553990215063,69.10075518488884,39.35128237158746,23.60417676889339,anchors 12.7cm > eps5
flow0000009,9,96,100,6.827440186593878,10.321282134398539,6.804853817858411,255.67002174258232,69.10075518488884,43.29101317594354,23.60417676889339,anchors 5.8cm > eps5
flow0000009,9,37,41,4.813058391102883,14.87598462388761,0.6300689769494235,206.12110543251038,132.8891655281186,84.18593407361566,77.1629790711913,anchors 5.1cm > eps5
flow0000009,9,55,70,53.00939666970637,1.8924023910200711,0.6282518777241609,77.39640516787767,164.94506729394197,54.110448504620024,102.52442072897989,anchors 53.7cm > eps5
flow0000009,9,103,104,7.785277335506567,3.0625639519209766,4.669073457121074,226.88881547749043,58.35951116681099,162.1123479421883,24.72420038711138,anchors 6.4cm > eps5
flow0000009,9,103,118,69.09531479699137,2.591520662123284,3.337925630040128,226.88881547749043,159.47445127367973,162.1123479421883,106.86460005680436,anchors 69.6cm > eps5
flow0000009,9,120,125,18.274202954704496,3.1683747259740938,4.331607290388181,318.81164649128914,86.87209947407246,196.442630197803,32.067579538146745,anchors 18.1cm > eps5
flow0000009,9,120,140,49.382039888161906,0.249226585389212,1.9430603845125682,318.81164649128914,410.49276921898127,196.442630197803,253.47442211229057,anchors 50.1cm > eps5
flow0000009,9,134,137,74.94755948331162,1.3677063821007358,2.5511407448311982,192.1116964071989,474.525755867362,127.25512829924202,298.42663415691925,anchors 75.6cm > eps5
flow0000010,0,3,17,9.395341893984165,13.812048348559207,5.630651299682301,302.1999660655856,167.74605844169855,235.44876533113774,100.7526545148036,anchors 6.9cm > eps5
flow0000010,0,130,131,7.6706918638694805,11.33406108920346,7.646188518926764,421.21044640243053,103.34748413413763,233.28413320168323,72.49714085265411,anchors 7.0cm > eps5
flow0000010,0,130,143,37.29449803543597,8.74508115803068,6.4402065797522114,421.21044640243053,74.97708570212126,233.28413320168323,23.12412827596215,anchors 36.4cm > eps5
flow0000010,0,130,172,71.12663045729103,0.15946474572257585,2.5442659957265126,421.21044640243053,180.03691337257624,233.28413320168323,96.05740454394257,anchors 71.8cm > eps5
flow0000010,0,164,166,4.821877830943909,2.197344684886855,0.21701285601888143,74.67009387910366,96.14127442240715,50.98294821542909,70.44592055079401,anchors 6.6cm > eps5
flow0000010,0,97,104,7.306725568845447,6.00358245385088,1.95439852975152,212.3380269780755,104.2343859821558,70.57756612676945,64.52311115758502,anchors 7.5cm > eps5
flow0000010,0,30,47,51.58984538730371,2.3316242978845136,1.7638031767666376,95.94351168721914,296.88379922509193,54.29544202665547,193.08726611846475,anchors 52.3cm > eps5
flow0000010,0,31,43,68.59311972858039,6.866797761388647,5.364933161693565,31.330615282058716,231.15948498994112,20.724020173998063,176.24283081796165,anchors 69.0cm > eps5
flow0000010,0,125,127,5.659443534434983,8.302241984736975,1.5654245603663381,94.89053487032652,120.77855680137873,65.17104961524386,72.34087473110174,anchors 6.1cm > eps5
flow0000010,0,46,48,24.21056143162296,1.4658201555799133,3.464283299476776,121.2479643151164,237.47736052423716,95.49635053112694,164.62544124312763,anchors 24.5cm > eps5
flow0000010,0,48,52,32.82743661597959,4.626238570901198,7.252754315034136,237.47736052423716,200.7079719528556,164.62544124312763,126.6429413980586,anchors 33.2cm > eps5
flow0000010,0,58,64,3.259465581792468,2.6719825204005065,2.19261195232974,236.60096208006144,231.01968272030354,40.31423848223629,46.3377389475383,anchors 9.1cm > eps5
flow0000010,0,67,76,70.35404947258077,0.742416665876534,1.2333624412349378,157.81704050302505,510.94866328686476,97.71366203387052,342.2080720669747,anchors 70.9cm > eps5
flow0000010,0,66,72,61.26274006362576,0.5822074421651345,2.374904304267533,247.81049548834562,623.4436692520976,66.80278582707587,377.2126396693203,anchors 62.1cm > eps5
flow0000010,0,77,96,14.095543108323454,9.271318610055626,2.7546632496612933,728.704286493361,47.89866974949837,459.6691792452457,28.268680131007194,anchors 14.5cm > eps5
flow0000010,0,98,108,48.58707125499775,13.799052578868828,1.1437891986989244,908.5531507730484,111.95012594759464,496.28743997251684,30.46802548407154,anchors 48.3cm > eps5
flow0000010,1,64,74,5.6186429226038435,11.161782874467303,1.2556521769894562,197.70221109688282,67.00514670461416,115.49738005108784,41.99174881175466,anchors 5.6cm > eps5
flow0000010,1,83,110,40.82396919067288,1.985872750937323,3.3909560776926497,253.1062828451395,357.7761596888304,174.92694774649198,234.98474109336442,anchors 41.4cm > eps5
flow0000010,1,13,17,5.099489407481975,3.415655615398303,2.565748552544356,307.6084789931774,159.05344998836517,98.14074855993437,38.97183156189708,anchors 6.9cm > eps5
flow0000010,1,135,145,56.925380579984285,1.1087747790630127,1.7401701544739168,78.24668738991022,183.8529889881611,62.15878675453483,142.19080160079596,anchors 59.3cm > eps5
flow0000010,1,112,117,5.811148980245668,13.153657464089754,1.6827373769411789,97.8770245462656,75.73756168037653,40.7301410521124,20.671445042191394,anchors 5.6cm > eps5
flow0000010,1,115,129,41.32751828265919,7.993361816736383,5.813206602823116,96.22311719506979,593.4577275887132,31.0735833588297,75.60783520590245,anchors 43.1cm > eps5
flow0000010,1,33,37,36.76840074379659,6.720718702710548,1.7995155370035423,791.7153452336788,29.214627146720886,496.1915414280361,25.671936763970905,anchors 37.0cm > eps5
flow0000010,1,33,50,27.4604150241412,14.591036724788584,7.186548764992829,791.7153452336788,38.02490482479334,496.1915414280361,29.943828226036608,anchors 26.9cm > eps5
flow0000010,1,55,78,16.326417830495377,7.0419971469312985,3.794141335584136,854.990719102323,73.43288756161928,498.78183615133435,24.763616458314097,anchors 16.1cm > eps5
flow0000010,1,34,36,23.3032747103248,6.56077031858212,6.219711515123782,1190.886800557375,61.31813817471266,499.3001613527166,29.47730898106061,anchors 25.6cm > eps5
flow0000010,1,35,42,8.50429840546989,12.304204420857491,6.506980628894075,273.3529969602823,117.0105714276433,195.1136406076576,58.46317692573946,anchors 5.7cm > eps5
flow0000010,1,59,88,64.60899046710125,2.166453317630291,3.5620627147159225,59.143393605947495,619.0234847962856,36.39884366700457,396.90323158232525,anchors 65.3cm > eps5
flow0000010,1,87,93,5.460920984316293,10.054268901201723,2.2041129264587895,594.3631154820323,160.88171374052763,367.85389482711037,70.0011913531171,anchors 12.4cm > eps5
flow0000010,1,93,96,9.720104553660338,6.874877992116961,7.687920522672069,160.88171374052763,87.35153656452894,70.0011913531171,40.19396881125775,anchors 10.2cm > eps5
flow0000010,1,134,141,3.4021278101229537,1.1773434394077098,2.3690473521085367,102.1206277012825,293.44700779765844,71.4703383600516,204.2960096817245,doca 2.52 >= 0.75 (bnd)
flow0000010,1,148,150,3.373771180999553,6.980864690038683,2.776788294268385,70.1758655756712,205.59835769981146,30.06868723301195,55.53082397044718,doca 1.65 >= 1.5 (int)
flow0000010,1,106,113,7.481975903373619,14.41587648208329,3.6796698786253996,288.3891128003597,65.15698040276766,202.89414511033766,27.70157364920851,anchors 7.6cm > eps5
flow0000010,1,107,127,51.36286778040603,0.39123387358721695,3.6283741321559644,82.30303490161896,648.8809172511101,50.662965289179965,399.84033939408675,anchors 51.8cm > eps5
flow0000010,10,100,111,6.824864750419172,7.710006879823086,4.3850490267632125,404.7650013640523,122.33613165467978,303.173209400265,84.41203664781258,anchors 5.6cm > eps5
flow0000010,10,42,43,5.638698569492182,14.714156627828928,0.9603903454827161,54.30364058166742,135.44096214324236,25.46133302702357,38.189019202876985,anchors 7.1cm > eps5
flow0000010,10,104,113,4.22331147688229,1.38631412204929,0.6528979252682523,500.21569956094027,201.11384614557028,336.76182612765456,144.24644253021498,anchors 5.7cm > eps5
flow0000010,10,56,92,73.92313334037225,2.6183434185254657,5.44412724129082,59.834286615252495,596.0014159083366,43.44017199453829,379.90394120438515,anchors 74.6cm > eps5
flow0000010,10,79,82,76.70358731886611,2.3598376075409693,3.252265609078995,186.3046284019947,518.744176261127,101.4189618970029,348.85542927059697,anchors 77.4cm > eps5
flow0000010,10,70,75,22.913657003755038,14.404582910480956,3.4565469474279205,47.50203187018633,96.15019089728594,34.28961424226534,24.89967407607238,anchors 23.2cm > eps5
flow0000010,10,115,124,50.87878142226602,3.378721052649264,2.8497956884064277,240.02995255589485,308.6044569090009,166.79619229882323,209.1178333593353,anchors 51.4cm > eps5
flow0000010,10,98,103,19.291452690374157,4.7641566096609615,3.921513585499405,906.4602486863732,81.0989480689168,501.1641844194806,45.778399008140674,anchors 21.3cm > eps5
flow0000010,10,87,112,42.41477319737526,0.7673179153567041,1.7402220631629297,587.1567444056273,203.60035864263773,340.97823840936496,128.08186134703365,anchors 43.2cm > eps5
flow0000010,10,159,162,2.1989171210803913,6.366892660965736,0.7915971355524496,192.8592755123973,51.5214397162199,97.74217232663943,30.711621176692873,anchors 5.8cm > eps5
flow0000010,10,86,88,11.958750025357574,4.808822735206768,1.4230175593367895,735.6905877366662,216.06158636510372,117.9253293431635,37.596094195579894,anchors 12.0cm > eps5
flow0000010,10,107,116,50.32362087890168,3.7094710103251574,2.962625641305814,589.6485145241022,76.34868126362562,404.93996134871844,31.61156327211001,anchors 51.9cm > eps5
flow0000010,10,91,96,15.357315115000512,10.897336293483542,6.4168176644625845,87.35488015413284,171.2928755134344,36.56900007878755,123.06299116956077,anchors 14.7cm > eps5
flow0000010,10,126,138,50.128275722352264,0.9516814572667217,3.210258827823682,377.7338716983795,230.21382684260607,187.2501403240995,141.46364823446856,anchors 50.9cm > eps5
flow0000010,11,8,17,6.212901492249502,7.270991077788541,3.055114644259064,428.64228519797325,238.4177648127079,296.7579809241315,190.29198186879077,anchors 5.7cm > eps5
flow0000010,11,32,54,58.189492693193046,3.10770164680864,1.3685238722737607,92.8299560546875,607.2599927932024,62.81307860980018,368.6426913524573,anchors 59.6cm > eps5
flow0000010,11,80,115,50.25815315605437,1.6980474069147145,0.9126821223261227,187.01988441497087,544.6743954569101,97.37235069414166,361.22652215252924,anchors 50.9cm > eps5
flow0000010,11,39,41,17.87161019937907,4.6675098717134595,3.68338158998723,952.035125233233,330.1767431125045,119.16220687756999,62.95537605732564,anchors 17.7cm > eps5
flow0000010,11,41,56,28.540911997159505,12.228138512550773,3.4551463446070825,330.1767431125045,83.13245689868927,62.95537605732564,36.181449243338335,anchors 31.6cm > eps5
flow0000010,11,36,42,57.95949266659353,0.11924703774397706,2.6761058496114956,473.8837463334203,243.83296754211187,286.8669464588436,159.91826744256792,anchors 58.7cm > eps5
flow0000010,11,43,102,71.77020875792576,2.3901424586398026,2.0273021192655785,538.2421976476908,77.43621200323105,392.17033911104147,35.200246884849804,anchors 72.5cm > eps5
flow0000010,11,53,63,63.169434526014044,3.6710034073230116,2.6734214229419306,71.36402883380651,218.2977929636836,53.14728972344449,165.95052704264418,anchors 64.9cm > eps5
flow0000010,11,98,101,50.3047325554567,8.951095371531027,5.800101231594488,34.68667674809694,89.29141932725906,21.880508588618333,41.91436868072331,anchors 51.0cm > eps5
flow0000010,11,57,90,57.805789763508045,0.20309001972095836,1.703735583979917,286.9608305618167,317.1631522476673,162.34609324510535,180.06572155573951,anchors 58.6cm > eps5
flow0000010,11,67,70,4.316709661198792,7.639990630838207,3.8202429551205763,121.84873166680336,195.4126642420888,31.70336407398682,74.12201871975907,anchors 6.6cm > eps5
flow0000010,11,70,95,32.93325465933396,13.714831159484566,5.573406365665952,195.4126642420888,165.77066633850336,74.12201871975907,66.94605418304147,anchors 32.2cm > eps5
flow0000010,11,94,95,6.638276565949312,10.518164228676234,1.5462167668424633,82.37054768949747,165.77066633850336,34.689408433752476,66.94605418304147,anchors 12.2cm > eps5
flow0000010,11,135,136,4.759181677241487,0.5209424117861425,0.9039094428679969,310.60086266696453,542.2627143859863,79.54057350306093,97.88125444473758,anchors 6.4cm > eps5
flow0000010,2,106,109,2.1306234102381225,14.822905134625831,0.9238196727761843,169.6015481352806,363.0049106925726,53.82170413177894,248.80818068453684,doca 2.27 >= 1.5 (int)
flow0000010,2,139,148,41.7046498230006,2.618573586752359,1.8623314666257,342.6782636195421,344.4756341576576,228.5088178337169,179.9091594219015,anchors 42.4cm > eps5
flow0000010,2,15,17,71.51468603480825,10.887543214767666,5.068846991333592,314.49193420261145,35.43823577463627,195.3869936711684,22.59703503556666,anchors 71.9cm > eps5
flow0000010,2,162,169,21.743610201313437,11.87631337737326,4.354291560126192,264.08302517980337,65.97605229914188,186.35151760050198,23.654365343710385,anchors 21.8cm > eps5
flow0000010,2,25,28,4.817038332226431,11.81241930175736,4.727526610779675,381.24820629507303,944.7040844857693,134.12443083486016,240.78144084465163,anchors 7.6cm > eps5
flow0000010,2,25,36,19.288722070454522,6.462431413159034,6.565311937423637,381.24820629507303,138.3440189510584,134.12443083486016,60.022218097576314,anchors 14.5cm > eps5
flow0000010,2,28,40,37.79926976155448,13.021120295492066,2.1466682272149753,944.7040844857693,655.7062424048781,240.78144084465163,77.25460269511898,anchors 34.2cm > eps5
flow0000010,2,34,121,41.09814035124868,2.302213468656755,3.9648500242657163,627.0739193037152,96.88725987821817,398.05510345843345,65.27787582593335,anchors 41.3cm > eps5
flow0000010,2,58,85,48.874402283666456,0.6219002662296931,6.571662497313974,147.65937035530806,223.8282831683755,96.50814428307277,155.74623527191955,anchors 49.2cm > eps5
flow0000010,2,115,144,44.93470522618023,2.8999050822669568,1.531191076137969,384.857602417469,84.50739542394876,274.1689105281726,62.45896640264867,anchors 45.4cm > eps5
flow0000010,2,107,143,64.90120007279215,6.922952068173393,7.120150105531734,602.0791687518358,55.16538593173027,395.0947650466433,36.02141133886619,anchors 65.7cm > eps5
flow0000010,2,149,152,52.09022863876875,3.2703203678718697,0.662641245439989,882.2525682225823,156.95529512315989,498.39741311898376,44.244427673097626,anchors 51.8cm > eps5
flow0000010,2,78,113,51.172672985486244,1.233977379900918,2.916801382486066,86.70682011544704,538.8151008933783,52.02821161264565,392.4807468028838,anchors 51.6cm > eps5
flow0000010,2,131,132,3.446693027973524,8.622396586610245,2.4683647677569778,767.1928549706936,297.84569642692804,100.15689506383097,53.081994864994286,anchors 9.1cm > eps5
flow0000010,2,157,160,41.56788319866357,0.0973409352477659,2.4744988625903757,226.76334324479103,536.7010229676962,129.3372466202206,331.18996055911884,anchors 42.3cm > eps5
flow0000010,3,21,22,3.0436771577731436,0.6501530692010037,1.9924157754990057,166.29007378220558,414.7637588530779,122.32186066294409,256.4946102441626,doca 1.86 >= 0.75 (bnd)
flow0000010,3,83,110,52.42306711070624,0.9485380650324132,2.7530557962148303,211.78534688800573,85.91672784090042,129.43054886557266,50.87634583979964,anchors 52.9cm > eps5
flow0000010,3,88,92,6.588733183887907,13.903014778527185,2.1035928318282524,296.5099271312356,93.1977741420269,215.94411444208342,52.01840267523755,anchors 7.0cm > eps5
flow0000010,3,120,123,2.6798336929333098,12.764165122131256,2.449616408922356,424.70806311815977,97.27434455603361,301.4094590496653,26.03471473891038,doca 1.56 >= 0.75 (bnd)
flow0000010,3,118,159,73.35932161202948,0.7700982040308382,3.2438202655920376,513.5343746617436,225.59906292706728,301.7551564852402,131.54931257083848,anchors 73.9cm > eps5
flow0000010,3,17,46,49.312822938529266,0.45964647561003563,1.5222362904362274,423.7251423224807,510.87286672741175,196.79376037071188,254.03403897421282,anchors 49.8cm > eps5
flow0000010,3,139,144,55.753377138789844,12.15480016569352,4.608751237026454,627.8100386783481,46.946165047585964,397.81009404168583,28.329255037834855,anchors 55.4cm > eps5
flow0000010,3,79,80,7.29714745041563,12.721414437882425,6.153413043942772,97.53595633804798,654.9675868824124,27.363815998310905,399.93426509787093,anchors 8.7cm > eps5
flow0000010,3,42,67,51.808739729896914,1.3262792403302728,3.260378597287073,542.4272008165717,200.17885452508926,335.91265385877074,132.45761780752085,anchors 52.4cm > eps5
flow0000010,3,73,89,62.44603361135236,10.506155361151272,5.680930897169049,1162.321662299335,109.16999494284391,497.59268132115903,33.804350477960035,anchors 62.8cm > eps5
flow0000010,3,86,89,5.481604480634187,9.360728471636525,2.3793299782486987,401.5401388928294,109.16999494284391,65.49609283071511,33.804350477960035,anchors 5.4cm > eps5
flow0000010,3,75,77,3.5477408731745674,0.7500816259060858,3.304688206933331,215.91971677541733,45.82408136874437,147.90242104164727,34.13740268362746,doca 3.25 >= 0.75 (bnd)
flow0000010,3,82,84,7.556029986248306,2.9899977123301698,6.020137676905491,71.7748402133584,335.202638797462,50.983252230378895,92.68210697194087,anchors 11.6cm > eps5
flow0000010,4,4,11,44.79212224889809,6.9527553791416,2.617037944197453,1605.9384179487824,124.7455777823925,257.47261143734914,48.11602517228981,anchors 46.4cm > eps5
flow0000010,4,148,167,22.44053836893464,13.168367450890115,3.2055554988091552,417.68910985440016,123.92029614001513,319.0032679543609,68.54919025745484,anchors 22.9cm > eps5
flow0000010,4,24,55,73.80061947990089,1.9597338851382429,2.9790520823285345,163.97791252285242,307.0567556321621,96.47294113103725,208.74058076541564,anchors 74.5cm > eps5
flow0000010,4,103,107,12.471311226256844,10.336315231028829,4.4208205913662635,277.8252485617995,230.63355480134487,155.50263937969362,175.83414499750705,anchors 13.6cm > eps5
flow0000010,4,50,80,42.63392583725442,6.331220198574745,6.936890308910537,309.6211309283972,113.20038951933384,224.47402910447911,64.65880319853493,anchors 42.9cm > eps5
flow0000010,4,165,170,20.11867227205022,14.278763616806986,1.2944956239826548,150.89298591017723,252.90804160386324,101.00793542442892,74.11290542757831,anchors 20.4cm > eps5
flow0000010,4,57,84,59.464261635749736,1.4869880279979708,2.0379246979702716,156.71565681695938,63.924710281193256,98.26657208164194,44.23469215784762,anchors 60.0cm > eps5
flow0000010,4,86,94,40.22220841230777,1.5749938633839722,0.6885031694715402,125.38949794322252,567.2582658454776,67.608551443971,409.19297366161663,anchors 40.8cm > eps5
flow0000010,4,95,120,41.43034551700657,0.7193325301410933,1.360997582305921,124.39829992502928,351.9162285551429,67.1588930110216,211.5806173570101,anchors 41.7cm > eps5
flow0000010,4,139,142,16.605288238711086,3.2303629705106953,1.4358037307080145,243.4122842103243,256.16283263266087,56.57700127287599,62.682869758914634,anchors 16.6cm > eps5
flow0000010,5,122,125,5.609946044982314,1.6227761369326403,1.0832805966377204,158.8499548137188,59.92186275869608,36.65232141747109,38.98304857126233,anchors 6.6cm > eps5
flow0000010,5,122,126,2.271673760119618,2.096939504736544,0.3535271020007235,158.8499548137188,356.1466121003032,36.65232141747109,82.61726972208218,doca 2.08 >= 1.5 (int)
flow0000010,5,125,126,4.456911791868473,3.6507701001456137,4.3625481510763775,59.92186275869608,356.1466121003032,38.98304857126233,82.61726972208218,doca 1.66 >= 0.75 (bnd)
flow0000010,5,19,21,62.37995997541285,14.819566865815489,5.747859404142506,133.06399825960398,110.42280495166779,46.421181694928585,24.625855153430635,anchors 64.1cm > eps5
flow0000010,5,37,40,8.732453322644774,1.5924304657875583,6.3748698819585465,63.650678515434265,76.70551248639822,35.55110675499684,38.469217199866414,anchors 7.5cm > eps5
flow0000010,5,51,63,4.953543069744664,0.4951086820995023,0.7048715392531634,314.36057125777006,381.5900698378682,240.8656882238893,259.18340257680353,anchors 7.3cm > eps5
flow0000010,5,141,143,2.069534550879945,3.283115308850166,2.0683099299859626,327.03739404678345,450.0819287151098,195.12320444861462,95.10411092175246,doca 1.88 >= 0.75 (bnd)
flow0000010,5,143,147,5.332185966871864,1.5590647622037266,1.5845007342058075,450.0819287151098,140.03184321522713,95.10411092175246,95.11766442523006,anchors 6.1cm > eps5
flow0000010,5,81,102,50.46093468397426,1.1808910387570524,5.578485861680674,245.22319362312555,398.7257785052061,155.2338307194264,301.39629756548914,anchors 50.5cm > eps5
flow0000010,5,83,101,36.069552429241874,9.618900098475386,6.356258030498546,137.0752863138914,118.51766926795244,95.89359663937586,79.2260873027021,anchors 36.5cm > eps5
flow0000010,5,140,148,54.86488337713964,2.4465927208250893,7.443151276721163,72.97351342439651,198.00443015247583,50.10474385890607,139.4349536563766,anchors 55.0cm > eps5
flow0000010,5,149,152,5.564470313102117,5.083426922251051,0.46659668789498676,105.11269111931324,93.34171638637781,34.17147642589517,42.72578134798417,anchors 5.7cm > eps5
flow0000010,6,38,41,12.605024437244174,9.073626542352345,3.384601886496135,92.14240666478872,110.89491885900497,35.64435043301004,31.60350429900218,anchors 13.3cm > eps5
flow0000010,6,98,122,45.565724084859866,3.678996738590045,1.280143323258989,312.4221223965287,344.2766016200185,203.61250905925732,265.2919305380302,anchors 45.9cm > eps5
flow0000010,6,114,119,51.788683031196435,8.8252488063083,1.2607175764434357,746.9109653457999,65.41063188016415,495.80974538222995,25.60057147915778,anchors 51.6cm > eps5
flow0000010,6,25,28,5.701146500176409,14.677542525138563,4.62812586764659,101.19805626571178,27.68396233022213,46.523744501705735,22.239783419598403,anchors 6.6cm > eps5
flow0000010,6,107,111,74.41457044291671,0.8303128861402309,2.2228239368074507,116.01507346332073,542.218612164259,72.74577536751328,352.31776041236515,anchors 75.2cm > eps5
flow0000010,6,23,33,60.010136414455275,4.328624645837852,3.0594747264427973,278.1693435013294,367.35121362656355,197.30631431517557,241.91093783487707,anchors 60.5cm > eps5
flow0000010,7,8,32,47.45967106798801,9.826146282809713,5.988814485436923,776.7355956286192,79.61525619029999,497.50441366060556,37.35176862656088,anchors 47.8cm > eps5
flow0000010,7,13,29,5.86913086417951,9.221552906402081,2.3860877120114603,523.7793050780892,132.29667627811432,359.4054768481675,71.38233124569516,anchors 8.4cm > eps5
flow0000010,7,75,76,6.871106848369557,11.744074020412107,4.942288393152992,84.59258185327053,82.66655312478542,21.219301592432224,25.598358427133483,anchors 5.9cm > eps5
flow0000010,7,61,65,5.48827398383973,1.0795966858442931,3.064539345287491,160.64191476255655,365.566895917058,108.27616510374925,279.27627987667927,anchors 5.2cm > eps5
flow0000010,7,17,25,8.658189755866374,4.609273817623122,5.332840141180608,317.23353169858456,115.15906146913767,263.7065363861914,91.4855452265628,anchors 6.1cm > eps5
flow0000010,7,66,72,6.828813630452247,5.146949829018991,2.2555471045545854,243.726124830544,81.24910021573305,155.5747814921183,52.4235368773485,anchors 7.1cm > eps5
flow0000010,7,41,48,12.755396419145875,14.649491050997248,1.161391525002366,306.1542481407523,220.49180804938078,196.82181069335746,154.74224108458696,anchors 12.6cm > eps5
flow0000010,7,42,73,50.12078732373697,6.0317805317890665,3.8997273161279895,363.3168391287327,147.97830566763878,258.02550237109074,99.96906891091966,anchors 50.6cm > eps5
flow0000010,7,45,70,47.393407075041026,4.227438649545032,3.316368115835297,251.5432951077819,359.31653770059347,162.99976443235408,245.0980371218467,anchors 48.0cm > eps5
flow0000010,7,89,96,16.086841081683424,13.728873761696724,6.929078717550378,109.41600361466408,238.65565048903227,32.97381603197983,157.67164781134082,anchors 15.6cm > eps5
flow0000010,7,95,96,6.843550191021859,14.720629230078606,5.029644834309769,222.0783590078354,238.65565048903227,124.40915681938463,157.67164781134082,anchors 6.4cm > eps5
flow0000010,7,141,149,30.611839770275363,2.4766089248299283,2.1490772005611656,754.3139705061913,65.93831584602594,346.41854128265675,41.47600358631441,anchors 30.7cm > eps5
flow0000010,7,141,150,18.897879312449863,7.780867434406905,5.151075520780764,754.3139705061913,187.36540923267603,346.41854128265675,60.48883734924853,anchors 22.0cm > eps5
flow0000010,7,149,150,6.634634779469541,9.733939193996253,2.7484809686242713,65.93831584602594,187.36540923267603,41.47600358631441,60.48883734924853,anchors 5.5cm > eps5
flow0000010,7,101,111,61.51563520886331,13.940159409115546,1.6311509004647924,141.35359847545624,100.63390897214413,104.15240079268617,60.811071636948625,anchors 62.4cm > eps5
flow0000010,7,121,133,29.90127880802542,3.225873650211778,4.868113830377918,1198.9920068606734,150.65079729259014,497.09209380072423,44.659090575272444,anchors 30.1cm > eps5
flow0000010,7,121,134,22.90913899318774,3.719968523914395,6.235334411932491,1198.9920068606734,117.79795727878809,497.09209380072423,43.06732151654314,anchors 24.2cm > eps5
flow0000010,7,133,134,7.593727677748667,1.900477588628304,1.0759750709957592,150.65079729259014,117.79795727878809,44.659090575272444,43.06732151654314,anchors 8.5cm > eps5
flow0000010,8,10,14,30.27985759215943,4.466566154500208,0.8580245678775291,1175.3495784178376,719.000721000135,410.1558736317495,95.44060584657815,anchors 30.8cm > eps5
flow0000010,8,10,15,29.950235058776798,12.09436415870952,4.234884512724124,1175.3495784178376,432.3565995171666,410.1558736317495,52.310033719952244,anchors 31.1cm > eps5
flow0000010,8,10,16,45.613590283100116,3.490301429368666,2.862969758339743,1175.3495784178376,257.27329305559397,410.1558736317495,80.0832678394635,anchors 46.8cm > eps5
flow0000010,8,14,15,3.68227036142063,9.92134054565047,3.6573401045226874,719.000721000135,432.3565995171666,95.44060584657815,52.310033719952244,doca 2.17 >= 0.75 (bnd)
flow0000010,8,14,16,3.4278335272898195,1.4808956904220225,3.4270780035940587,719.000721000135,257.27329305559397,95.44060584657815,80.0832678394635,doca 1.56 >= 1.5 (int)
flow0000010,8,15,16,15.941366265186941,9.448156978126395,4.737361084697064,432.3565995171666,257.27329305559397,52.310033719952244,80.0832678394635,anchors 16.4cm > eps5
flow0000010,8,58,67,66.82177027640276,9.525099687772272,7.479000219731238,249.3996001780033,270.03706170618534,133.2915289401629,184.08744955556463,anchors 63.5cm > eps5
flow0000010,8,115,141,74.95967266767639,0.5496928463691937,1.1198431501741746,388.0469509214163,219.58897987753153,251.1552413785152,126.73883072688145,anchors 75.5cm > eps5
flow0000010,8,28,29,7.2659334722952,9.187952534427936,4.425072986568845,155.39644726365805,111.99741566181183,95.58197877698707,35.20547803808462,anchors 7.1cm > eps5
flow0000010,8,53,59,12.744188957871097,13.748373923506348,2.3756508594297108,140.04617246985435,94.09343572705984,92.19449274255594,61.20326170319308,anchors 14.0cm > eps5
flow0000010,8,44,78,8.835652770196846,13.231466185529243,2.4676483084627967,141.56393801420927,86.47386780381203,80.23744191137305,54.62337711142377,anchors 9.0cm > eps5
flow0000010,8,98,116,51.988545574924174,11.90808138427152,3.734997502730569,149.38970740139484,222.8603313267231,95.97480146657969,136.60388176340902,anchors 52.1cm > eps5
flow0000010,9,69,82,45.39386975118592,3.2329775330598745,1.3373301949639913,38.613094717264175,146.90972135961056,28.103056651484934,104.21070792537847,anchors 46.2cm > eps5
flow0000010,9,85,91,22.647708869050852,12.396300591184017,4.084885360912641,133.76858446747065,145.76486757397652,87.85185946624797,95.24669645337742,anchors 23.6cm > eps5
flow0000010,9,106,109,30.736395266826793,3.7566041457778345,0.6364460869636351,609.978184722364,187.17990991473198,373.40517191055494,138.57943676804382,anchors 31.1cm > eps5
flow0000010,9,111,115,8.126647566226687,8.687593313766477,4.59372599190632,411.679336450994,330.3356526568532,127.99712518704663,64.48970003633724,anchors 7.1cm > eps5
flow0000010,9,111,138,15.110124518661623,2.7838938517689895,4.409582838507664,411.679336450994,167.26534481346607,127.99712518704663,44.671236913341424,anchors 15.0cm > eps5
flow0000010,9,58,71,45.988987253024,0.3091157993121019,0.9491610419716872,102.58127491176128,281.4129889458418,65.9077126111201,176.18207600627144,anchors 46.6cm > eps5
flow0000010,9,100,102,9.8793212091019,0.921347041742757,0.45766648828915135,83.56364790350199,340.4410993605852,42.588102780601744,202.1627529139492,anchors 10.5cm > eps5
flow0000010,9,139,140,13.13521659543958,8.628253410357473,1.7674074093511212,99.63220161944628,59.70005727559328,39.46087819304366,38.90132637484843,anchors 13.4cm > eps5
flow0000010,9,65,93,41.59545043315961,5.2514155307891395,0.9333476778219809,422.9875960573554,232.29080528765917,274.15636411125934,167.56587550396353,anchors 42.2cm > eps5
flow0000010,9,78,95,17.31046910734949,14.642431083431871,4.9794776345506975,90.4271962493658,93.3058899268508,47.79679125263134,61.9037772622432,anchors 17.5cm > eps5
